Date,Revenue,COGS,web_sessions,web_visitors,web_pageviews,inv_avg_stock,inv_units_sold,inv_stockout_count,order_count,is_promo_active,active_promo_count
2012-07-04,5123547.94,3982991.19,0.0,0.0,0.0,0.0,0.0,0.0,162,0,0
2012-07-05,2751773.45,2150580.23,0.0,0.0,0.0,0.0,0.0,0.0,97,0,0
2012-07-06,3054029.42,2517632.84,0.0,0.0,0.0,0.0,0.0,0.0,93,0,0
2012-07-07,2667930.94,2108246.62,0.0,0.0,0.0,0.0,0.0,0.0,73,0,0
2012-07-08,2360851.9,1808622.79,0.0,0.0,0.0,0.0,0.0,0.0,88,0,0
2012-07-09,3548386.46,2787841.68,0.0,0.0,0.0,0.0,0.0,0.0,137,0,0
2012-07-10,5234938.62,4044438.84,0.0,0.0,0.0,0.0,0.0,0.0,183,0,0
2012-07-11,5582884.78,4338313.07,0.0,0.0,0.0,0.0,0.0,0.0,221,0,0
2012-07-12,5734632.02,4458811.27,0.0,0.0,0.0,0.0,0.0,0.0,246,0,0
2012-07-13,5309511.71,4143402.78,0.0,0.0,0.0,0.0,0.0,0.0,201,0,0
2012-07-14,3820831.41,3075464.87,0.0,0.0,0.0,0.0,0.0,0.0,157,0,0
2012-07-15,3948841.28,3154482.05,0.0,0.0,0.0,0.0,0.0,0.0,149,0,0
2012-07-16,3503801.49,2708219.59,0.0,0.0,0.0,0.0,0.0,0.0,140,0,0
2012-07-17,4476729.49,3463061.65,0.0,0.0,0.0,0.0,0.0,0.0,185,0,0
2012-07-18,5184141.46,4072012.16,0.0,0.0,0.0,0.0,0.0,0.0,225,0,0
2012-07-19,6421487.11,5007270.91,0.0,0.0,0.0,0.0,0.0,0.0,263,0,0
2012-07-20,5171470.46,4213989.64,0.0,0.0,0.0,0.0,0.0,0.0,231,0,0
2012-07-21,3442157.02,2746075.45,0.0,0.0,0.0,0.0,0.0,0.0,171,0,0
2012-07-22,3117550.57,2531656.38,0.0,0.0,0.0,0.0,0.0,0.0,140,0,0
2012-07-23,4730517.69,3685006.66,0.0,0.0,0.0,0.0,0.0,0.0,206,0,0
2012-07-24,4096496.12,3248450.65,0.0,0.0,0.0,0.0,0.0,0.0,186,0,0
2012-07-25,5246688.08,4140019.37,0.0,0.0,0.0,0.0,0.0,0.0,224,0,0
2012-07-26,5851965.06,4579171.74,0.0,0.0,0.0,0.0,0.0,0.0,273,0,0
2012-07-27,5156699.45,3989402.2,0.0,0.0,0.0,0.0,0.0,0.0,212,0,0
2012-07-28,4326956.84,3403662.59,0.0,0.0,0.0,0.0,0.0,0.0,176,0,0
2012-07-29,4804199.65,3819645.91,0.0,0.0,0.0,0.0,0.0,0.0,206,0,0
2012-07-30,6586130.95,5195109.56,0.0,0.0,0.0,0.0,0.0,0.0,268,0,0
2012-07-31,9151622.14,7142891.18,0.0,0.0,0.0,59.99493670886076,7451.0,264.0,381,0,0
2012-08-01,9148357.3,7308514.33,0.0,0.0,0.0,0.0,0.0,0.0,360,0,0
2012-08-02,9692427.0,7537501.15,0.0,0.0,0.0,0.0,0.0,0.0,413,0,0
2012-08-03,9297269.95,7118808.46,0.0,0.0,0.0,0.0,0.0,0.0,353,0,0
2012-08-04,6384195.03,5087528.11,0.0,0.0,0.0,0.0,0.0,0.0,245,0,0
2012-08-05,2359224.19,1863413.11,0.0,0.0,0.0,0.0,0.0,0.0,76,0,0
2012-08-06,3630003.7,2922718.71,0.0,0.0,0.0,0.0,0.0,0.0,114,0,0
2012-08-07,2240253.44,1781265.84,0.0,0.0,0.0,0.0,0.0,0.0,93,0,0
2012-08-08,2617553.36,1997006.42,0.0,0.0,0.0,0.0,0.0,0.0,129,0,0
2012-08-09,4478691.52,3621672.71,0.0,0.0,0.0,0.0,0.0,0.0,156,0,0
2012-08-10,3412496.65,2699279.56,0.0,0.0,0.0,0.0,0.0,0.0,158,0,0
2012-08-11,2732604.35,2168668.05,0.0,0.0,0.0,0.0,0.0,0.0,110,0,0
2012-08-12,3388181.83,2654275.25,0.0,0.0,0.0,0.0,0.0,0.0,138,0,0
2012-08-13,3928170.01,3189564.96,0.0,0.0,0.0,0.0,0.0,0.0,153,0,0
2012-08-14,4033912.16,3258198.58,0.0,0.0,0.0,0.0,0.0,0.0,151,0,0
2012-08-15,3780293.26,2886923.59,0.0,0.0,0.0,0.0,0.0,0.0,162,0,0
2012-08-16,5249978.18,4222455.97,0.0,0.0,0.0,0.0,0.0,0.0,212,0,0
2012-08-17,4089284.05,3238908.92,0.0,0.0,0.0,0.0,0.0,0.0,158,0,0
2012-08-18,3450015.71,2808916.94,0.0,0.0,0.0,0.0,0.0,0.0,135,0,0
2012-08-19,3904300.93,3006801.4,0.0,0.0,0.0,0.0,0.0,0.0,158,0,0
2012-08-20,3541027.32,2827038.81,0.0,0.0,0.0,0.0,0.0,0.0,158,0,0
2012-08-21,4147483.23,3364364.64,0.0,0.0,0.0,0.0,0.0,0.0,172,0,0
2012-08-22,4597682.81,3562468.33,0.0,0.0,0.0,0.0,0.0,0.0,185,0,0
2012-08-23,5478869.55,4195738.04,0.0,0.0,0.0,0.0,0.0,0.0,231,0,0
2012-08-24,4637850.57,3632210.67,0.0,0.0,0.0,0.0,0.0,0.0,196,0,0
2012-08-25,3589566.28,2784342.75,0.0,0.0,0.0,0.0,0.0,0.0,141,0,0
2012-08-26,4280204.53,3476942.48,0.0,0.0,0.0,0.0,0.0,0.0,164,0,0
2012-08-27,3038895.84,2365260.68,0.0,0.0,0.0,0.0,0.0,0.0,137,0,0
2012-08-28,9508676.62,7439851.59,0.0,0.0,0.0,0.0,0.0,0.0,391,0,0
2012-08-29,9260558.32,7336294.54,0.0,0.0,0.0,0.0,0.0,0.0,382,0,0
2012-08-30,10086534.1,7950911.72,0.0,0.0,0.0,0.0,0.0,0.0,403,0,0
2012-08-31,9104678.52,7277460.12,0.0,0.0,0.0,62.054373522458626,9983.0,300.0,393,0,0
2012-09-01,8560208.92,6738335.17,0.0,0.0,0.0,0.0,0.0,0.0,341,0,0
2012-09-02,2587099.44,1946097.28,0.0,0.0,0.0,0.0,0.0,0.0,106,0,0
2012-09-03,3865505.01,3063431.08,0.0,0.0,0.0,0.0,0.0,0.0,147,0,0
2012-09-04,3645749.44,2876968.79,0.0,0.0,0.0,0.0,0.0,0.0,147,0,0
2012-09-05,2398185.51,1966376.48,0.0,0.0,0.0,0.0,0.0,0.0,87,0,0
2012-09-06,2858227.37,2147909.96,0.0,0.0,0.0,0.0,0.0,0.0,119,0,0
2012-09-07,3282753.8,2580035.06,0.0,0.0,0.0,0.0,0.0,0.0,139,0,0
2012-09-08,3666204.89,2804001.32,0.0,0.0,0.0,0.0,0.0,0.0,130,0,0
2012-09-09,4458501.42,3589475.8,0.0,0.0,0.0,0.0,0.0,0.0,170,0,0
2012-09-10,4548962.79,3517300.88,0.0,0.0,0.0,0.0,0.0,0.0,186,0,0
2012-09-11,4021565.55,3264364.41,0.0,0.0,0.0,0.0,0.0,0.0,129,0,0
2012-09-12,3335978.29,2673690.65,0.0,0.0,0.0,0.0,0.0,0.0,108,0,0
2012-09-13,2609609.29,2103806.97,0.0,0.0,0.0,0.0,0.0,0.0,116,0,0
2012-09-14,3729228.43,2835412.27,0.0,0.0,0.0,0.0,0.0,0.0,136,0,0
2012-09-15,3605125.64,2849539.9,0.0,0.0,0.0,0.0,0.0,0.0,131,0,0
2012-09-16,4452012.44,3561492.95,0.0,0.0,0.0,0.0,0.0,0.0,174,0,0
2012-09-17,4811788.67,3932069.23,0.0,0.0,0.0,0.0,0.0,0.0,206,0,0
2012-09-18,5078878.07,4123200.89,0.0,0.0,0.0,0.0,0.0,0.0,181,0,0
2012-09-19,3680241.62,3014323.76,0.0,0.0,0.0,0.0,0.0,0.0,147,0,0
2012-09-20,3763143.75,3080273.62,0.0,0.0,0.0,0.0,0.0,0.0,159,0,0
2012-09-21,3943768.14,2978697.93,0.0,0.0,0.0,0.0,0.0,0.0,148,0,0
2012-09-22,3872374.03,3011266.74,0.0,0.0,0.0,0.0,0.0,0.0,161,0,0
2012-09-23,4118299.54,3294951.2,0.0,0.0,0.0,0.0,0.0,0.0,178,0,0
2012-09-24,5733263.53,4585762.62,0.0,0.0,0.0,0.0,0.0,0.0,244,0,0
2012-09-25,5639897.53,4502395.62,0.0,0.0,0.0,0.0,0.0,0.0,244,0,0
2012-09-26,4592282.59,3670417.04,0.0,0.0,0.0,0.0,0.0,0.0,200,0,0
2012-09-27,7556892.66,6017108.13,0.0,0.0,0.0,0.0,0.0,0.0,349,0,0
2012-09-28,4892631.14,3884590.92,0.0,0.0,0.0,0.0,0.0,0.0,216,0,0
2012-09-29,5304374.46,4170120.63,0.0,0.0,0.0,0.0,0.0,0.0,224,0,0
2012-09-30,4694379.86,3812737.52,0.0,0.0,0.0,64.90330188679245,7303.0,274.0,196,0,0
2012-10-01,4752532.1,3764447.04,0.0,0.0,0.0,0.0,0.0,0.0,205,0,0
2012-10-02,3233135.78,2566510.62,0.0,0.0,0.0,0.0,0.0,0.0,104,0,0
2012-10-03,3515132.03,2762823.63,0.0,0.0,0.0,0.0,0.0,0.0,108,0,0
2012-10-04,2398137.74,1902425.74,0.0,0.0,0.0,0.0,0.0,0.0,77,0,0
2012-10-05,2665953.06,2064899.19,0.0,0.0,0.0,0.0,0.0,0.0,101,0,0
2012-10-06,2205266.94,1755004.4,0.0,0.0,0.0,0.0,0.0,0.0,80,0,0
2012-10-07,3389598.07,2725469.75,0.0,0.0,0.0,0.0,0.0,0.0,110,0,0
2012-10-08,4037039.45,3285493.04,0.0,0.0,0.0,0.0,0.0,0.0,142,0,0
2012-10-09,4298675.76,3472700.63,0.0,0.0,0.0,0.0,0.0,0.0,167,0,0
2012-10-10,3548716.67,2839202.59,0.0,0.0,0.0,0.0,0.0,0.0,131,0,0
2012-10-11,3421490.39,2765374.16,0.0,0.0,0.0,0.0,0.0,0.0,109,0,0
2012-10-12,2380119.87,1830898.15,0.0,0.0,0.0,0.0,0.0,0.0,94,0,0
2012-10-13,2798011.44,2256579.15,0.0,0.0,0.0,0.0,0.0,0.0,125,0,0
2012-10-14,3055629.78,2516987.32,0.0,0.0,0.0,0.0,0.0,0.0,116,0,0
2012-10-15,3234517.3,2632811.8,0.0,0.0,0.0,0.0,0.0,0.0,140,0,0
2012-10-16,3549298.21,2763325.25,0.0,0.0,0.0,0.0,0.0,0.0,152,0,0
2012-10-17,3818048.0,3108682.75,0.0,0.0,0.0,0.0,0.0,0.0,134,0,0
2012-10-18,2909728.89,2301277.14,0.0,0.0,0.0,0.0,0.0,0.0,109,0,0
2012-10-19,2877379.81,2352068.71,0.0,0.0,0.0,0.0,0.0,0.0,99,0,0
2012-10-20,3242557.3,2647331.71,0.0,0.0,0.0,0.0,0.0,0.0,106,0,0
2012-10-21,2395609.91,1920246.47,0.0,0.0,0.0,0.0,0.0,0.0,114,0,0
2012-10-22,3596158.34,2873316.18,0.0,0.0,0.0,0.0,0.0,0.0,142,0,0
2012-10-23,3999141.88,3151858.27,0.0,0.0,0.0,0.0,0.0,0.0,170,0,0
2012-10-24,3829179.99,3037851.31,0.0,0.0,0.0,0.0,0.0,0.0,153,0,0
2012-10-25,3104460.52,2528526.7,0.0,0.0,0.0,0.0,0.0,0.0,125,0,0
2012-10-26,2138927.17,1671777.12,0.0,0.0,0.0,0.0,0.0,0.0,91,0,0
2012-10-27,2816872.34,2296869.06,0.0,0.0,0.0,0.0,0.0,0.0,122,0,0
2012-10-28,6259883.83,5044146.85,0.0,0.0,0.0,0.0,0.0,0.0,259,0,0
2012-10-29,5424539.1,4294440.71,0.0,0.0,0.0,0.0,0.0,0.0,236,0,0
2012-10-30,6347274.89,5049887.71,0.0,0.0,0.0,0.0,0.0,0.0,250,0,0
2012-10-31,4942677.89,3871571.88,0.0,0.0,0.0,66.80549199084668,6622.0,282.0,214,0,0
2012-11-01,5536748.35,4440955.34,0.0,0.0,0.0,0.0,0.0,0.0,201,0,0
2012-11-02,1936831.08,1547786.14,0.0,0.0,0.0,0.0,0.0,0.0,67,0,0
2012-11-03,2911848.61,2151815.97,0.0,0.0,0.0,0.0,0.0,0.0,84,0,0
2012-11-04,2658832.75,2131401.7,0.0,0.0,0.0,0.0,0.0,0.0,85,0,0
2012-11-05,3332448.46,2732792.99,0.0,0.0,0.0,0.0,0.0,0.0,129,0,0
2012-11-06,3439495.01,2809375.18,0.0,0.0,0.0,0.0,0.0,0.0,109,0,0
2012-11-07,1969815.91,1538155.1,0.0,0.0,0.0,0.0,0.0,0.0,69,0,0
2012-11-08,2197716.17,1723412.77,0.0,0.0,0.0,0.0,0.0,0.0,88,0,0
2012-11-09,2920310.06,2308918.6,0.0,0.0,0.0,0.0,0.0,0.0,107,0,0
2012-11-10,3124993.27,2475389.25,0.0,0.0,0.0,0.0,0.0,0.0,122,0,0
2012-11-11,3484874.3,2713727.18,0.0,0.0,0.0,0.0,0.0,0.0,141,0,0
2012-11-12,3806978.06,3077336.49,0.0,0.0,0.0,0.0,0.0,0.0,172,0,0
2012-11-13,3848498.06,3048755.92,0.0,0.0,0.0,0.0,0.0,0.0,149,0,0
2012-11-14,3213518.64,2550177.92,0.0,0.0,0.0,0.0,0.0,0.0,133,0,0
2012-11-15,2996358.37,2282178.26,0.0,0.0,0.0,0.0,0.0,0.0,138,0,0
2012-11-16,2851503.98,2255928.16,0.0,0.0,0.0,0.0,0.0,0.0,117,0,0
2012-11-17,3258479.4,2499839.57,0.0,0.0,0.0,0.0,0.0,0.0,126,0,0
2012-11-18,3292697.97,2632996.71,0.0,0.0,0.0,0.0,0.0,0.0,131,0,0
2012-11-19,4654711.93,3714724.53,0.0,0.0,0.0,0.0,0.0,0.0,168,0,0
2012-11-20,3532139.01,2841184.71,0.0,0.0,0.0,0.0,0.0,0.0,143,0,0
2012-11-21,3144567.59,2465022.82,0.0,0.0,0.0,0.0,0.0,0.0,139,0,0
2012-11-22,2661394.83,2082526.75,0.0,0.0,0.0,0.0,0.0,0.0,108,0,0
2012-11-23,3625609.77,2879673.14,0.0,0.0,0.0,0.0,0.0,0.0,142,0,0
2012-11-24,2283866.51,1759438.38,0.0,0.0,0.0,0.0,0.0,0.0,133,0,0
2012-11-25,2891169.43,2288045.69,0.0,0.0,0.0,0.0,0.0,0.0,124,0,0
2012-11-26,3626699.25,2942841.67,0.0,0.0,0.0,0.0,0.0,0.0,180,0,0
2012-11-27,4703189.22,3751057.26,0.0,0.0,0.0,0.0,0.0,0.0,257,0,0
2012-11-28,3980270.66,3143037.5,0.0,0.0,0.0,0.0,0.0,0.0,218,0,0
2012-11-29,3116036.61,2564940.27,0.0,0.0,0.0,0.0,0.0,0.0,176,0,0
2012-11-30,3184691.98,2466641.44,0.0,0.0,0.0,73.31873479318735,6251.0,295.0,186,0,0
2012-12-01,3064822.76,2435991.34,0.0,0.0,0.0,0.0,0.0,0.0,180,0,0
2012-12-02,1765509.34,1464812.23,0.0,0.0,0.0,0.0,0.0,0.0,60,0,0
2012-12-03,2315389.05,1807129.65,0.0,0.0,0.0,0.0,0.0,0.0,83,0,0
2012-12-04,2382954.42,1864688.02,0.0,0.0,0.0,0.0,0.0,0.0,105,0,0
2012-12-05,2286277.45,1849992.69,0.0,0.0,0.0,0.0,0.0,0.0,92,0,0
2012-12-06,2733678.5,2184618.1,0.0,0.0,0.0,0.0,0.0,0.0,82,0,0
2012-12-07,2065198.04,1633326.72,0.0,0.0,0.0,0.0,0.0,0.0,99,0,0
2012-12-08,2087384.34,1719369.91,0.0,0.0,0.0,0.0,0.0,0.0,111,0,0
2012-12-09,2430122.78,1883727.02,0.0,0.0,0.0,0.0,0.0,0.0,127,0,0
2012-12-10,2542389.69,2015472.58,0.0,0.0,0.0,0.0,0.0,0.0,149,0,0
2012-12-11,3699430.17,3001083.16,0.0,0.0,0.0,0.0,0.0,0.0,192,0,0
2012-12-12,4386420.92,3545221.89,0.0,0.0,0.0,0.0,0.0,0.0,198,0,0
2012-12-13,2326824.81,1839144.84,0.0,0.0,0.0,0.0,0.0,0.0,138,0,0
2012-12-14,2659317.57,2101555.8,0.0,0.0,0.0,0.0,0.0,0.0,149,0,0
2012-12-15,3385542.75,2693057.28,0.0,0.0,0.0,0.0,0.0,0.0,196,0,0
2012-12-16,3484853.43,2706611.68,0.0,0.0,0.0,0.0,0.0,0.0,204,0,0
2012-12-17,4281691.85,3433745.61,0.0,0.0,0.0,0.0,0.0,0.0,254,0,0
2012-12-18,4394537.67,3473710.24,0.0,0.0,0.0,0.0,0.0,0.0,267,0,0
2012-12-19,3785472.73,3004383.53,0.0,0.0,0.0,0.0,0.0,0.0,263,0,0
2012-12-20,3905985.95,3132486.67,0.0,0.0,0.0,0.0,0.0,0.0,227,0,0
2012-12-21,3966203.09,3174444.37,0.0,0.0,0.0,0.0,0.0,0.0,252,0,0
2012-12-22,3225123.87,2559516.54,0.0,0.0,0.0,0.0,0.0,0.0,218,0,0
2012-12-23,2151580.15,1770780.57,0.0,0.0,0.0,0.0,0.0,0.0,166,0,0
2012-12-24,3297376.6,2599138.83,0.0,0.0,0.0,0.0,0.0,0.0,258,0,0
2012-12-25,4917024.98,3856446.89,0.0,0.0,0.0,0.0,0.0,0.0,341,0,0
2012-12-26,3285221.25,2658633.45,0.0,0.0,0.0,0.0,0.0,0.0,262,0,0
2012-12-27,4994041.71,3924374.73,0.0,0.0,0.0,0.0,0.0,0.0,302,0,0
2012-12-28,8573663.31,6682336.48,0.0,0.0,0.0,0.0,0.0,0.0,558,0,0
2012-12-29,7842913.37,6260959.87,0.0,0.0,0.0,0.0,0.0,0.0,459,0,0
2012-12-30,6511908.92,5180121.12,0.0,0.0,0.0,0.0,0.0,0.0,351,0,0
2012-12-31,5573749.22,4432224.44,0.0,0.0,0.0,73.10244988864143,10814.0,316.0,341,0,0
2013-01-01,5304546.99,4156070.2,9760.0,7253.0,39093.0,0.0,0.0,0.0,288,0,0
2013-01-02,1606940.44,1237497.84,10456.0,8151.0,47611.0,0.0,0.0,0.0,47,0,0
2013-01-03,2281680.01,1832133.02,10076.0,7458.0,36963.0,0.0,0.0,0.0,81,0,0
2013-01-04,2376895.46,1940747.07,9973.0,8063.0,53078.0,0.0,0.0,0.0,83,0,0
2013-01-05,2509462.77,1977027.71,10223.0,7882.0,36790.0,0.0,0.0,0.0,78,0,0
2013-01-06,2603356.52,2060481.76,9545.0,6992.0,47160.0,0.0,0.0,0.0,93,0,0
2013-01-07,3048100.39,2452517.39,10203.0,7354.0,32749.0,0.0,0.0,0.0,113,0,0
2013-01-08,2449700.42,1973182.14,9456.0,7459.0,31482.0,0.0,0.0,0.0,90,0,0
2013-01-09,2049715.7,1654806.5,9162.0,7108.0,46717.0,0.0,0.0,0.0,75,0,0
2013-01-10,2794331.46,2122153.07,9887.0,7878.0,38472.0,0.0,0.0,0.0,79,0,0
2013-01-11,2343077.25,1805692.13,9412.0,7368.0,46916.0,0.0,0.0,0.0,79,0,0
2013-01-12,2814596.53,2241879.07,8730.0,6136.0,33336.0,0.0,0.0,0.0,92,0,0
2013-01-13,2919719.62,2279740.92,8818.0,6863.0,35427.0,0.0,0.0,0.0,112,0,0
2013-01-14,3077677.28,2477490.97,8230.0,6203.0,35402.0,0.0,0.0,0.0,120,0,0
2013-01-15,2536405.93,2094291.34,8102.0,6179.0,39490.0,0.0,0.0,0.0,117,0,0
2013-01-16,1849789.43,1445623.48,9373.0,7503.0,37034.0,0.0,0.0,0.0,76,0,0
2013-01-17,2173214.95,1763012.0,9819.0,7503.0,48840.0,0.0,0.0,0.0,83,0,0
2013-01-18,2099249.56,1615535.57,10041.0,7821.0,35761.0,0.0,0.0,0.0,96,0,0
2013-01-19,2477132.79,2033637.15,8746.0,6138.0,33440.0,0.0,0.0,0.0,94,0,0
2013-01-20,2522776.58,2018671.04,10270.0,8030.0,35184.0,0.0,0.0,0.0,116,0,0
2013-01-21,4100379.42,3250868.59,10339.0,8283.0,40661.0,0.0,0.0,0.0,148,0,0
2013-01-22,3538734.12,2801650.02,10100.0,7469.0,39597.0,0.0,0.0,0.0,128,0,0
2013-01-23,2836455.88,2322088.98,9307.0,7261.0,39117.0,0.0,0.0,0.0,114,0,0
2013-01-24,2522924.71,2102458.71,9698.0,7034.0,36976.0,0.0,0.0,0.0,108,0,0
2013-01-25,2823082.71,2273250.41,10600.0,7868.0,42453.0,0.0,0.0,0.0,123,0,0
2013-01-26,2312290.79,1869897.73,10226.0,8004.0,42655.0,0.0,0.0,0.0,107,0,0
2013-01-27,3818881.29,3023842.24,8604.0,6327.0,44601.0,0.0,0.0,0.0,152,0,0
2013-01-28,5008712.77,4035190.91,9701.0,7636.0,51697.0,0.0,0.0,0.0,207,0,0
2013-01-29,4833870.43,4015854.7,8638.0,6928.0,42663.0,0.0,0.0,0.0,214,0,0
2013-01-30,4296295.37,3414688.28,8596.0,6245.0,30451.0,0.0,0.0,0.0,185,0,0
2013-01-31,3378679.46,2731823.14,8915.0,6530.0,47230.0,79.30260047281324,5339.0,270.0,167,1,1
2013-02-01,4073777.92,3289266.58,15758.0,11220.0,63433.0,0.0,0.0,0.0,163,1,1
2013-02-02,2351969.75,1915236.16,15027.0,12295.0,56597.0,0.0,0.0,0.0,80,1,1
2013-02-03,2743224.75,2293960.05,14372.0,10507.0,72606.0,0.0,0.0,0.0,102,1,1
2013-02-04,3599084.22,2986552.92,15623.0,12726.0,62972.0,0.0,0.0,0.0,151,1,1
2013-02-05,3829186.14,3181079.49,14177.0,11064.0,62917.0,0.0,0.0,0.0,133,1,1
2013-02-06,2313071.08,1919077.04,14103.0,10525.0,66736.0,0.0,0.0,0.0,87,1,1
2013-02-07,2839296.13,2338660.54,14761.0,10967.0,66344.0,0.0,0.0,0.0,101,1,1
2013-02-08,2648161.4,2136088.4,14467.0,10993.0,59452.0,0.0,0.0,0.0,100,1,1
2013-02-09,2957587.36,2354253.06,14578.0,10995.0,47223.0,0.0,0.0,0.0,122,1,1
2013-02-10,3380985.73,2832001.18,16602.0,12760.0,61322.0,0.0,0.0,0.0,139,1,1
2013-02-11,4189315.44,3426089.62,15063.0,11080.0,60064.0,0.0,0.0,0.0,187,1,1
2013-02-12,3967295.55,3276616.25,15368.0,11408.0,65858.0,0.0,0.0,0.0,163,1,1
2013-02-13,3156812.35,2628245.52,13346.0,9812.0,50414.0,0.0,0.0,0.0,118,1,1
2013-02-14,3286622.13,2725794.93,17180.0,13040.0,85934.0,0.0,0.0,0.0,142,1,1
2013-02-15,2860640.37,2293142.09,13633.0,10416.0,74873.0,0.0,0.0,0.0,111,1,1
2013-02-16,3339909.75,2755975.45,15360.0,12159.0,73050.0,0.0,0.0,0.0,140,1,1
2013-02-17,3433567.61,2907659.44,14662.0,10421.0,77351.0,0.0,0.0,0.0,150,1,1
2013-02-18,4473211.04,3823113.82,13304.0,9946.0,43820.0,0.0,0.0,0.0,183,1,1
2013-02-19,4318301.23,3421155.04,16231.0,11522.0,82447.0,0.0,0.0,0.0,174,1,1
2013-02-20,3392471.04,2787089.48,14347.0,11037.0,75545.0,0.0,0.0,0.0,148,1,1
2013-02-21,3412803.18,2676550.95,14194.0,11525.0,54818.0,0.0,0.0,0.0,141,1,1
2013-02-22,3535377.38,2908690.59,15750.0,12758.0,61771.0,0.0,0.0,0.0,154,1,1
2013-02-23,4286140.45,3439856.85,14540.0,11603.0,61974.0,0.0,0.0,0.0,179,1,1
2013-02-24,5419232.89,4431878.1,13758.0,9915.0,63623.0,0.0,0.0,0.0,243,1,1
2013-02-25,9128225.25,7430696.94,13676.0,10852.0,72244.0,0.0,0.0,0.0,411,1,1
2013-02-26,6762535.71,5653323.87,15824.0,11642.0,60025.0,0.0,0.0,0.0,329,1,1
2013-02-27,5716765.68,4880975.48,15908.0,11989.0,72791.0,0.0,0.0,0.0,299,1,1
2013-02-28,4367566.41,3573846.75,15284.0,11512.0,56308.0,79.13318284424379,7007.0,315.0,211,1,1
2013-03-01,2693901.21,2256905.73,20573.0,15216.0,82066.0,0.0,0.0,0.0,142,1,1
2013-03-02,279813.94,236576.31,18275.0,14004.0,64834.0,0.0,0.0,0.0,9,0,0
2013-03-03,1959484.08,1505793.8,19075.0,15498.0,69465.0,0.0,0.0,0.0,48,0,0
2013-03-04,1412869.43,1130489.5,21760.0,16400.0,112923.0,0.0,0.0,0.0,56,0,0
2013-03-05,2440470.72,1954056.55,21169.0,15161.0,90533.0,0.0,0.0,0.0,83,0,0
2013-03-06,3247761.18,2622451.1,19422.0,13780.0,66932.0,0.0,0.0,0.0,110,0,0
2013-03-07,4017685.67,3191424.08,20205.0,14897.0,74215.0,0.0,0.0,0.0,161,0,0
2013-03-08,3622255.55,2838056.23,21327.0,17243.0,72483.0,0.0,0.0,0.0,139,0,0
2013-03-09,3263371.09,2560913.71,20046.0,15758.0,91235.0,0.0,0.0,0.0,118,0,0
2013-03-10,3510986.19,2877727.07,19505.0,15320.0,104073.0,0.0,0.0,0.0,129,0,0
2013-03-11,3242639.13,2568418.97,21480.0,15406.0,115544.0,0.0,0.0,0.0,134,0,0
2013-03-12,3660190.99,2853606.73,16857.0,13571.0,82314.0,0.0,0.0,0.0,149,0,0
2013-03-13,4335373.37,3463021.54,23166.0,18652.0,76524.0,0.0,0.0,0.0,181,0,0
2013-03-14,6692797.3,5359353.2,18997.0,14391.0,77150.0,0.0,0.0,0.0,245,0,0
2013-03-15,5330057.69,4206775.58,20137.0,15797.0,106673.0,0.0,0.0,0.0,207,0,0
2013-03-16,3591734.21,2762570.88,20761.0,16647.0,90756.0,0.0,0.0,0.0,138,0,0
2013-03-17,4401297.64,3565497.63,17101.0,12496.0,79841.0,0.0,0.0,0.0,172,0,0
2013-03-18,4567013.37,3743618.37,22860.0,18012.0,120159.0,0.0,0.0,0.0,203,1,1
2013-03-19,4645433.62,3929520.42,17631.0,14247.0,85400.0,0.0,0.0,0.0,218,1,1
2013-03-20,4992105.19,4308112.41,21762.0,16804.0,116234.0,0.0,0.0,0.0,246,1,1
2013-03-21,7355693.45,6496769.78,22061.0,17031.0,119803.0,0.0,0.0,0.0,322,1,1
2013-03-22,6603332.26,6021167.98,20729.0,16912.0,71130.0,0.0,0.0,0.0,306,1,1
2013-03-23,6009508.61,5393148.03,21609.0,15589.0,92824.0,0.0,0.0,0.0,246,1,1
2013-03-24,5088153.2,4610104.28,20504.0,16771.0,96571.0,0.0,0.0,0.0,236,1,1
2013-03-25,4694308.82,4169990.65,16659.0,12105.0,60697.0,0.0,0.0,0.0,216,1,1
2013-03-26,5731432.22,5192620.7,20555.0,16341.0,109308.0,0.0,0.0,0.0,256,1,1
2013-03-27,6872130.59,6081507.57,16879.0,12285.0,56985.0,0.0,0.0,0.0,313,1,1
2013-03-28,8099154.93,7239463.63,18569.0,14393.0,98414.0,0.0,0.0,0.0,398,1,1
2013-03-29,8381683.44,7644413.84,19856.0,14231.0,93944.0,0.0,0.0,0.0,369,1,1
2013-03-30,11636994.38,10600188.31,21034.0,15942.0,82344.0,0.0,0.0,0.0,544,1,1
2013-03-31,9455023.8,8513517.85,21610.0,16402.0,74076.0,80.89890109890109,8934.0,321.0,496,1,1
2013-04-01,10313848.23,9188774.52,24812.0,17641.0,117628.0,0.0,0.0,0.0,516,1,1
2013-04-02,8250013.05,7374699.1,26607.0,19633.0,99501.0,0.0,0.0,0.0,407,1,1
2013-04-03,8740749.51,7769943.74,26624.0,19598.0,107204.0,0.0,0.0,0.0,448,1,1
2013-04-04,4270660.8,3779960.51,21608.0,16833.0,111095.0,0.0,0.0,0.0,175,1,1
2013-04-05,3073716.42,2637291.44,32435.0,24802.0,158360.0,0.0,0.0,0.0,128,1,1
2013-04-06,3663196.56,3221790.63,32500.0,24533.0,108393.0,0.0,0.0,0.0,165,1,1
2013-04-07,2924734.26,2598895.09,27260.0,21972.0,126098.0,0.0,0.0,0.0,165,1,1
2013-04-08,4670874.28,4351446.44,30848.0,21771.0,155647.0,0.0,0.0,0.0,192,1,1
2013-04-09,4293257.18,3845242.09,25156.0,17669.0,137296.0,0.0,0.0,0.0,212,1,1
2013-04-10,6011834.78,5327749.04,29194.0,23157.0,116383.0,0.0,0.0,0.0,269,1,1
2013-04-11,4244755.76,3794688.65,29054.0,21204.0,96574.0,0.0,0.0,0.0,194,1,1
2013-04-12,4282161.81,3850989.97,24892.0,19582.0,95949.0,0.0,0.0,0.0,177,1,1
2013-04-13,5214391.75,4691901.42,27517.0,21818.0,149988.0,0.0,0.0,0.0,238,1,1
2013-04-14,4506492.03,3873550.82,23814.0,16876.0,78359.0,0.0,0.0,0.0,209,1,1
2013-04-15,5167610.5,4514315.72,30902.0,22373.0,159594.0,0.0,0.0,0.0,226,1,1
2013-04-16,5887221.88,4755791.57,27551.0,21877.0,99161.0,0.0,0.0,0.0,267,1,1
2013-04-17,8104639.53,6617328.78,29585.0,21004.0,94904.0,0.0,0.0,0.0,344,1,1
2013-04-18,6536742.64,5253454.75,24098.0,19494.0,113622.0,0.0,0.0,0.0,276,0,0
2013-04-19,5871312.85,4657092.08,27256.0,21981.0,90395.0,0.0,0.0,0.0,214,0,0
2013-04-20,6012115.71,4722140.67,21636.0,15934.0,90602.0,0.0,0.0,0.0,253,0,0
2013-04-21,6323547.99,5021941.78,24267.0,19025.0,133036.0,0.0,0.0,0.0,262,0,0
2013-04-22,7292352.56,5866886.82,28085.0,22427.0,141532.0,0.0,0.0,0.0,319,0,0
2013-04-23,8757473.08,6907927.03,27068.0,19210.0,88898.0,0.0,0.0,0.0,370,0,0
2013-04-24,9358565.61,7286897.36,33819.0,25856.0,134590.0,0.0,0.0,0.0,431,0,0
2013-04-25,9127283.0,7206948.14,25153.0,20499.0,119550.0,0.0,0.0,0.0,394,0,0
2013-04-26,6156392.84,4860244.05,25454.0,18300.0,131458.0,0.0,0.0,0.0,270,0,0
2013-04-27,6420235.09,5103697.51,23854.0,17383.0,104436.0,0.0,0.0,0.0,277,0,0
2013-04-28,9099343.31,7234100.22,26593.0,20990.0,92764.0,0.0,0.0,0.0,362,0,0
2013-04-29,13160942.22,10423989.71,30100.0,21412.0,127202.0,0.0,0.0,0.0,584,0,0
2013-04-30,11190466.86,8842281.65,26638.0,20421.0,114824.0,82.12108559498957,13092.0,336.0,530,0,0
2013-05-01,13051232.31,10395426.51,25484.0,20167.0,121645.0,0.0,0.0,0.0,569,0,0
2013-05-02,11179665.29,8989067.99,27523.0,21551.0,148318.0,0.0,0.0,0.0,512,0,0
2013-05-03,8173550.12,6507576.59,27201.0,20147.0,109468.0,0.0,0.0,0.0,341,0,0
2013-05-04,3225175.57,2586608.79,26616.0,18955.0,87588.0,0.0,0.0,0.0,116,0,0
2013-05-05,3906711.0,3268319.42,26820.0,19885.0,116224.0,0.0,0.0,0.0,149,0,0
2013-05-06,4311626.38,3384442.35,24933.0,19563.0,109347.0,0.0,0.0,0.0,166,0,0
2013-05-07,3763332.37,3079887.85,28589.0,21318.0,147402.0,0.0,0.0,0.0,162,0,0
2013-05-08,5458168.5,4267785.48,28654.0,20921.0,130897.0,0.0,0.0,0.0,211,0,0
2013-05-09,5815611.07,4647084.74,26771.0,19690.0,142781.0,0.0,0.0,0.0,241,0,0
2013-05-10,4248246.45,3392369.6,26830.0,19447.0,124787.0,0.0,0.0,0.0,183,0,0
2013-05-11,4388803.6,3347274.34,28668.0,21307.0,137833.0,0.0,0.0,0.0,171,0,0
2013-05-12,4298069.68,3423974.02,27438.0,22374.0,128020.0,0.0,0.0,0.0,187,0,0
2013-05-13,4663488.62,3677688.54,26357.0,19629.0,90559.0,0.0,0.0,0.0,180,0,0
2013-05-14,5622176.45,4515976.68,26056.0,20140.0,115695.0,0.0,0.0,0.0,221,0,0
2013-05-15,6416011.44,5136196.06,29084.0,22687.0,146585.0,0.0,0.0,0.0,264,0,0
2013-05-16,7727680.05,6101584.58,26638.0,19759.0,113183.0,0.0,0.0,0.0,322,0,0
2013-05-17,6520355.77,5213542.1,24122.0,18498.0,132379.0,0.0,0.0,0.0,253,0,0
2013-05-18,5126131.05,4165368.61,23202.0,17262.0,103657.0,0.0,0.0,0.0,215,0,0
2013-05-19,5417543.03,4323889.4,25148.0,20307.0,89419.0,0.0,0.0,0.0,228,0,0
2013-05-20,5837064.06,4872375.63,23328.0,18639.0,95417.0,0.0,0.0,0.0,236,0,0
2013-05-21,5156527.79,4086850.49,28407.0,22048.0,108703.0,0.0,0.0,0.0,220,0,0
2013-05-22,6977473.78,5617374.39,25706.0,19005.0,88509.0,0.0,0.0,0.0,303,0,0
2013-05-23,9166919.02,7150676.62,22398.0,17580.0,109248.0,0.0,0.0,0.0,365,0,0
2013-05-24,6670030.19,5242528.96,25714.0,20338.0,120745.0,0.0,0.0,0.0,271,0,0
2013-05-25,5054594.94,3916382.21,26078.0,21237.0,92476.0,0.0,0.0,0.0,202,0,0
2013-05-26,3649585.05,2889501.26,29842.0,21470.0,103585.0,0.0,0.0,0.0,143,0,0
2013-05-27,4403026.04,3471897.02,25522.0,20808.0,123734.0,0.0,0.0,0.0,192,0,0
2013-05-28,6274027.61,4977411.59,25369.0,18149.0,102736.0,0.0,0.0,0.0,232,0,0
2013-05-29,7359639.59,5841803.19,23853.0,18613.0,85854.0,0.0,0.0,0.0,338,0,0
2013-05-30,12828293.48,10036927.65,27287.0,20624.0,123833.0,0.0,0.0,0.0,551,0,0
2013-05-31,13809349.18,11231361.14,26902.0,19521.0,103623.0,87.57172995780591,12018.0,323.0,570,0,0
2013-06-01,13162597.88,10314262.16,25458.0,18115.0,131842.0,0.0,0.0,0.0,566,0,0
2013-06-02,12079925.72,9610953.04,23735.0,17119.0,76080.0,0.0,0.0,0.0,511,0,0
2013-06-03,9411997.25,7525850.2,25536.0,19209.0,97821.0,0.0,0.0,0.0,430,0,0
2013-06-04,5397308.75,4297393.33,27334.0,19831.0,110854.0,0.0,0.0,0.0,209,0,0
2013-06-05,6860958.96,5505167.85,28445.0,21988.0,137505.0,0.0,0.0,0.0,275,0,0
2013-06-06,5692902.11,4632206.37,26397.0,18897.0,125873.0,0.0,0.0,0.0,193,0,0
2013-06-07,3843507.28,2986865.05,26823.0,18932.0,134357.0,0.0,0.0,0.0,157,0,0
2013-06-08,3646959.35,2897196.14,27553.0,21069.0,147243.0,0.0,0.0,0.0,140,0,0
2013-06-09,3880132.51,3070545.08,24891.0,19205.0,125165.0,0.0,0.0,0.0,181,0,0
2013-06-10,4476887.83,3582347.82,28861.0,23567.0,100856.0,0.0,0.0,0.0,177,0,0
2013-06-11,5003847.86,3903592.44,23368.0,17790.0,126304.0,0.0,0.0,0.0,202,0,0
2013-06-12,7209020.15,5796177.46,25933.0,21079.0,127206.0,0.0,0.0,0.0,304,0,0
2013-06-13,6845836.24,5559998.61,27752.0,19777.0,151236.0,0.0,0.0,0.0,253,0,0
2013-06-14,4871516.57,3975403.65,27755.0,21197.0,126500.0,0.0,0.0,0.0,193,0,0
2013-06-15,5166292.57,4029821.84,26928.0,21083.0,98828.0,0.0,0.0,0.0,221,0,0
2013-06-16,5794009.15,4551326.63,26115.0,18984.0,119810.0,0.0,0.0,0.0,226,0,0
2013-06-17,5795298.96,4637293.92,28092.0,21312.0,92163.0,0.0,0.0,0.0,234,0,0
2013-06-18,6632615.61,5459331.17,25085.0,19903.0,133701.0,0.0,0.0,0.0,261,0,0
2013-06-19,7437341.02,6031157.35,28632.0,23372.0,112269.0,0.0,0.0,0.0,306,0,0
2013-06-20,7078652.68,5515676.8,25557.0,20425.0,116849.0,0.0,0.0,0.0,270,0,0
2013-06-21,5526354.45,4396745.86,29053.0,21451.0,103139.0,0.0,0.0,0.0,211,0,0
2013-06-22,5117274.96,4111300.17,26367.0,21250.0,113536.0,0.0,0.0,0.0,205,0,0
2013-06-23,5844565.63,4855247.11,27355.0,21580.0,146783.0,0.0,0.0,0.0,211,1,1
2013-06-24,5243774.5,4800223.91,26497.0,21120.0,97404.0,0.0,0.0,0.0,240,1,1
2013-06-25,6728887.1,6142934.34,29694.0,21606.0,125033.0,0.0,0.0,0.0,283,1,1
2013-06-26,8817278.13,8290194.65,27207.0,20220.0,127226.0,0.0,0.0,0.0,424,1,1
2013-06-27,7748199.74,7462815.86,26545.0,20261.0,100022.0,0.0,0.0,0.0,374,1,1
2013-06-28,6285354.21,6043485.1,23891.0,17776.0,91798.0,0.0,0.0,0.0,328,1,1
2013-06-29,9546012.78,9167617.84,28947.0,21255.0,158795.0,0.0,0.0,0.0,494,1,1
2013-06-30,7372318.59,7149429.97,26808.0,20585.0,139193.0,93.42340425531916,11890.0,312.0,390,1,1
2013-07-01,6359864.53,6248239.94,20717.0,14990.0,103616.0,0.0,0.0,0.0,326,1,1
2013-07-02,7209130.33,6927420.38,22158.0,16944.0,96216.0,0.0,0.0,0.0,343,1,1
2013-07-03,8038680.63,7869401.17,20624.0,16244.0,90498.0,0.0,0.0,0.0,369,1,1
2013-07-04,2521315.44,2408274.98,20224.0,15518.0,96547.0,0.0,0.0,0.0,93,1,1
2013-07-05,2494107.65,2432073.97,22308.0,16026.0,110365.0,0.0,0.0,0.0,108,1,1
2013-07-06,2452372.43,2331799.51,19852.0,14493.0,104084.0,0.0,0.0,0.0,94,1,1
2013-07-07,2958215.01,2950992.63,19573.0,15181.0,74366.0,0.0,0.0,0.0,116,1,1
2013-07-08,2571901.18,2450996.77,18865.0,14238.0,78747.0,0.0,0.0,0.0,115,1,1
2013-07-09,4624825.33,4592718.95,22779.0,18244.0,96006.0,0.0,0.0,0.0,204,1,1
2013-07-10,3855254.64,3797797.81,22911.0,17844.0,91089.0,0.0,0.0,0.0,199,1,1
2013-07-11,5785320.61,5626075.87,22159.0,15665.0,121194.0,0.0,0.0,0.0,285,1,1
2013-07-12,6053300.71,5886949.95,21395.0,17049.0,79697.0,0.0,0.0,0.0,272,1,1
2013-07-13,4161301.31,3995435.41,20990.0,16293.0,82169.0,0.0,0.0,0.0,190,1,1
2013-07-14,4482102.22,4419156.67,19989.0,14732.0,82309.0,0.0,0.0,0.0,229,1,1
2013-07-15,4387240.36,4219310.04,18587.0,13497.0,84767.0,0.0,0.0,0.0,232,1,1
2013-07-16,4411030.39,4135243.61,19711.0,16037.0,88626.0,0.0,0.0,0.0,218,1,1
2013-07-17,4475453.64,4375610.63,19882.0,14587.0,66793.0,0.0,0.0,0.0,258,1,1
2013-07-18,6265533.39,6163756.55,19517.0,13750.0,66929.0,0.0,0.0,0.0,324,1,1
2013-07-19,6310739.5,5960928.51,21059.0,16557.0,96682.0,0.0,0.0,0.0,287,1,1
2013-07-20,4157746.85,3978173.28,21432.0,15474.0,75600.0,0.0,0.0,0.0,196,1,1
2013-07-21,4847680.2,4301699.27,22930.0,16061.0,97731.0,0.0,0.0,0.0,187,1,1
2013-07-22,5926190.4,5032346.99,19228.0,13486.0,71073.0,0.0,0.0,0.0,235,1,1
2013-07-23,4436778.28,3552350.42,20992.0,16978.0,97061.0,0.0,0.0,0.0,195,0,0
2013-07-24,7329505.1,5924978.27,23873.0,18037.0,83203.0,0.0,0.0,0.0,257,0,0
2013-07-25,6342757.31,4978292.65,24318.0,18975.0,100129.0,0.0,0.0,0.0,275,0,0
2013-07-26,6941436.71,5543496.22,20769.0,14594.0,72595.0,0.0,0.0,0.0,252,0,0
2013-07-27,4353958.13,3499528.32,18198.0,12889.0,70117.0,0.0,0.0,0.0,179,0,0
2013-07-28,6017516.42,4917333.26,25026.0,18160.0,120386.0,0.0,0.0,0.0,224,0,0
2013-07-29,8158241.16,6599164.67,20760.0,15605.0,109067.0,0.0,0.0,0.0,284,0,0
2013-07-30,7711378.77,7073525.07,22570.0,17674.0,74423.0,0.0,0.0,0.0,327,1,1
2013-07-31,10104475.36,10851542.12,21645.0,16539.0,81092.0,97.10021321961621,11097.0,322.0,530,1,1
2013-08-01,10998208.4,12167214.07,23532.0,17995.0,95876.0,0.0,0.0,0.0,561,1,1
2013-08-02,7422715.15,9601836.11,22089.0,17760.0,76290.0,0.0,0.0,0.0,450,1,1
2013-08-03,5599602.67,7786528.35,19760.0,15958.0,85952.0,0.0,0.0,0.0,381,1,1
2013-08-04,5021938.29,7089757.76,22135.0,16046.0,73001.0,0.0,0.0,0.0,317,1,1
2013-08-05,2231563.34,3064145.21,25518.0,20607.0,95149.0,0.0,0.0,0.0,142,1,1
2013-08-06,2493225.51,3592496.3,21270.0,15427.0,110319.0,0.0,0.0,0.0,139,1,1
2013-08-07,2638845.23,3381813.66,21729.0,17596.0,106146.0,0.0,0.0,0.0,178,1,1
2013-08-08,3065089.0,4223344.7,25048.0,20133.0,88852.0,0.0,0.0,0.0,227,1,1
2013-08-09,2598855.08,3418548.13,21871.0,16990.0,105802.0,0.0,0.0,0.0,178,1,1
2013-08-10,1776113.02,2320738.01,22931.0,17591.0,107729.0,0.0,0.0,0.0,126,1,1
2013-08-11,2074476.53,2834815.33,20544.0,15209.0,90834.0,0.0,0.0,0.0,142,1,1
2013-08-12,1933036.01,2566277.36,24576.0,17742.0,103910.0,0.0,0.0,0.0,148,1,1
2013-08-13,2531884.21,3266499.42,19843.0,14706.0,70310.0,0.0,0.0,0.0,174,1,1
2013-08-14,2791478.67,3740726.27,23377.0,16422.0,106286.0,0.0,0.0,0.0,212,1,1
2013-08-15,3665019.45,4896607.22,24562.0,17671.0,104078.0,0.0,0.0,0.0,260,1,1
2013-08-16,3619170.1,4661015.06,21594.0,15178.0,70937.0,0.0,0.0,0.0,239,1,1
2013-08-17,3066137.96,4129676.85,25258.0,19092.0,110262.0,0.0,0.0,0.0,219,1,1
2013-08-18,2385617.18,2947242.18,24646.0,19117.0,120067.0,0.0,0.0,0.0,158,1,1
2013-08-19,2870843.18,3669528.41,23836.0,16878.0,127242.0,0.0,0.0,0.0,185,1,1
2013-08-20,2730112.88,3528369.0,23145.0,16573.0,76874.0,0.0,0.0,0.0,173,1,1
2013-08-21,2707776.73,3591906.04,22174.0,17667.0,88785.0,0.0,0.0,0.0,192,1,1
2013-08-22,3821233.2,5275320.79,20674.0,16052.0,88395.0,0.0,0.0,0.0,250,1,1
2013-08-23,3454696.96,4693020.59,21969.0,16007.0,73448.0,0.0,0.0,0.0,239,1,1
2013-08-24,2837188.07,4087795.83,22020.0,16468.0,117994.0,0.0,0.0,0.0,195,1,1
2013-08-25,3018860.44,3945685.24,23027.0,18302.0,124556.0,0.0,0.0,0.0,181,1,1
2013-08-26,3465971.03,4845153.03,23617.0,17269.0,78791.0,0.0,0.0,0.0,216,1,1
2013-08-27,3008572.56,3950990.04,23901.0,18422.0,99962.0,0.0,0.0,0.0,227,1,1
2013-08-28,3749158.5,4845899.79,21366.0,17094.0,107444.0,0.0,0.0,0.0,267,1,1
2013-08-29,6385124.62,8251851.88,23147.0,16818.0,83676.0,0.0,0.0,0.0,448,1,1
2013-08-30,5499141.72,7247803.25,26500.0,20681.0,114458.0,0.0,0.0,0.0,394,1,2
2013-08-31,6810100.27,8325085.12,23963.0,18130.0,80783.0,103.38012958963283,11924.0,303.0,412,1,2
2013-09-01,6018993.92,6937336.62,17091.0,12233.0,74574.0,0.0,0.0,0.0,382,1,2
2013-09-02,5386759.65,5986639.99,15376.0,12350.0,50005.0,0.0,0.0,0.0,300,1,2
2013-09-03,4126941.12,3701795.41,15581.0,10983.0,59990.0,0.0,0.0,0.0,168,1,1
2013-09-04,5401049.96,4808183.3,16020.0,12505.0,55806.0,0.0,0.0,0.0,196,1,1
2013-09-05,3168900.6,2729766.04,16582.0,13189.0,57021.0,0.0,0.0,0.0,118,1,1
2013-09-06,2705040.33,2367475.06,16237.0,13287.0,87609.0,0.0,0.0,0.0,114,1,1
2013-09-07,2468479.29,2187848.67,15613.0,12209.0,55336.0,0.0,0.0,0.0,113,1,1
2013-09-08,3056823.21,2611808.27,16962.0,13239.0,74004.0,0.0,0.0,0.0,130,1,1
2013-09-09,3771227.87,3399993.99,18127.0,13415.0,88280.0,0.0,0.0,0.0,144,1,1
2013-09-10,5357130.97,4737093.81,17160.0,14066.0,72179.0,0.0,0.0,0.0,220,1,1
2013-09-11,4636476.74,4075727.91,16910.0,11894.0,65138.0,0.0,0.0,0.0,168,1,1
2013-09-12,3865949.23,3502787.78,15632.0,11865.0,60436.0,0.0,0.0,0.0,149,1,1
2013-09-13,3034568.95,2783517.1,17916.0,12765.0,59697.0,0.0,0.0,0.0,125,1,1
2013-09-14,3664631.38,3289032.18,16694.0,12421.0,90074.0,0.0,0.0,0.0,155,1,1
2013-09-15,3078369.62,2753095.6,15207.0,11403.0,64405.0,0.0,0.0,0.0,128,1,1
2013-09-16,3927167.34,3489729.16,16977.0,12773.0,84823.0,0.0,0.0,0.0,164,1,1
2013-09-17,5410121.46,4728526.43,19210.0,15448.0,69626.0,0.0,0.0,0.0,241,1,1
2013-09-18,4460453.69,3992756.75,19581.0,14167.0,80144.0,0.0,0.0,0.0,186,1,1
2013-09-19,2995364.48,2599191.98,15000.0,11585.0,73236.0,0.0,0.0,0.0,140,1,1
2013-09-20,3316913.08,3045593.87,18009.0,13483.0,64698.0,0.0,0.0,0.0,150,1,1
2013-09-21,3799564.88,3399323.86,16298.0,12409.0,85777.0,0.0,0.0,0.0,143,1,1
2013-09-22,3243304.2,2980813.06,17457.0,13570.0,77141.0,0.0,0.0,0.0,137,1,1
2013-09-23,4426354.9,3977701.82,13116.0,10363.0,70856.0,0.0,0.0,0.0,182,1,1
2013-09-24,4673257.46,4051335.39,18830.0,14326.0,90846.0,0.0,0.0,0.0,226,1,1
2013-09-25,4851490.55,4336304.71,16433.0,12462.0,72743.0,0.0,0.0,0.0,200,1,1
2013-09-26,4120039.5,3761711.17,16255.0,11501.0,53823.0,0.0,0.0,0.0,163,1,1
2013-09-27,4676571.41,4202205.54,15631.0,12772.0,85398.0,0.0,0.0,0.0,217,1,1
2013-09-28,7035889.97,6246182.51,19359.0,15652.0,74052.0,0.0,0.0,0.0,343,1,1
2013-09-29,5087376.98,4359895.07,19815.0,14640.0,88791.0,0.0,0.0,0.0,270,1,1
2013-09-30,5768935.23,5117966.77,17778.0,13505.0,90690.0,101.51134020618557,8107.0,314.0,276,1,1
2013-10-01,5389130.81,4591599.54,13710.0,9680.0,52584.0,0.0,0.0,0.0,253,1,1
2013-10-02,5393969.29,4651419.05,12941.0,9851.0,71024.0,0.0,0.0,0.0,221,1,1
2013-10-03,2026611.74,1672946.51,13080.0,9748.0,44993.0,0.0,0.0,0.0,71,0,0
2013-10-04,2912944.43,2284930.64,15477.0,12022.0,78604.0,0.0,0.0,0.0,99,0,0
2013-10-05,2463961.82,1952842.64,13994.0,10098.0,68009.0,0.0,0.0,0.0,93,0,0
2013-10-06,2875234.12,2170808.86,14105.0,11490.0,70993.0,0.0,0.0,0.0,107,0,0
2013-10-07,2084519.3,1674894.34,12570.0,9552.0,45109.0,0.0,0.0,0.0,90,0,0
2013-10-08,2982770.86,2404722.52,13093.0,10025.0,58429.0,0.0,0.0,0.0,116,0,0
2013-10-09,3524600.98,2822967.5,12218.0,9764.0,50149.0,0.0,0.0,0.0,146,0,0
2013-10-10,4018321.34,3267316.51,13055.0,10029.0,43148.0,0.0,0.0,0.0,144,0,0
2013-10-11,1938342.36,1556262.82,13725.0,9778.0,64212.0,0.0,0.0,0.0,90,0,0
2013-10-12,3170838.37,2562812.71,13023.0,10257.0,64771.0,0.0,0.0,0.0,115,0,0
2013-10-13,3719451.39,2946745.46,13045.0,9157.0,51450.0,0.0,0.0,0.0,132,0,0
2013-10-14,3097590.81,2398025.79,14459.0,11334.0,50446.0,0.0,0.0,0.0,119,0,0
2013-10-15,4062456.23,3281418.54,13895.0,11304.0,65905.0,0.0,0.0,0.0,155,0,0
2013-10-16,4801027.51,3944302.72,12929.0,9667.0,64283.0,0.0,0.0,0.0,190,0,0
2013-10-17,3348412.32,2713865.33,12216.0,9304.0,57228.0,0.0,0.0,0.0,149,0,0
2013-10-18,3238854.55,2560313.88,12323.0,9163.0,60959.0,0.0,0.0,0.0,139,0,0
2013-10-19,3376648.2,2769325.22,11963.0,9407.0,54624.0,0.0,0.0,0.0,138,0,0
2013-10-20,2888479.98,2302148.44,14009.0,10602.0,54466.0,0.0,0.0,0.0,143,0,0
2013-10-21,3409990.75,2751364.44,12745.0,9506.0,53990.0,0.0,0.0,0.0,130,0,0
2013-10-22,3932052.89,3189287.97,14589.0,10511.0,47642.0,0.0,0.0,0.0,173,0,0
2013-10-23,4895108.72,3861527.06,13717.0,10722.0,60164.0,0.0,0.0,0.0,193,0,0
2013-10-24,4333852.18,3403031.49,12783.0,9260.0,50277.0,0.0,0.0,0.0,170,0,0
2013-10-25,3503713.92,2743366.59,12510.0,9642.0,46132.0,0.0,0.0,0.0,126,0,0
2013-10-26,2923604.47,2331573.03,12422.0,8842.0,45914.0,0.0,0.0,0.0,116,0,0
2013-10-27,2949737.88,2365410.99,13304.0,10333.0,64827.0,0.0,0.0,0.0,115,0,0
2013-10-28,3235799.73,2588267.2,14257.0,11502.0,64149.0,0.0,0.0,0.0,133,0,0
2013-10-29,5981959.98,4833162.34,15101.0,11332.0,69384.0,0.0,0.0,0.0,274,0,0
2013-10-30,6960811.52,5563340.73,11718.0,8876.0,59818.0,0.0,0.0,0.0,303,0,0
2013-10-31,5649038.29,4525813.51,15782.0,12006.0,85169.0,105.82489451476793,6858.0,322.0,247,0,0
2013-11-01,4823330.61,3780905.84,13644.0,10009.0,46358.0,0.0,0.0,0.0,213,0,0
2013-11-02,4871579.51,3874376.58,11668.0,9313.0,57812.0,0.0,0.0,0.0,193,0,0
2013-11-03,2310551.56,1894570.42,11609.0,8407.0,59878.0,0.0,0.0,0.0,85,0,0
2013-11-04,2638652.15,2128739.96,10715.0,8320.0,47693.0,0.0,0.0,0.0,110,0,0
2013-11-05,3529966.51,2818098.89,11604.0,8132.0,44253.0,0.0,0.0,0.0,124,0,0
2013-11-06,2440647.75,1890461.99,10138.0,7332.0,55455.0,0.0,0.0,0.0,105,0,0
2013-11-07,2145217.46,1755584.37,9896.0,7936.0,41435.0,0.0,0.0,0.0,88,0,0
2013-11-08,2200221.02,1790704.8,11835.0,9472.0,50627.0,0.0,0.0,0.0,93,0,0
2013-11-09,2018930.67,1594615.53,11950.0,8786.0,61115.0,0.0,0.0,0.0,91,0,0
2013-11-10,2722218.97,2099682.78,11694.0,8912.0,52770.0,0.0,0.0,0.0,121,0,0
2013-11-11,3495969.18,2676318.51,12691.0,10310.0,49619.0,0.0,0.0,0.0,153,0,0
2013-11-12,5162437.56,3979066.87,10332.0,7718.0,56650.0,0.0,0.0,0.0,224,0,0
2013-11-13,4681263.25,3622930.35,10669.0,7530.0,43743.0,0.0,0.0,0.0,171,0,0
2013-11-14,3118904.74,2460188.52,10545.0,7419.0,41667.0,0.0,0.0,0.0,122,0,0
2013-11-15,3370811.62,2719077.99,10155.0,8283.0,45684.0,0.0,0.0,0.0,128,0,0
2013-11-16,3365890.12,2733920.22,10651.0,7729.0,53104.0,0.0,0.0,0.0,141,0,0
2013-11-17,2416530.15,1906202.04,12887.0,10510.0,44818.0,0.0,0.0,0.0,104,0,0
2013-11-18,2109164.6,1778409.36,12188.0,9286.0,39130.0,0.0,0.0,0.0,108,1,1
2013-11-19,3237660.32,2746026.34,11008.0,8981.0,50511.0,0.0,0.0,0.0,178,1,1
2013-11-20,3321114.32,2983892.23,11167.0,9011.0,38482.0,0.0,0.0,0.0,155,1,1
2013-11-21,2595234.4,2362389.95,11384.0,9190.0,49377.0,0.0,0.0,0.0,119,1,1
2013-11-22,2550262.64,2542345.82,11413.0,9153.0,40833.0,0.0,0.0,0.0,106,1,1
2013-11-23,2054330.57,2011741.48,11180.0,8348.0,47452.0,0.0,0.0,0.0,102,1,1
2013-11-24,2519706.85,2537974.67,11573.0,8198.0,52687.0,0.0,0.0,0.0,142,1,1
2013-11-25,2406331.38,2358037.25,11593.0,9021.0,39009.0,0.0,0.0,0.0,138,1,1
2013-11-26,3107204.99,3083734.78,12310.0,9377.0,51458.0,0.0,0.0,0.0,198,1,1
2013-11-27,3123410.59,3027393.58,12543.0,10098.0,65740.0,0.0,0.0,0.0,192,1,1
2013-11-28,3580033.44,3514991.8,10476.0,7994.0,55311.0,0.0,0.0,0.0,209,1,1
2013-11-29,1768057.43,1773822.57,11266.0,8171.0,45345.0,0.0,0.0,0.0,134,1,1
2013-11-30,2685677.46,2672025.29,11143.0,8100.0,53974.0,110.70370370370371,6114.0,312.0,192,1,1
2013-12-01,2391698.09,2420438.06,12906.0,9103.0,46795.0,0.0,0.0,0.0,163,1,1
2013-12-02,2263746.75,2226485.61,12341.0,9953.0,43684.0,0.0,0.0,0.0,123,1,1
2013-12-03,1933337.47,1904782.57,14986.0,12043.0,65628.0,0.0,0.0,0.0,127,1,1
2013-12-04,2924599.17,2877557.67,13847.0,10991.0,54490.0,0.0,0.0,0.0,161,1,1
2013-12-05,2231578.75,2246889.53,12296.0,8669.0,53642.0,0.0,0.0,0.0,121,1,1
2013-12-06,1718341.54,1744505.5,12192.0,9853.0,54072.0,0.0,0.0,0.0,103,1,1
2013-12-07,1444180.43,1408359.66,12562.0,8902.0,51547.0,0.0,0.0,0.0,98,1,1
2013-12-08,1714762.98,1677034.75,13175.0,9415.0,45023.0,0.0,0.0,0.0,106,1,1
2013-12-09,1959405.6,1928205.78,14634.0,10378.0,61409.0,0.0,0.0,0.0,128,1,1
2013-12-10,2256213.74,2198430.55,14413.0,10733.0,46851.0,0.0,0.0,0.0,165,1,1
2013-12-11,3016597.65,3024225.14,13334.0,9646.0,50387.0,0.0,0.0,0.0,186,1,1
2013-12-12,2988571.87,2946591.17,13714.0,10039.0,62414.0,0.0,0.0,0.0,195,1,1
2013-12-13,2131538.29,2083673.81,13337.0,9763.0,69039.0,0.0,0.0,0.0,146,1,1
2013-12-14,2245758.87,2305729.18,12138.0,9093.0,60465.0,0.0,0.0,0.0,157,1,1
2013-12-15,2154695.59,2095032.07,12391.0,10022.0,52207.0,0.0,0.0,0.0,170,1,1
2013-12-16,2694197.04,2720062.14,12596.0,9700.0,58261.0,0.0,0.0,0.0,182,1,1
2013-12-17,3167410.81,3021649.06,13408.0,10752.0,57040.0,0.0,0.0,0.0,209,1,1
2013-12-18,3189533.36,3219583.56,13825.0,10901.0,72395.0,0.0,0.0,0.0,231,1,1
2013-12-19,3062553.19,2981811.67,13925.0,11168.0,63968.0,0.0,0.0,0.0,233,1,1
2013-12-20,2500743.7,2516358.41,10678.0,8634.0,38513.0,0.0,0.0,0.0,175,1,1
2013-12-21,3213344.27,3159953.94,11879.0,8813.0,56301.0,0.0,0.0,0.0,243,1,1
2013-12-22,3476225.97,3458589.82,13955.0,9944.0,47679.0,0.0,0.0,0.0,288,1,1
2013-12-23,2932660.62,2856672.71,13029.0,10369.0,52511.0,0.0,0.0,0.0,267,1,1
2013-12-24,2629786.52,2542278.8,12470.0,9370.0,54463.0,0.0,0.0,0.0,222,1,1
2013-12-25,3807864.44,3711704.9,13141.0,10384.0,67446.0,0.0,0.0,0.0,293,1,1
2013-12-26,3278628.42,3269160.78,13040.0,9292.0,57219.0,0.0,0.0,0.0,255,1,1
2013-12-27,1853472.36,1854636.14,12152.0,8597.0,59360.0,0.0,0.0,0.0,159,1,1
2013-12-28,3547336.16,3487806.62,13571.0,10335.0,71175.0,0.0,0.0,0.0,286,1,1
2013-12-29,6516622.75,6506519.56,14050.0,11493.0,56883.0,0.0,0.0,0.0,529,1,1
2013-12-30,5792994.45,5695206.04,11723.0,8674.0,59465.0,0.0,0.0,0.0,473,1,1
2013-12-31,6247467.59,6080338.22,14417.0,11430.0,46209.0,111.61134453781513,11799.0,329.0,472,1,1
2014-01-01,5743739.48,5563113.31,10162.0,8295.0,36165.0,0.0,0.0,0.0,446,1,1
2014-01-02,3787850.5,3666330.68,12776.0,10056.0,46028.0,0.0,0.0,0.0,282,1,1
2014-01-03,2354832.6,1871645.41,10230.0,8247.0,42607.0,0.0,0.0,0.0,88,0,0
2014-01-04,2243604.06,1747621.88,11496.0,8503.0,57148.0,0.0,0.0,0.0,109,0,0
2014-01-05,2361866.5,1851453.14,8870.0,6926.0,44512.0,0.0,0.0,0.0,105,0,0
2014-01-06,2639202.87,2146455.69,10178.0,7568.0,55426.0,0.0,0.0,0.0,128,0,0
2014-01-07,3437125.39,2809411.95,10724.0,7860.0,45535.0,0.0,0.0,0.0,137,0,0
2014-01-08,2250519.73,1808614.16,11340.0,9281.0,41050.0,0.0,0.0,0.0,89,0,0
2014-01-09,2214274.18,1884156.18,12137.0,9810.0,46390.0,0.0,0.0,0.0,89,0,0
2014-01-10,1886360.71,1560748.05,10545.0,8273.0,53901.0,0.0,0.0,0.0,72,0,0
2014-01-11,2550841.93,2031865.95,11306.0,9172.0,52326.0,0.0,0.0,0.0,95,0,0
2014-01-12,2172729.29,1773388.32,10212.0,7242.0,48240.0,0.0,0.0,0.0,79,0,0
2014-01-13,2467719.52,1991302.84,11373.0,8627.0,58511.0,0.0,0.0,0.0,104,0,0
2014-01-14,3356963.59,2731972.75,9693.0,7471.0,36668.0,0.0,0.0,0.0,133,0,0
2014-01-15,3637788.72,2842296.43,10310.0,7878.0,44709.0,0.0,0.0,0.0,127,0,0
2014-01-16,2005770.41,1635446.76,11632.0,8624.0,55483.0,0.0,0.0,0.0,83,0,0
2014-01-17,2464459.86,2002144.2,10035.0,7721.0,34898.0,0.0,0.0,0.0,89,0,0
2014-01-18,1718246.3,1332157.65,11008.0,7875.0,51195.0,0.0,0.0,0.0,87,0,0
2014-01-19,2453121.94,1918965.99,10951.0,8766.0,39504.0,0.0,0.0,0.0,106,0,0
2014-01-20,3133739.97,2422846.03,10678.0,8033.0,41933.0,0.0,0.0,0.0,123,0,0
2014-01-21,3590697.9,2848601.86,12658.0,10040.0,58632.0,0.0,0.0,0.0,152,0,0
2014-01-22,3244854.06,2563525.38,11638.0,9145.0,51241.0,0.0,0.0,0.0,126,0,0
2014-01-23,3187811.81,2528375.63,8560.0,6503.0,36491.0,0.0,0.0,0.0,115,0,0
2014-01-24,1812010.8,1397879.36,10811.0,8705.0,44738.0,0.0,0.0,0.0,98,0,0
2014-01-25,2221742.74,1777122.99,11205.0,8252.0,55016.0,0.0,0.0,0.0,99,0,0
2014-01-26,2002533.83,1553846.68,9240.0,6492.0,46324.0,0.0,0.0,0.0,85,0,0
2014-01-27,2983790.31,2360438.19,7973.0,6381.0,31862.0,0.0,0.0,0.0,127,0,0
2014-01-28,5411096.61,4320849.3,11746.0,8341.0,61175.0,0.0,0.0,0.0,222,0,0
2014-01-29,4892083.36,3928929.64,12266.0,9150.0,42684.0,0.0,0.0,0.0,219,0,0
2014-01-30,3844256.32,3007196.76,9689.0,7229.0,34153.0,0.0,0.0,0.0,168,0,0
2014-01-31,3732079.59,2938223.15,9999.0,7139.0,45816.0,119.04966139954853,5523.0,305.0,169,0,0
2014-02-01,3825094.63,3049434.19,15250.0,10976.0,74103.0,0.0,0.0,0.0,149,0,0
2014-02-02,2382294.19,1885054.33,15769.0,11975.0,54002.0,0.0,0.0,0.0,109,0,0
2014-02-03,2051412.93,1563684.31,15293.0,12184.0,75902.0,0.0,0.0,0.0,95,0,0
2014-02-04,2787111.54,2197609.21,15527.0,11742.0,63891.0,0.0,0.0,0.0,116,0,0
2014-02-05,2599325.56,2019260.92,14372.0,10247.0,59542.0,0.0,0.0,0.0,104,0,0
2014-02-06,2415914.42,1966150.9,17900.0,13155.0,75113.0,0.0,0.0,0.0,84,0,0
2014-02-07,3381887.13,2654650.93,16078.0,11903.0,80234.0,0.0,0.0,0.0,121,0,0
2014-02-08,2907660.51,2328115.15,16853.0,12274.0,90385.0,0.0,0.0,0.0,99,0,0
2014-02-09,2947940.87,2410207.36,16200.0,11546.0,85048.0,0.0,0.0,0.0,119,0,0
2014-02-10,3705563.44,2772562.54,15696.0,11222.0,73058.0,0.0,0.0,0.0,126,0,0
2014-02-11,4637151.61,3649526.8,14584.0,11159.0,63707.0,0.0,0.0,0.0,155,0,0
2014-02-12,3457342.17,2728834.4,14476.0,10599.0,47339.0,0.0,0.0,0.0,138,0,0
2014-02-13,3190217.92,2601375.48,16062.0,12629.0,78816.0,0.0,0.0,0.0,120,0,0
2014-02-14,2632487.0,2058838.35,14509.0,11532.0,61350.0,0.0,0.0,0.0,112,0,0
2014-02-15,2873057.42,2155414.19,14141.0,10885.0,63673.0,0.0,0.0,0.0,117,0,0
2014-02-16,3990264.22,3220526.51,15943.0,12928.0,83331.0,0.0,0.0,0.0,141,0,0
2014-02-17,3757742.25,3005221.34,14961.0,12046.0,63357.0,0.0,0.0,0.0,163,0,0
2014-02-18,4902775.35,3900047.01,15257.0,11443.0,57332.0,0.0,0.0,0.0,185,0,0
2014-02-19,4469573.84,3530912.16,15472.0,11216.0,62065.0,0.0,0.0,0.0,163,0,0
2014-02-20,3050037.65,2452045.97,15337.0,11846.0,72379.0,0.0,0.0,0.0,120,0,0
2014-02-21,3394380.68,2732646.22,12479.0,9867.0,62474.0,0.0,0.0,0.0,146,0,0
2014-02-22,4262143.74,3402076.06,16863.0,12049.0,89182.0,0.0,0.0,0.0,160,0,0
2014-02-23,3997442.72,3186343.91,18734.0,14921.0,100009.0,0.0,0.0,0.0,167,0,0
2014-02-24,4743111.4,3834496.32,16007.0,11852.0,56518.0,0.0,0.0,0.0,191,0,0
2014-02-25,6869199.08,5572490.58,17906.0,12878.0,67027.0,0.0,0.0,0.0,279,0,0
2014-02-26,7766238.39,6157127.45,15690.0,12798.0,75723.0,0.0,0.0,0.0,323,0,0
2014-02-27,5932389.78,4717814.02,16405.0,11852.0,58497.0,0.0,0.0,0.0,245,0,0
2014-02-28,5511196.67,4511480.57,13184.0,10619.0,64378.0,117.99568965517241,6472.0,311.0,209,0,0
2014-03-01,4400079.49,3611872.46,23068.0,18188.0,89795.0,0.0,0.0,0.0,190,0,0
2014-03-02,4943352.33,3968450.0,23861.0,17740.0,83970.0,0.0,0.0,0.0,197,0,0
2014-03-03,3637156.46,2881941.03,22641.0,15964.0,108362.0,0.0,0.0,0.0,123,0,0
2014-03-04,4742209.79,3846248.96,20167.0,16226.0,97482.0,0.0,0.0,0.0,152,0,0
2014-03-05,5310211.41,4366670.54,23200.0,16311.0,80376.0,0.0,0.0,0.0,200,0,0
2014-03-06,5506734.13,4454685.13,24291.0,18643.0,86328.0,0.0,0.0,0.0,192,0,0
2014-03-07,3167820.98,2582186.62,20656.0,16435.0,109054.0,0.0,0.0,0.0,117,0,0
2014-03-08,3577664.95,2914921.51,20789.0,15662.0,93141.0,0.0,0.0,0.0,124,0,0
2014-03-09,3828277.38,3070464.44,20453.0,15397.0,92789.0,0.0,0.0,0.0,150,0,0
2014-03-10,4725035.68,3759283.28,22824.0,16607.0,119164.0,0.0,0.0,0.0,158,0,0
2014-03-11,5775004.59,4559934.88,21099.0,15989.0,103643.0,0.0,0.0,0.0,207,0,0
2014-03-12,6930320.53,5534691.64,21452.0,16567.0,83714.0,0.0,0.0,0.0,268,0,0
2014-03-13,5304893.97,4244468.26,22441.0,16314.0,121601.0,0.0,0.0,0.0,212,0,0
2014-03-14,4544809.4,3647946.39,21483.0,15918.0,116693.0,0.0,0.0,0.0,169,0,0
2014-03-15,4691387.16,3744464.98,21970.0,16562.0,77321.0,0.0,0.0,0.0,194,0,0
2014-03-16,5553669.8,4426899.92,24630.0,17335.0,97783.0,0.0,0.0,0.0,230,0,0
2014-03-17,6623777.28,5406586.76,23340.0,16575.0,125068.0,0.0,0.0,0.0,256,0,0
2014-03-18,5707570.51,4657479.17,21053.0,16281.0,111523.0,0.0,0.0,0.0,242,1,1
2014-03-19,7282983.0,6147005.74,21922.0,16740.0,74242.0,0.0,0.0,0.0,309,1,1
2014-03-20,6459634.76,5394910.61,20278.0,15014.0,82640.0,0.0,0.0,0.0,268,1,1
2014-03-21,4506741.28,3883392.78,21123.0,16314.0,83362.0,0.0,0.0,0.0,198,1,1
2014-03-22,4682426.76,4390336.24,21770.0,16029.0,96726.0,0.0,0.0,0.0,213,1,1
2014-03-23,5239607.0,4727286.58,20889.0,15510.0,67631.0,0.0,0.0,0.0,245,1,1
2014-03-24,5516390.06,5135733.73,18783.0,14040.0,72777.0,0.0,0.0,0.0,248,1,1
2014-03-25,6858764.17,6248964.6,20978.0,15803.0,73386.0,0.0,0.0,0.0,315,1,1
2014-03-26,7966063.19,7366934.0,20541.0,16241.0,84830.0,0.0,0.0,0.0,371,1,1
2014-03-27,8330175.47,7600114.49,22481.0,18073.0,111766.0,0.0,0.0,0.0,367,1,1
2014-03-28,5747360.19,5214181.96,21260.0,16689.0,81224.0,0.0,0.0,0.0,275,1,1
2014-03-29,6857129.34,6302802.0,24623.0,19993.0,90493.0,0.0,0.0,0.0,303,1,1
2014-03-30,12784107.1,11757805.12,21014.0,17170.0,96869.0,0.0,0.0,0.0,577,1,1
2014-03-31,12312523.89,11321960.71,23037.0,16851.0,99689.0,117.25363825363826,10066.0,321.0,583,1,1
2014-04-01,12163891.23,11150883.99,31669.0,24005.0,146762.0,0.0,0.0,0.0,554,1,1
2014-04-02,13046471.25,11843249.22,31084.0,23844.0,121167.0,0.0,0.0,0.0,598,1,1
2014-04-03,9642469.77,8683847.27,27680.0,21795.0,123121.0,0.0,0.0,0.0,432,1,1
2014-04-04,3027057.03,2762337.1,33564.0,27006.0,178036.0,0.0,0.0,0.0,137,1,1
2014-04-05,4578612.03,4277766.79,29571.0,20726.0,141514.0,0.0,0.0,0.0,187,1,1
2014-04-06,4749333.13,4416528.48,29897.0,24048.0,113402.0,0.0,0.0,0.0,206,1,1
2014-04-07,4614814.59,4275798.75,27724.0,20365.0,96746.0,0.0,0.0,0.0,220,1,1
2014-04-08,6392830.04,5806623.81,27636.0,20497.0,143557.0,0.0,0.0,0.0,264,1,1
2014-04-09,6139037.72,5584747.6,29270.0,21990.0,145987.0,0.0,0.0,0.0,261,1,1
2014-04-10,5203589.72,4738923.88,29376.0,21760.0,105496.0,0.0,0.0,0.0,220,1,1
2014-04-11,5105964.56,4552400.07,27935.0,22850.0,118469.0,0.0,0.0,0.0,211,1,1
2014-04-12,5687376.75,5248378.46,28989.0,20697.0,124163.0,0.0,0.0,0.0,260,1,1
2014-04-13,4945405.38,4494711.75,32172.0,24250.0,152724.0,0.0,0.0,0.0,241,1,1
2014-04-14,6921493.59,6054527.76,28984.0,21787.0,99668.0,0.0,0.0,0.0,307,1,1
2014-04-15,7871571.71,6776042.49,31036.0,22252.0,162557.0,0.0,0.0,0.0,356,1,1
2014-04-16,7912857.96,6785359.76,29288.0,23345.0,143059.0,0.0,0.0,0.0,302,1,1
2014-04-17,5557754.18,4737292.06,26998.0,19652.0,95425.0,0.0,0.0,0.0,208,1,1
2014-04-18,5700339.67,4462371.41,28486.0,23229.0,108624.0,0.0,0.0,0.0,253,0,0
2014-04-19,6624958.05,5350753.37,31395.0,22973.0,144900.0,0.0,0.0,0.0,244,0,0
2014-04-20,6418388.34,5065177.85,30149.0,23019.0,144722.0,0.0,0.0,0.0,245,0,0
2014-04-21,8414591.83,6893636.69,32674.0,23745.0,140656.0,0.0,0.0,0.0,336,0,0
2014-04-22,10131097.46,8109722.27,32103.0,25911.0,159800.0,0.0,0.0,0.0,397,0,0
2014-04-23,8191044.84,6573636.73,26922.0,21973.0,128715.0,0.0,0.0,0.0,319,0,0
2014-04-24,6761050.63,5427294.9,28696.0,22691.0,100395.0,0.0,0.0,0.0,262,0,0
2014-04-25,7297129.72,5878423.04,32626.0,23330.0,149274.0,0.0,0.0,0.0,287,0,0
2014-04-26,7473782.26,5884034.36,28597.0,20330.0,120686.0,0.0,0.0,0.0,295,0,0
2014-04-27,9019804.81,7060147.55,31694.0,22215.0,170628.0,0.0,0.0,0.0,328,0,0
2014-04-28,11814441.72,9367036.91,27759.0,21830.0,138714.0,0.0,0.0,0.0,448,0,0
2014-04-29,17347427.27,13752034.86,32248.0,25948.0,163941.0,0.0,0.0,0.0,700,0,0
2014-04-30,13811054.06,10868835.13,30939.0,23211.0,133474.0,116.701171875,14451.0,361.0,549,0,0
2014-05-01,13289875.45,10604429.39,25885.0,19449.0,123888.0,0.0,0.0,0.0,498,0,0
2014-05-02,9037359.63,7277515.81,31644.0,24370.0,153075.0,0.0,0.0,0.0,358,0,0
2014-05-03,8214103.42,6577016.62,28317.0,20767.0,114920.0,0.0,0.0,0.0,304,0,0
2014-05-04,2887053.22,2293661.95,27998.0,22585.0,124889.0,0.0,0.0,0.0,93,0,0
2014-05-05,4251113.98,3397014.1,25934.0,20515.0,98145.0,0.0,0.0,0.0,148,0,0
2014-05-06,5130961.6,4130431.51,28880.0,20727.0,132987.0,0.0,0.0,0.0,181,0,0
2014-05-07,6175024.0,5012292.24,30417.0,21334.0,105056.0,0.0,0.0,0.0,233,0,0
2014-05-08,6845994.59,5424944.1,22054.0,15883.0,78562.0,0.0,0.0,0.0,262,0,0
2014-05-09,3896896.85,3172234.57,26222.0,21344.0,92295.0,0.0,0.0,0.0,164,0,0
2014-05-10,5476367.67,4341371.17,25378.0,18460.0,109459.0,0.0,0.0,0.0,203,0,0
2014-05-11,5960839.36,4817268.38,29095.0,21081.0,94942.0,0.0,0.0,0.0,240,0,0
2014-05-12,6171798.51,4876269.62,28899.0,22803.0,134458.0,0.0,0.0,0.0,244,0,0
2014-05-13,6357034.06,5124302.35,26739.0,21724.0,92280.0,0.0,0.0,0.0,265,0,0
2014-05-14,8953168.22,7238881.78,25709.0,19377.0,111615.0,0.0,0.0,0.0,339,0,0
2014-05-15,7521179.22,5970183.39,30110.0,24293.0,157951.0,0.0,0.0,0.0,302,0,0
2014-05-16,7254155.54,5828882.18,27531.0,20857.0,105553.0,0.0,0.0,0.0,261,0,0
2014-05-17,6473741.19,5173264.38,26128.0,20836.0,123104.0,0.0,0.0,0.0,246,0,0
2014-05-18,7502869.16,6017924.93,25658.0,18281.0,96643.0,0.0,0.0,0.0,278,0,0
2014-05-19,6717427.22,5373895.24,29037.0,21645.0,134048.0,0.0,0.0,0.0,280,0,0
2014-05-20,6998009.98,5565704.32,29515.0,22535.0,159233.0,0.0,0.0,0.0,306,0,0
2014-05-21,9232803.8,7257287.25,27548.0,20709.0,139667.0,0.0,0.0,0.0,383,0,0
2014-05-22,8682669.79,6984588.89,27824.0,22650.0,112503.0,0.0,0.0,0.0,338,0,0
2014-05-23,6481511.11,5117307.95,28489.0,22749.0,96527.0,0.0,0.0,0.0,264,0,0
2014-05-24,5624884.34,4535522.53,25209.0,19652.0,92373.0,0.0,0.0,0.0,226,0,0
2014-05-25,7834743.41,6254562.47,30338.0,21404.0,120860.0,0.0,0.0,0.0,285,0,0
2014-05-26,7196331.6,5750840.38,29609.0,23230.0,125918.0,0.0,0.0,0.0,295,0,0
2014-05-27,11197544.52,8926851.08,30146.0,22918.0,145944.0,0.0,0.0,0.0,466,0,0
2014-05-28,14237002.33,11276884.86,27952.0,22186.0,110221.0,0.0,0.0,0.0,613,0,0
2014-05-29,12708438.64,10157319.36,30992.0,23883.0,135079.0,0.0,0.0,0.0,558,0,0
2014-05-30,13573669.01,10729950.95,28560.0,22570.0,116268.0,0.0,0.0,0.0,598,0,0
2014-05-31,12424970.9,9985304.33,27754.0,22518.0,120629.0,123.27218934911242,14213.0,356.0,513,0,0
2014-06-01,11536710.05,9170211.02,28531.0,21625.0,139896.0,0.0,0.0,0.0,465,0,0
2014-06-02,10120772.07,8076952.84,29119.0,22466.0,98811.0,0.0,0.0,0.0,379,0,0
2014-06-03,7433951.35,5784897.37,27485.0,21760.0,92388.0,0.0,0.0,0.0,283,0,0
2014-06-04,6422990.57,5214120.6,31372.0,24682.0,167700.0,0.0,0.0,0.0,221,0,0
2014-06-05,4701261.04,3843536.1,30289.0,22112.0,134531.0,0.0,0.0,0.0,143,0,0
2014-06-06,4455750.46,3475184.85,27136.0,22179.0,118099.0,0.0,0.0,0.0,179,0,0
2014-06-07,5291724.53,4145797.41,31059.0,24129.0,145769.0,0.0,0.0,0.0,194,0,0
2014-06-08,5672479.42,4555972.93,28049.0,20529.0,129406.0,0.0,0.0,0.0,206,0,0
2014-06-09,5745736.68,4655455.78,30401.0,24133.0,102124.0,0.0,0.0,0.0,240,0,0
2014-06-10,8176131.42,6751336.8,27671.0,21455.0,121832.0,0.0,0.0,0.0,320,0,0
2014-06-11,6815089.25,5416132.65,31871.0,24543.0,140141.0,0.0,0.0,0.0,269,0,0
2014-06-12,6198469.27,4930278.7,29120.0,22829.0,145416.0,0.0,0.0,0.0,233,0,0
2014-06-13,5808360.57,4689299.84,30261.0,22465.0,108371.0,0.0,0.0,0.0,218,0,0
2014-06-14,6159350.48,4887308.6,29999.0,23096.0,122404.0,0.0,0.0,0.0,238,0,0
2014-06-15,6251988.62,5001362.67,31223.0,24204.0,133930.0,0.0,0.0,0.0,233,0,0
2014-06-16,7506669.47,5993922.63,23259.0,17230.0,110680.0,0.0,0.0,0.0,284,0,0
2014-06-17,7985873.38,6364228.97,29091.0,23029.0,108429.0,0.0,0.0,0.0,331,0,0
2014-06-18,6928139.58,5573372.83,22476.0,18096.0,93356.0,0.0,0.0,0.0,291,0,0
2014-06-19,5160401.64,4101123.87,27866.0,22727.0,95424.0,0.0,0.0,0.0,206,0,0
2014-06-20,5726955.46,4649863.18,30816.0,22914.0,118380.0,0.0,0.0,0.0,230,0,0
2014-06-21,5534870.9,4397465.45,30622.0,21512.0,112749.0,0.0,0.0,0.0,230,0,0
2014-06-22,6871043.81,5449439.25,30032.0,21674.0,142020.0,0.0,0.0,0.0,261,0,0
2014-06-23,7520898.79,6115811.37,28623.0,21810.0,155716.0,0.0,0.0,0.0,298,1,1
2014-06-24,8318751.36,7165579.48,31892.0,22653.0,153112.0,0.0,0.0,0.0,350,1,1
2014-06-25,7464560.81,6650267.82,30658.0,24091.0,153275.0,0.0,0.0,0.0,325,1,1
2014-06-26,5465498.81,5160550.9,28821.0,20469.0,104924.0,0.0,0.0,0.0,232,1,1
2014-06-27,6215342.27,5942103.5,31165.0,23193.0,117512.0,0.0,0.0,0.0,263,1,1
2014-06-28,6715989.51,6489880.35,28913.0,20500.0,128800.0,0.0,0.0,0.0,330,1,1
2014-06-29,10967240.25,10676762.03,30012.0,24306.0,121789.0,0.0,0.0,0.0,541,1,1
2014-06-30,8960784.4,8779889.34,25122.0,18170.0,93098.0,127.05788423153693,11799.0,330.0,481,1,1
2014-07-01,9836345.7,9652958.13,24118.0,17786.0,127394.0,0.0,0.0,0.0,470,1,1
2014-07-02,8037264.4,7829854.35,22829.0,18044.0,88984.0,0.0,0.0,0.0,407,1,1
2014-07-03,6599126.14,6280312.35,24291.0,19783.0,87191.0,0.0,0.0,0.0,313,1,1
2014-07-04,1539342.27,1546984.48,19697.0,15074.0,67832.0,0.0,0.0,0.0,67,1,1
2014-07-05,2247607.0,2088267.2,21042.0,16132.0,91459.0,0.0,0.0,0.0,83,1,1
2014-07-06,2992177.47,2950653.66,23161.0,17499.0,106661.0,0.0,0.0,0.0,133,1,1
2014-07-07,3321041.63,3237780.91,23149.0,17267.0,116966.0,0.0,0.0,0.0,166,1,1
2014-07-08,4389991.98,4344681.53,25383.0,19953.0,98382.0,0.0,0.0,0.0,186,1,1
2014-07-09,5089459.45,5002533.36,21166.0,17277.0,101109.0,0.0,0.0,0.0,227,1,1
2014-07-10,5277348.24,5193788.09,24785.0,18490.0,130982.0,0.0,0.0,0.0,238,1,1
2014-07-11,3680744.54,3649066.92,23966.0,18867.0,81909.0,0.0,0.0,0.0,160,1,1
2014-07-12,3635150.5,3488161.59,23198.0,18905.0,106668.0,0.0,0.0,0.0,177,1,1
2014-07-13,4538183.38,4461396.49,21016.0,15177.0,112942.0,0.0,0.0,0.0,202,1,1
2014-07-14,4180514.48,4093927.18,22862.0,18719.0,90583.0,0.0,0.0,0.0,209,1,1
2014-07-15,4729914.86,4685468.3,23206.0,18797.0,74689.0,0.0,0.0,0.0,226,1,1
2014-07-16,5725200.44,5688906.29,25448.0,19172.0,86877.0,0.0,0.0,0.0,291,1,1
2014-07-17,5475110.93,5378778.65,24173.0,17451.0,106949.0,0.0,0.0,0.0,260,1,1
2014-07-18,4518235.32,4447047.74,22467.0,16175.0,105153.0,0.0,0.0,0.0,220,1,1
2014-07-19,4203668.56,3770693.84,19637.0,14226.0,102829.0,0.0,0.0,0.0,188,1,1
2014-07-20,4322625.55,3600969.69,23071.0,16745.0,125329.0,0.0,0.0,0.0,182,1,1
2014-07-21,4796649.21,3768111.9,23563.0,16839.0,117759.0,0.0,0.0,0.0,193,1,1
2014-07-22,6208113.76,5011530.91,20852.0,16050.0,98954.0,0.0,0.0,0.0,257,1,1
2014-07-23,7566031.17,5950276.5,20563.0,16788.0,99371.0,0.0,0.0,0.0,292,0,0
2014-07-24,5905615.09,4674430.56,20142.0,15456.0,101375.0,0.0,0.0,0.0,252,0,0
2014-07-25,4437108.92,3571085.86,23097.0,18708.0,79029.0,0.0,0.0,0.0,179,0,0
2014-07-26,4875867.56,3838617.04,24247.0,19552.0,103070.0,0.0,0.0,0.0,205,0,0
2014-07-27,4695097.96,3728682.43,21988.0,16247.0,95568.0,0.0,0.0,0.0,211,0,0
2014-07-28,5659848.32,4577648.87,22670.0,15945.0,97809.0,0.0,0.0,0.0,227,0,0
2014-07-29,8325936.32,6673852.31,18711.0,13949.0,72733.0,0.0,0.0,0.0,324,0,0
2014-07-30,9849002.97,7950504.57,24281.0,17908.0,81246.0,0.0,0.0,0.0,392,0,0
2014-07-31,12499623.55,10113088.37,19708.0,14084.0,101207.0,134.83877551020407,10712.0,335.0,513,0,0
2014-08-01,10268362.3,8266400.63,24466.0,19362.0,115362.0,0.0,0.0,0.0,400,0,0
2014-08-02,9437585.35,7486465.1,24590.0,19673.0,104410.0,0.0,0.0,0.0,365,0,0
2014-08-03,8311634.97,6613684.99,27896.0,22287.0,129445.0,0.0,0.0,0.0,353,0,0
2014-08-04,7920532.02,6253439.86,25170.0,19950.0,101848.0,0.0,0.0,0.0,272,0,0
2014-08-05,4783590.74,3865614.98,25018.0,19903.0,86055.0,0.0,0.0,0.0,165,0,0
2014-08-06,5768372.14,4433911.0,23442.0,17709.0,121906.0,0.0,0.0,0.0,220,0,0
2014-08-07,4368310.48,3451434.03,23454.0,18090.0,102654.0,0.0,0.0,0.0,174,0,0
2014-08-08,2772020.29,2220747.24,23334.0,18245.0,121130.0,0.0,0.0,0.0,104,0,0
2014-08-09,3001539.63,2354553.12,25341.0,20285.0,126650.0,0.0,0.0,0.0,128,0,0
2014-08-10,3823485.27,3003127.77,29231.0,23328.0,140174.0,0.0,0.0,0.0,152,0,0
2014-08-11,4332284.65,3523421.42,23585.0,17452.0,106386.0,0.0,0.0,0.0,155,0,0
2014-08-12,4968367.41,3950793.43,26756.0,19620.0,99842.0,0.0,0.0,0.0,199,0,0
2014-08-13,5893608.69,4708354.21,27052.0,21739.0,105616.0,0.0,0.0,0.0,250,0,0
2014-08-14,5049141.59,3986642.15,24462.0,18052.0,95230.0,0.0,0.0,0.0,223,0,0
2014-08-15,4964547.64,3886890.99,26593.0,20242.0,111317.0,0.0,0.0,0.0,193,0,0
2014-08-16,4183136.08,3312917.75,23490.0,18504.0,108705.0,0.0,0.0,0.0,163,0,0
2014-08-17,4553293.21,3569236.73,27595.0,19440.0,123897.0,0.0,0.0,0.0,188,0,0
2014-08-18,3852897.93,3032853.62,24284.0,18786.0,92056.0,0.0,0.0,0.0,177,0,0
2014-08-19,5491853.95,4329773.16,27530.0,20093.0,130665.0,0.0,0.0,0.0,222,0,0
2014-08-20,6252896.94,5003338.92,26262.0,21171.0,141919.0,0.0,0.0,0.0,244,0,0
2014-08-21,5420386.94,4272987.79,24400.0,18452.0,124494.0,0.0,0.0,0.0,196,0,0
2014-08-22,3980335.94,3221586.25,27609.0,20885.0,122171.0,0.0,0.0,0.0,142,0,0
2014-08-23,3604919.44,2824202.4,20691.0,14501.0,70328.0,0.0,0.0,0.0,141,0,0
2014-08-24,3975022.95,3208598.81,24220.0,16963.0,109986.0,0.0,0.0,0.0,171,0,0
2014-08-25,4982068.72,3931111.8,22239.0,17722.0,121773.0,0.0,0.0,0.0,192,0,0
2014-08-26,5315751.01,4151656.84,26573.0,21345.0,139315.0,0.0,0.0,0.0,225,0,0
2014-08-27,7880420.55,6267001.76,24745.0,19165.0,121324.0,0.0,0.0,0.0,309,0,0
2014-08-28,13900846.53,11188888.43,24844.0,17570.0,112442.0,0.0,0.0,0.0,587,0,0
2014-08-29,12683009.27,10136587.4,21406.0,16216.0,91997.0,0.0,0.0,0.0,569,0,0
2014-08-30,11574198.37,9088009.4,24035.0,19477.0,110772.0,0.0,0.0,0.0,468,1,1
2014-08-31,11951398.65,9415326.58,26386.0,21171.0,93476.0,131.53398058252426,11887.0,333.0,460,1,1
2014-09-01,10306541.25,8432677.93,15632.0,12444.0,65725.0,0.0,0.0,0.0,387,1,1
2014-09-02,1980913.22,1699049.31,17927.0,14108.0,89498.0,0.0,0.0,0.0,77,1,1
2014-09-03,2013419.84,1783705.47,18132.0,12780.0,84311.0,0.0,0.0,0.0,69,1,1
2014-09-04,2079554.62,1858190.69,18744.0,14326.0,80286.0,0.0,0.0,0.0,80,1,1
2014-09-05,3009749.32,2650108.54,16761.0,12802.0,82021.0,0.0,0.0,0.0,106,1,1
2014-09-06,2651615.67,2379303.77,16392.0,12341.0,61013.0,0.0,0.0,0.0,112,1,1
2014-09-07,3257294.39,2733813.81,16882.0,11861.0,62446.0,0.0,0.0,0.0,135,1,1
2014-09-08,3789247.34,3234658.91,19692.0,14268.0,82611.0,0.0,0.0,0.0,148,1,1
2014-09-09,3050893.58,2636295.62,17866.0,13307.0,93827.0,0.0,0.0,0.0,126,1,1
2014-09-10,2734213.18,2344334.17,17022.0,12401.0,68700.0,0.0,0.0,0.0,119,1,1
2014-09-11,3603376.76,3063452.95,20363.0,16145.0,73927.0,0.0,0.0,0.0,154,1,1
2014-09-12,3387921.49,2941397.85,18930.0,14320.0,68622.0,0.0,0.0,0.0,137,1,1
2014-09-13,4488375.88,3882301.0,16596.0,12438.0,69578.0,0.0,0.0,0.0,188,1,1
2014-09-14,4664595.04,4241668.09,18068.0,14667.0,86883.0,0.0,0.0,0.0,205,1,1
2014-09-15,3434401.74,2989155.15,19576.0,15904.0,77829.0,0.0,0.0,0.0,171,1,1
2014-09-16,3499018.93,3094674.95,17833.0,13068.0,89080.0,0.0,0.0,0.0,133,1,1
2014-09-17,2159581.94,1891350.86,19329.0,15498.0,74137.0,0.0,0.0,0.0,114,1,1
2014-09-18,3245614.46,2827312.43,16909.0,12993.0,86844.0,0.0,0.0,0.0,143,1,1
2014-09-19,3152106.06,2800614.8,17146.0,12184.0,80820.0,0.0,0.0,0.0,143,1,1
2014-09-20,3934660.56,3508771.25,18727.0,13698.0,92596.0,0.0,0.0,0.0,171,1,1
2014-09-21,4973677.98,4472971.42,20058.0,16359.0,105471.0,0.0,0.0,0.0,207,1,1
2014-09-22,4691002.44,4096769.99,18738.0,14953.0,90705.0,0.0,0.0,0.0,208,1,1
2014-09-23,3267077.04,2950868.62,16222.0,11492.0,84429.0,0.0,0.0,0.0,130,1,1
2014-09-24,3651189.03,3193891.83,20395.0,14373.0,70771.0,0.0,0.0,0.0,150,1,1
2014-09-25,3991936.34,3513164.66,16861.0,12170.0,58732.0,0.0,0.0,0.0,179,1,1
2014-09-26,4802241.84,4364819.46,16789.0,12429.0,81845.0,0.0,0.0,0.0,212,1,1
2014-09-27,5922266.1,5104748.73,17582.0,13905.0,90452.0,0.0,0.0,0.0,337,1,1
2014-09-28,6894981.49,6104020.61,16535.0,13449.0,72467.0,0.0,0.0,0.0,335,1,1
2014-09-29,6358369.55,5385912.36,18334.0,14785.0,75135.0,0.0,0.0,0.0,324,1,1
2014-09-30,5625701.93,4992117.65,18116.0,14166.0,65756.0,142.6484210526316,7344.0,325.0,264,1,1
2014-10-01,4131059.59,3367707.8,13714.0,11107.0,47236.0,0.0,0.0,0.0,181,1,1
2014-10-02,2166020.29,1638411.83,14951.0,11807.0,64104.0,0.0,0.0,0.0,78,0,0
2014-10-03,2713373.58,2209685.83,14457.0,10862.0,65675.0,0.0,0.0,0.0,102,0,0
2014-10-04,3061013.56,2383424.37,17077.0,12974.0,80251.0,0.0,0.0,0.0,122,0,0
2014-10-05,3514973.01,2703049.67,15183.0,11554.0,55577.0,0.0,0.0,0.0,137,0,0
2014-10-06,4584954.57,3714150.0,12954.0,10312.0,70101.0,0.0,0.0,0.0,168,0,0
2014-10-07,3826571.36,3029706.85,17560.0,12448.0,82066.0,0.0,0.0,0.0,134,0,0
2014-10-08,3298742.48,2595357.42,15104.0,11381.0,75821.0,0.0,0.0,0.0,118,0,0
2014-10-09,2480246.09,1949299.28,14880.0,12129.0,63532.0,0.0,0.0,0.0,100,0,0
2014-10-10,3324677.65,2616526.38,13932.0,10677.0,45811.0,0.0,0.0,0.0,113,0,0
2014-10-11,3249272.4,2455378.82,15700.0,12404.0,51310.0,0.0,0.0,0.0,129,0,0
2014-10-12,3964814.61,3263898.52,13762.0,10895.0,57265.0,0.0,0.0,0.0,156,0,0
2014-10-13,5257692.13,4155288.51,15576.0,11706.0,80230.0,0.0,0.0,0.0,209,0,0
2014-10-14,5353820.23,4242284.88,12392.0,8920.0,40016.0,0.0,0.0,0.0,204,0,0
2014-10-15,3174858.73,2517101.9,14941.0,11279.0,74168.0,0.0,0.0,0.0,121,0,0
2014-10-16,3035433.21,2343522.12,16025.0,12454.0,81588.0,0.0,0.0,0.0,115,0,0
2014-10-17,3041887.24,2405340.07,12793.0,9282.0,56849.0,0.0,0.0,0.0,115,0,0
2014-10-18,3295901.64,2641429.14,15622.0,11140.0,65864.0,0.0,0.0,0.0,123,0,0
2014-10-19,3906454.96,3097527.04,14950.0,11746.0,62246.0,0.0,0.0,0.0,158,0,0
2014-10-20,4406719.83,3563304.85,14868.0,12106.0,79044.0,0.0,0.0,0.0,189,0,0
2014-10-21,4158469.93,3334418.16,15123.0,11498.0,74369.0,0.0,0.0,0.0,165,0,0
2014-10-22,3185076.38,2622321.88,15703.0,12727.0,57449.0,0.0,0.0,0.0,111,0,0
2014-10-23,3397945.31,2701811.9,14961.0,11645.0,61683.0,0.0,0.0,0.0,128,0,0
2014-10-24,2910624.78,2393219.16,14037.0,11129.0,57829.0,0.0,0.0,0.0,116,0,0
2014-10-25,3710088.5,3052761.25,14637.0,11786.0,73636.0,0.0,0.0,0.0,155,0,0
2014-10-26,3332635.64,2620840.72,13360.0,9804.0,50893.0,0.0,0.0,0.0,154,0,0
2014-10-27,5247620.14,4151809.58,15039.0,11386.0,50863.0,0.0,0.0,0.0,216,0,0
2014-10-28,6122484.1,4933576.08,14021.0,10144.0,72386.0,0.0,0.0,0.0,250,0,0
2014-10-29,6191276.35,4949513.22,15156.0,11304.0,81976.0,0.0,0.0,0.0,250,0,0
2014-10-30,6250389.79,4894988.48,11932.0,8733.0,43393.0,0.0,0.0,0.0,247,0,0
2014-10-31,4687679.79,3734196.88,12268.0,9791.0,56527.0,146.7136752136752,6936.0,325.0,207,0,0
2014-11-01,4474322.51,3463929.06,12350.0,9430.0,59845.0,0.0,0.0,0.0,173,0,0
2014-11-02,3503909.61,2759213.27,9858.0,7662.0,48176.0,0.0,0.0,0.0,123,0,0
2014-11-03,2511155.37,1925980.79,9271.0,7343.0,50990.0,0.0,0.0,0.0,104,0,0
2014-11-04,1758772.81,1413005.18,12479.0,9521.0,50077.0,0.0,0.0,0.0,64,0,0
2014-11-05,2080412.08,1649512.63,11136.0,8963.0,40264.0,0.0,0.0,0.0,82,0,0
2014-11-06,2338580.92,1815525.82,13338.0,9880.0,51475.0,0.0,0.0,0.0,91,0,0
2014-11-07,2391118.65,1914802.56,10458.0,7811.0,57426.0,0.0,0.0,0.0,81,0,0
2014-11-08,2603594.99,2058134.47,11955.0,8407.0,42948.0,0.0,0.0,0.0,118,0,0
2014-11-09,3896973.5,2948324.76,11303.0,8853.0,41316.0,0.0,0.0,0.0,169,0,0
2014-11-10,3578790.21,2955883.0,11746.0,8557.0,42791.0,0.0,0.0,0.0,164,0,0
2014-11-11,3265211.84,2544268.23,13374.0,10001.0,45285.0,0.0,0.0,0.0,116,0,0
2014-11-12,2687977.35,2131053.41,12915.0,9215.0,50492.0,0.0,0.0,0.0,126,0,0
2014-11-13,3661668.42,2973473.14,12214.0,9340.0,58391.0,0.0,0.0,0.0,124,0,0
2014-11-14,4104922.66,3206387.48,12350.0,9904.0,50649.0,0.0,0.0,0.0,163,0,0
2014-11-15,3332537.35,2666922.09,14001.0,10578.0,46627.0,0.0,0.0,0.0,158,0,0
2014-11-16,3926705.12,3165100.53,12751.0,9058.0,42064.0,0.0,0.0,0.0,159,0,0
2014-11-17,3901928.25,3135379.39,13636.0,10191.0,74385.0,0.0,0.0,0.0,150,0,0
2014-11-18,2299920.21,1777742.22,11650.0,9470.0,39351.0,0.0,0.0,0.0,103,0,0
2014-11-19,2365334.24,2037392.28,14539.0,11513.0,63846.0,0.0,0.0,0.0,105,1,1
2014-11-20,2712056.74,2364468.06,11778.0,9547.0,62074.0,0.0,0.0,0.0,128,1,1
2014-11-21,2642726.69,2469983.77,14690.0,10969.0,49729.0,0.0,0.0,0.0,146,1,1
2014-11-22,2355839.63,2373102.5,11106.0,8861.0,43498.0,0.0,0.0,0.0,134,1,1
2014-11-23,2702782.41,2732923.6,11209.0,8434.0,45394.0,0.0,0.0,0.0,160,1,1
2014-11-24,2994851.12,2989623.83,11794.0,9133.0,54219.0,0.0,0.0,0.0,158,1,1
2014-11-25,1951300.95,1961306.08,13405.0,10873.0,69008.0,0.0,0.0,0.0,103,1,1
2014-11-26,3005133.94,3070985.43,13829.0,10685.0,63366.0,0.0,0.0,0.0,140,1,1
2014-11-27,4582936.62,4552287.3,11438.0,8649.0,52208.0,0.0,0.0,0.0,292,1,1
2014-11-28,3803816.23,3776489.22,11931.0,8377.0,47295.0,0.0,0.0,0.0,260,1,1
2014-11-29,3693923.36,3714680.69,13244.0,10019.0,49923.0,0.0,0.0,0.0,249,1,1
2014-11-30,4164373.0,4139199.1,12733.0,9914.0,61026.0,149.1159737417943,6656.0,302.0,278,1,1
2014-12-01,3293606.72,3371041.49,13705.0,9764.0,53255.0,0.0,0.0,0.0,203,1,1
2014-12-02,1913468.28,1934027.84,13930.0,10971.0,54294.0,0.0,0.0,0.0,90,1,1
2014-12-03,1725054.96,1639460.56,12384.0,9270.0,45118.0,0.0,0.0,0.0,79,1,1
2014-12-04,1490172.71,1377244.92,14206.0,10153.0,52846.0,0.0,0.0,0.0,88,1,1
2014-12-05,1855814.16,1814623.65,13501.0,10608.0,49671.0,0.0,0.0,0.0,98,1,1
2014-12-06,2498471.96,2457252.11,12995.0,9605.0,70307.0,0.0,0.0,0.0,130,1,1
2014-12-07,2209128.82,2214964.0,14178.0,10013.0,75929.0,0.0,0.0,0.0,147,1,1
2014-12-08,3029845.63,2938276.72,10946.0,7808.0,41963.0,0.0,0.0,0.0,192,1,1
2014-12-09,3265900.4,3069037.78,15116.0,10581.0,61132.0,0.0,0.0,0.0,180,1,1
2014-12-10,2659858.85,2559688.79,13155.0,10761.0,69185.0,0.0,0.0,0.0,141,1,1
2014-12-11,2499031.03,2479880.93,12828.0,10374.0,62511.0,0.0,0.0,0.0,133,1,1
2014-12-12,2451281.84,2348048.7,14397.0,10681.0,55748.0,0.0,0.0,0.0,142,1,1
2014-12-13,2618181.33,2655502.75,15411.0,12030.0,59202.0,0.0,0.0,0.0,162,1,1
2014-12-14,2868448.18,2822169.24,12133.0,9704.0,55972.0,0.0,0.0,0.0,180,1,1
2014-12-15,3675108.42,3622573.69,14071.0,10058.0,67194.0,0.0,0.0,0.0,240,1,1
2014-12-16,3587166.39,3452397.12,14337.0,11208.0,71824.0,0.0,0.0,0.0,247,1,1
2014-12-17,2950563.8,2911687.56,13526.0,9659.0,48171.0,0.0,0.0,0.0,197,1,1
2014-12-18,2684991.91,2614938.98,13579.0,10491.0,45698.0,0.0,0.0,0.0,183,1,1
2014-12-19,3424258.6,3465424.79,12495.0,9094.0,55293.0,0.0,0.0,0.0,219,1,1
2014-12-20,3898670.99,3764085.99,12762.0,9406.0,55784.0,0.0,0.0,0.0,257,1,1
2014-12-21,4372128.59,4286124.01,11970.0,8637.0,45192.0,0.0,0.0,0.0,307,1,1
2014-12-22,3430574.36,3435107.36,13175.0,10041.0,61750.0,0.0,0.0,0.0,306,1,1
2014-12-23,2791569.02,2665014.26,16728.0,12230.0,72737.0,0.0,0.0,0.0,247,1,1
2014-12-24,2610156.84,2591612.44,15005.0,11921.0,78947.0,0.0,0.0,0.0,198,1,1
2014-12-25,2573745.23,2584515.85,14984.0,11307.0,62313.0,0.0,0.0,0.0,211,1,1
2014-12-26,2922497.3,2877653.62,12836.0,10452.0,50229.0,0.0,0.0,0.0,240,1,1
2014-12-27,3575283.76,3538078.72,12176.0,9846.0,39355.0,0.0,0.0,0.0,285,1,1
2014-12-28,8484445.21,8405135.96,14412.0,11054.0,78580.0,0.0,0.0,0.0,567,1,1
2014-12-29,7063840.79,6908131.26,14420.0,11734.0,47763.0,0.0,0.0,0.0,538,1,1
2014-12-30,5708142.92,5488862.89,14751.0,11393.0,55478.0,0.0,0.0,0.0,418,1,1
2014-12-31,5625288.94,5528179.38,14154.0,10690.0,63205.0,150.331223628692,11368.0,309.0,402,1,1
2015-01-01,4576460.18,4315048.16,11938.0,9703.0,49079.0,0.0,0.0,0.0,305,1,1
2015-01-02,1625420.31,1281805.11,12631.0,8889.0,62686.0,0.0,0.0,0.0,62,1,1
2015-01-03,1176312.94,876576.96,11528.0,8833.0,40725.0,0.0,0.0,0.0,61,0,0
2015-01-04,2651400.23,2169221.09,10546.0,7828.0,51512.0,0.0,0.0,0.0,106,0,0
2015-01-05,2457539.39,1930809.0,11328.0,9200.0,48905.0,0.0,0.0,0.0,88,0,0
2015-01-06,1621284.62,1301383.65,9268.0,7471.0,38649.0,0.0,0.0,0.0,55,0,0
2015-01-07,1981408.07,1560596.56,10147.0,7857.0,33888.0,0.0,0.0,0.0,76,0,0
2015-01-08,1318438.15,1057739.56,8997.0,6847.0,34451.0,0.0,0.0,0.0,58,0,0
2015-01-09,2144901.8,1679915.91,12849.0,10119.0,58922.0,0.0,0.0,0.0,81,0,0
2015-01-10,1830727.22,1385986.39,11873.0,8645.0,64601.0,0.0,0.0,0.0,79,0,0
2015-01-11,3254430.17,2604455.39,11735.0,8824.0,58810.0,0.0,0.0,0.0,129,0,0
2015-01-12,2427966.79,1902989.93,12986.0,10533.0,59184.0,0.0,0.0,0.0,92,0,0
2015-01-13,2138729.21,1742327.89,11908.0,9263.0,38118.0,0.0,0.0,0.0,76,0,0
2015-01-14,2835456.9,2191456.13,12735.0,9340.0,50389.0,0.0,0.0,0.0,95,0,0
2015-01-15,2047933.05,1631831.77,12630.0,9430.0,45764.0,0.0,0.0,0.0,83,0,0
2015-01-16,2569213.44,2030636.7,11982.0,8884.0,42069.0,0.0,0.0,0.0,94,0,0
2015-01-17,2588700.22,2035239.72,10268.0,7696.0,50373.0,0.0,0.0,0.0,115,0,0
2015-01-18,3021302.7,2433685.6,10164.0,7618.0,54711.0,0.0,0.0,0.0,122,0,0
2015-01-19,2851705.68,2258471.9,11734.0,8493.0,49230.0,0.0,0.0,0.0,115,0,0
2015-01-20,2455411.13,1957537.38,10857.0,8425.0,50716.0,0.0,0.0,0.0,93,0,0
2015-01-21,2603856.87,2019373.54,11368.0,8795.0,37330.0,0.0,0.0,0.0,91,0,0
2015-01-22,2683523.21,2190572.01,12159.0,9424.0,53924.0,0.0,0.0,0.0,108,0,0
2015-01-23,2703262.73,2149537.87,13034.0,10656.0,62656.0,0.0,0.0,0.0,107,0,0
2015-01-24,4004609.82,3181968.24,12673.0,9972.0,52366.0,0.0,0.0,0.0,143,0,0
2015-01-25,4665645.74,3747345.78,10995.0,8907.0,48943.0,0.0,0.0,0.0,165,0,0
2015-01-26,4084367.08,3209020.3,12273.0,9523.0,52623.0,0.0,0.0,0.0,152,0,0
2015-01-27,3116141.82,2455632.77,12089.0,9078.0,39559.0,0.0,0.0,0.0,120,0,0
2015-01-28,4612174.41,3603868.33,12441.0,9685.0,50069.0,0.0,0.0,0.0,188,0,0
2015-01-29,5300109.93,4295752.25,12264.0,8882.0,42039.0,0.0,0.0,0.0,193,0,0
2015-01-30,4336302.07,3457573.62,11133.0,7908.0,44130.0,0.0,0.0,0.0,174,1,1
2015-01-31,4195901.17,3269383.7,10453.0,7595.0,51485.0,153.09251101321587,5216.0,321.0,180,1,1
2015-02-01,4977201.37,4063980.38,15593.0,11059.0,53441.0,0.0,0.0,0.0,186,1,1
2015-02-02,2901454.29,2325361.53,15910.0,13006.0,61981.0,0.0,0.0,0.0,98,1,1
2015-02-03,1779457.49,1427675.21,15721.0,11891.0,59210.0,0.0,0.0,0.0,71,1,1
2015-02-04,2496729.14,2129083.48,17552.0,12726.0,92236.0,0.0,0.0,0.0,99,1,1
2015-02-05,2500351.24,2064567.04,16196.0,12951.0,75150.0,0.0,0.0,0.0,86,1,1
2015-02-06,3457294.9,2699578.13,17363.0,13848.0,59004.0,0.0,0.0,0.0,115,1,1
2015-02-07,3570886.94,2952636.69,18408.0,14137.0,78214.0,0.0,0.0,0.0,142,1,1
2015-02-08,4197082.23,3455113.24,16090.0,12699.0,72582.0,0.0,0.0,0.0,160,1,1
2015-02-09,4490187.64,3675813.84,17476.0,12915.0,60213.0,0.0,0.0,0.0,140,1,1
2015-02-10,2813867.9,2247526.75,18527.0,13995.0,66887.0,0.0,0.0,0.0,118,1,1
2015-02-11,3311241.3,2623112.64,18408.0,14673.0,81784.0,0.0,0.0,0.0,123,1,1
2015-02-12,3468141.29,2797170.91,16304.0,13006.0,62018.0,0.0,0.0,0.0,132,1,1
2015-02-13,4164849.99,3458801.88,20518.0,15147.0,76117.0,0.0,0.0,0.0,152,1,1
2015-02-14,4312422.12,3541992.72,13711.0,9875.0,60627.0,0.0,0.0,0.0,171,1,1
2015-02-15,4757224.49,3925128.98,17280.0,12439.0,68446.0,0.0,0.0,0.0,201,1,1
2015-02-16,4817928.66,3988291.36,17693.0,12413.0,89965.0,0.0,0.0,0.0,219,1,1
2015-02-17,4293160.67,3537248.79,16802.0,12521.0,74388.0,0.0,0.0,0.0,142,1,1
2015-02-18,3209407.04,2685036.44,16725.0,12085.0,61913.0,0.0,0.0,0.0,135,1,1
2015-02-19,3793775.02,3109300.19,16363.0,12198.0,79512.0,0.0,0.0,0.0,153,1,1
2015-02-20,4760336.65,3942085.3,18730.0,15092.0,95572.0,0.0,0.0,0.0,176,1,1
2015-02-21,4368539.08,3544819.23,15952.0,11280.0,70645.0,0.0,0.0,0.0,198,1,1
2015-02-22,5784606.22,4804964.15,16431.0,13211.0,79486.0,0.0,0.0,0.0,224,1,1
2015-02-23,7360399.98,5966271.62,14463.0,11021.0,50731.0,0.0,0.0,0.0,275,1,1
2015-02-24,5473140.47,4450268.77,17173.0,13667.0,71689.0,0.0,0.0,0.0,212,1,1
2015-02-25,8502202.85,7083827.01,14450.0,11692.0,51345.0,0.0,0.0,0.0,375,1,1
2015-02-26,6528340.52,5386905.64,18508.0,15057.0,88646.0,0.0,0.0,0.0,257,1,1
2015-02-27,4695415.58,3896449.69,14926.0,11229.0,53940.0,0.0,0.0,0.0,196,1,1
2015-02-28,3896812.17,3287398.94,15722.0,11744.0,83724.0,154.0132743362832,7071.0,298.0,159,1,1
2015-03-01,4612623.19,3760240.57,21480.0,17584.0,81546.0,0.0,0.0,0.0,201,1,1
2015-03-02,1204115.66,996728.16,22178.0,17801.0,84529.0,0.0,0.0,0.0,44,0,0
2015-03-03,2971078.12,2450231.82,23311.0,16676.0,118505.0,0.0,0.0,0.0,88,0,0
2015-03-04,3275231.73,2540097.74,20723.0,16144.0,99756.0,0.0,0.0,0.0,114,0,0
2015-03-05,3623778.02,2818823.69,24841.0,19625.0,110043.0,0.0,0.0,0.0,130,0,0
2015-03-06,4126698.63,3333077.32,23903.0,18195.0,115420.0,0.0,0.0,0.0,113,0,0
2015-03-07,3652751.16,2946148.77,20579.0,16101.0,83988.0,0.0,0.0,0.0,122,0,0
2015-03-08,3679065.16,2903799.07,23101.0,16215.0,83326.0,0.0,0.0,0.0,124,0,0
2015-03-09,4520902.2,3610296.4,23240.0,17341.0,117770.0,0.0,0.0,0.0,171,0,0
2015-03-10,5042080.93,3980962.03,23566.0,17258.0,107264.0,0.0,0.0,0.0,167,0,0
2015-03-11,6098020.8,4928286.75,22870.0,16676.0,97024.0,0.0,0.0,0.0,240,0,0
2015-03-12,4869770.72,3760439.95,28148.0,22855.0,147647.0,0.0,0.0,0.0,184,0,0
2015-03-13,3474969.89,2712283.16,21363.0,15687.0,117397.0,0.0,0.0,0.0,135,0,0
2015-03-14,4711284.42,3671123.8,22276.0,17876.0,89445.0,0.0,0.0,0.0,172,0,0
2015-03-15,5040735.75,4008157.53,22351.0,15744.0,120642.0,0.0,0.0,0.0,198,0,0
2015-03-16,5602879.7,4422966.9,24269.0,19775.0,108034.0,0.0,0.0,0.0,212,0,0
2015-03-17,5692241.74,4623906.32,21379.0,16480.0,69949.0,0.0,0.0,0.0,238,0,0
2015-03-18,6793794.72,5583548.33,18253.0,14079.0,88133.0,0.0,0.0,0.0,274,1,1
2015-03-19,6012381.06,5053767.27,23852.0,18973.0,85968.0,0.0,0.0,0.0,236,1,1
2015-03-20,4887915.96,4122124.89,19678.0,15237.0,70975.0,0.0,0.0,0.0,208,1,1
2015-03-21,4566270.71,4002288.11,26207.0,20418.0,100420.0,0.0,0.0,0.0,199,1,1
2015-03-22,5271032.0,4721422.49,21331.0,16844.0,89042.0,0.0,0.0,0.0,222,1,1
2015-03-23,5172623.98,4663072.48,21839.0,15483.0,115455.0,0.0,0.0,0.0,222,1,1
2015-03-24,6187718.83,5662250.07,23120.0,18841.0,108910.0,0.0,0.0,0.0,280,1,1
2015-03-25,6763449.95,6062883.43,22944.0,18479.0,126137.0,0.0,0.0,0.0,314,1,1
2015-03-26,6983791.47,6190732.25,27836.0,19713.0,131624.0,0.0,0.0,0.0,307,1,1
2015-03-27,5007891.27,4516109.24,23381.0,18490.0,127905.0,0.0,0.0,0.0,231,1,1
2015-03-28,5941997.22,5296480.62,23832.0,18925.0,108548.0,0.0,0.0,0.0,253,1,1
2015-03-29,6087900.7,5431213.47,24705.0,19907.0,100168.0,0.0,0.0,0.0,269,1,1
2015-03-30,14251354.04,12890205.46,21988.0,15721.0,91135.0,0.0,0.0,0.0,613,1,1
2015-03-31,14813965.34,13306811.36,23712.0,17041.0,118451.0,148.02674897119343,9006.0,298.0,624,1,1
2015-04-01,13697879.88,12323133.99,29410.0,23296.0,117637.0,0.0,0.0,0.0,627,1,1
2015-04-02,11638587.41,10494545.99,30456.0,22808.0,137521.0,0.0,0.0,0.0,497,1,1
2015-04-03,10239965.04,9205352.56,31142.0,23705.0,131744.0,0.0,0.0,0.0,455,1,1
2015-04-04,4214414.51,3835706.41,27051.0,22178.0,97672.0,0.0,0.0,0.0,147,1,1
2015-04-05,4549233.48,4060392.25,34818.0,26213.0,179530.0,0.0,0.0,0.0,189,1,1
2015-04-06,5947351.85,5501604.96,32488.0,25628.0,104296.0,0.0,0.0,0.0,227,1,1
2015-04-07,6969771.13,6115686.29,37841.0,28534.0,193746.0,0.0,0.0,0.0,272,1,1
2015-04-08,6923568.08,6092200.11,31407.0,23603.0,105754.0,0.0,0.0,0.0,268,1,1
2015-04-09,5334934.77,4630574.68,33264.0,25339.0,131080.0,0.0,0.0,0.0,211,1,1
2015-04-10,5286341.9,4755107.84,31701.0,23905.0,138034.0,0.0,0.0,0.0,236,1,1
2015-04-11,7223512.23,6692976.84,32699.0,24505.0,156139.0,0.0,0.0,0.0,304,1,1
2015-04-12,6941143.47,6173613.48,33695.0,23984.0,164092.0,0.0,0.0,0.0,292,1,1
2015-04-13,8008850.6,7198672.06,32788.0,25880.0,169275.0,0.0,0.0,0.0,332,1,1
2015-04-14,9764966.49,8525033.47,31794.0,25698.0,162134.0,0.0,0.0,0.0,443,1,1
2015-04-15,8464241.45,7283839.1,30748.0,23319.0,121391.0,0.0,0.0,0.0,341,1,1
2015-04-16,6025485.77,5033699.98,30162.0,22150.0,117724.0,0.0,0.0,0.0,266,1,1
2015-04-17,6481493.13,5294636.04,34071.0,26707.0,177596.0,0.0,0.0,0.0,254,1,1
2015-04-18,7432727.07,5745887.3,34778.0,24920.0,112807.0,0.0,0.0,0.0,261,0,0
2015-04-19,6854069.17,5371424.19,34164.0,25611.0,119369.0,0.0,0.0,0.0,264,0,0
2015-04-20,8942873.22,6952833.82,33331.0,27313.0,182278.0,0.0,0.0,0.0,352,0,0
2015-04-21,11246554.8,8986101.87,29124.0,22796.0,130729.0,0.0,0.0,0.0,429,0,0
2015-04-22,9099886.14,7216624.95,28703.0,20207.0,137953.0,0.0,0.0,0.0,370,0,0
2015-04-23,7548994.85,5939101.06,33494.0,26912.0,158159.0,0.0,0.0,0.0,291,0,0
2015-04-24,6578500.68,5143109.11,31753.0,22949.0,170691.0,0.0,0.0,0.0,281,0,0
2015-04-25,9981817.81,7741342.2,36571.0,26976.0,179957.0,0.0,0.0,0.0,381,0,0
2015-04-26,8486257.42,6790371.72,30907.0,23892.0,116178.0,0.0,0.0,0.0,352,0,0
2015-04-27,11233528.64,8990933.6,34074.0,24139.0,114811.0,0.0,0.0,0.0,431,0,0
2015-04-28,14371525.01,11368208.46,31168.0,23641.0,123478.0,0.0,0.0,0.0,555,0,0
2015-04-29,15294818.22,12456433.34,35794.0,25274.0,128333.0,0.0,0.0,0.0,628,0,0
2015-04-30,14911130.64,11744026.43,28994.0,22062.0,150712.0,144.10763209393346,15731.0,356.0,546,0,0
2015-05-01,11462217.29,9026019.09,30846.0,24315.0,163628.0,0.0,0.0,0.0,469,0,0
2015-05-02,8951414.69,7003240.14,33476.0,26822.0,182726.0,0.0,0.0,0.0,360,0,0
2015-05-03,7902349.85,6325430.88,24534.0,20051.0,126935.0,0.0,0.0,0.0,315,0,0
2015-05-04,4063632.19,3220456.05,29719.0,20848.0,155249.0,0.0,0.0,0.0,132,0,0
2015-05-05,4993358.48,3895803.59,28430.0,20543.0,107343.0,0.0,0.0,0.0,175,0,0
2015-05-06,5912157.02,4721080.32,27853.0,20910.0,131355.0,0.0,0.0,0.0,201,0,0
2015-05-07,6417545.13,5062352.65,24031.0,17827.0,83533.0,0.0,0.0,0.0,212,0,0
2015-05-08,4654167.53,3561342.38,29160.0,23034.0,109154.0,0.0,0.0,0.0,171,0,0
2015-05-09,4178643.57,3269969.19,31489.0,23349.0,164844.0,0.0,0.0,0.0,160,0,0
2015-05-10,5135747.06,3949880.44,28854.0,20819.0,121753.0,0.0,0.0,0.0,210,0,0
2015-05-11,6740124.2,5364204.35,30303.0,21569.0,101312.0,0.0,0.0,0.0,241,0,0
2015-05-12,6877097.83,5464941.46,29164.0,20797.0,132743.0,0.0,0.0,0.0,268,0,0
2015-05-13,8472230.27,6752088.25,28695.0,22220.0,132422.0,0.0,0.0,0.0,314,0,0
2015-05-14,8373161.73,6566657.69,24060.0,17186.0,83908.0,0.0,0.0,0.0,310,0,0
2015-05-15,6454103.0,5103049.75,27784.0,22574.0,100088.0,0.0,0.0,0.0,246,0,0
2015-05-16,6409003.84,5140481.43,25165.0,19778.0,109606.0,0.0,0.0,0.0,246,0,0
2015-05-17,6593507.34,5168476.45,32410.0,24265.0,113804.0,0.0,0.0,0.0,254,0,0
2015-05-18,7049312.68,5707463.8,26179.0,20898.0,133705.0,0.0,0.0,0.0,289,0,0
2015-05-19,8167385.27,6584434.28,29063.0,21602.0,150346.0,0.0,0.0,0.0,340,0,0
2015-05-20,10886447.11,8610088.68,30494.0,24191.0,126406.0,0.0,0.0,0.0,429,0,0
2015-05-21,9585349.34,7629673.54,29062.0,20606.0,123437.0,0.0,0.0,0.0,357,0,0
2015-05-22,6849849.55,5526949.11,27267.0,20288.0,149515.0,0.0,0.0,0.0,273,0,0
2015-05-23,5769728.11,4699867.99,30173.0,23985.0,100559.0,0.0,0.0,0.0,242,0,0
2015-05-24,7759286.87,6115304.75,27244.0,19433.0,90867.0,0.0,0.0,0.0,289,0,0
2015-05-25,6648911.62,5479719.27,29094.0,21740.0,129228.0,0.0,0.0,0.0,257,0,0
2015-05-26,7250067.07,5753775.74,27670.0,21242.0,95316.0,0.0,0.0,0.0,288,0,0
2015-05-27,11264269.11,8911794.91,26401.0,20469.0,119105.0,0.0,0.0,0.0,426,0,0
2015-05-28,10886440.76,8702126.28,27850.0,20116.0,89456.0,0.0,0.0,0.0,390,0,0
2015-05-29,7443400.33,6010039.49,34451.0,27090.0,172863.0,0.0,0.0,0.0,302,0,0
2015-05-30,14386454.27,11671007.33,30967.0,24404.0,149751.0,0.0,0.0,0.0,581,0,0
2015-05-31,12847323.1,10142347.13,27874.0,21527.0,109033.0,158.81372549019608,12177.0,342.0,526,0,0
2015-06-01,12707400.56,9938849.85,29318.0,22266.0,98658.0,0.0,0.0,0.0,485,0,0
2015-06-02,10370270.22,8221123.6,30701.0,24975.0,126635.0,0.0,0.0,0.0,448,0,0
2015-06-03,12915899.82,10182209.97,32446.0,23589.0,166997.0,0.0,0.0,0.0,499,0,0
2015-06-04,4389371.3,3612066.24,28794.0,21415.0,121730.0,0.0,0.0,0.0,142,0,0
2015-06-05,4689415.18,3666593.72,28463.0,19935.0,144463.0,0.0,0.0,0.0,158,0,0
2015-06-06,4504545.31,3683127.75,34892.0,28589.0,164211.0,0.0,0.0,0.0,155,0,0
2015-06-07,4737477.49,3636812.14,32243.0,25956.0,145312.0,0.0,0.0,0.0,163,0,0
2015-06-08,5997977.12,4767036.54,32199.0,25978.0,170674.0,0.0,0.0,0.0,199,0,0
2015-06-09,7149148.38,5741574.05,27727.0,19941.0,145314.0,0.0,0.0,0.0,260,0,0
2015-06-10,7033422.25,5437275.2,31622.0,24009.0,125377.0,0.0,0.0,0.0,245,0,0
2015-06-11,5174085.58,4188520.67,32332.0,23402.0,159377.0,0.0,0.0,0.0,177,0,0
2015-06-12,6351066.12,4900508.38,24605.0,19576.0,116966.0,0.0,0.0,0.0,218,0,0
2015-06-13,5087923.97,3913528.15,31158.0,23057.0,166081.0,0.0,0.0,0.0,205,0,0
2015-06-14,7257781.25,5645520.63,29214.0,21013.0,150301.0,0.0,0.0,0.0,240,0,0
2015-06-15,7185781.7,5677039.63,32287.0,25912.0,128566.0,0.0,0.0,0.0,270,0,0
2015-06-16,7904688.49,6283325.81,26776.0,19786.0,104352.0,0.0,0.0,0.0,311,0,0
2015-06-17,8476249.0,6775868.17,35371.0,28846.0,155050.0,0.0,0.0,0.0,300,0,0
2015-06-18,6561476.72,5174441.56,30266.0,22102.0,104739.0,0.0,0.0,0.0,220,0,0
2015-06-19,5300940.37,4147889.8,35795.0,27659.0,158232.0,0.0,0.0,0.0,206,0,0
2015-06-20,5709630.01,4391167.7,29012.0,20477.0,144998.0,0.0,0.0,0.0,218,0,0
2015-06-21,5755437.59,4546815.45,34568.0,26635.0,143948.0,0.0,0.0,0.0,228,0,0
2015-06-22,8091120.75,6486078.97,30368.0,24526.0,101421.0,0.0,0.0,0.0,269,0,0
2015-06-23,8014615.36,6549729.21,34822.0,25528.0,161315.0,0.0,0.0,0.0,318,1,1
2015-06-24,8106694.48,6848465.28,27399.0,19217.0,103711.0,0.0,0.0,0.0,290,1,1
2015-06-25,6395417.81,5471074.95,31624.0,25240.0,150529.0,0.0,0.0,0.0,247,1,1
2015-06-26,5791488.27,5164656.66,30769.0,22895.0,140394.0,0.0,0.0,0.0,243,1,1
2015-06-27,5907901.77,5761761.16,29801.0,24190.0,145509.0,0.0,0.0,0.0,267,1,1
2015-06-28,7048110.81,6755443.51,24381.0,17220.0,129189.0,0.0,0.0,0.0,324,1,1
2015-06-29,10266326.47,10003747.48,34732.0,24375.0,156417.0,0.0,0.0,0.0,525,1,1
2015-06-30,10954727.42,10628217.87,33102.0,24296.0,110641.0,164.39717741935485,12815.0,328.0,557,1,1
2015-07-01,9503954.04,9190648.76,20602.0,16457.0,79358.0,0.0,0.0,0.0,458,1,1
2015-07-02,8552727.69,8154787.16,27231.0,22131.0,124329.0,0.0,0.0,0.0,386,1,1
2015-07-03,6047919.06,5867150.51,24958.0,18340.0,128945.0,0.0,0.0,0.0,274,1,1
2015-07-04,1184319.43,1068025.58,24138.0,19174.0,106014.0,0.0,0.0,0.0,42,1,1
2015-07-05,2966146.59,2810871.75,26737.0,19679.0,85774.0,0.0,0.0,0.0,115,1,1
2015-07-06,2490899.57,2437063.72,26606.0,19213.0,138752.0,0.0,0.0,0.0,122,1,1
2015-07-07,4185006.32,3947428.34,26622.0,20411.0,87438.0,0.0,0.0,0.0,161,1,1
2015-07-08,4333446.86,4256271.94,22401.0,17945.0,112821.0,0.0,0.0,0.0,192,1,1
2015-07-09,6011409.46,5756814.71,22941.0,16968.0,76486.0,0.0,0.0,0.0,227,1,1
2015-07-10,3936544.23,3750891.91,20649.0,15288.0,99177.0,0.0,0.0,0.0,164,1,1
2015-07-11,3965266.87,3859812.43,26986.0,19812.0,119096.0,0.0,0.0,0.0,168,1,1
2015-07-12,4444033.83,4308843.11,23368.0,16615.0,87437.0,0.0,0.0,0.0,194,1,1
2015-07-13,4008119.02,3879117.89,24986.0,19531.0,92624.0,0.0,0.0,0.0,188,1,1
2015-07-14,4541662.42,4427340.58,25268.0,19699.0,122868.0,0.0,0.0,0.0,215,1,1
2015-07-15,6195528.74,5945270.24,28980.0,22939.0,141557.0,0.0,0.0,0.0,269,1,1
2015-07-16,5351713.45,5204783.4,25987.0,18625.0,134344.0,0.0,0.0,0.0,245,1,1
2015-07-17,3953465.4,3879500.64,23621.0,17228.0,123032.0,0.0,0.0,0.0,178,1,1
2015-07-18,4352743.94,4230281.82,22256.0,17049.0,73505.0,0.0,0.0,0.0,182,1,1
2015-07-19,4734057.3,4244345.55,25777.0,19987.0,102382.0,0.0,0.0,0.0,200,1,1
2015-07-20,4593431.52,3967198.09,21426.0,15804.0,83474.0,0.0,0.0,0.0,201,1,1
2015-07-21,6205610.6,5212906.4,26411.0,20585.0,89690.0,0.0,0.0,0.0,240,1,1
2015-07-22,7003315.42,5699625.87,25454.0,20168.0,116758.0,0.0,0.0,0.0,262,1,1
2015-07-23,6241579.84,5041557.0,25169.0,19631.0,112460.0,0.0,0.0,0.0,241,0,0
2015-07-24,4815209.73,3864863.25,27430.0,19435.0,98020.0,0.0,0.0,0.0,183,0,0
2015-07-25,4869837.46,3980424.09,26582.0,18972.0,92409.0,0.0,0.0,0.0,173,0,0
2015-07-26,5323996.74,4436550.96,25938.0,19698.0,133086.0,0.0,0.0,0.0,191,0,0
2015-07-27,5603376.79,4431670.86,24503.0,19723.0,94009.0,0.0,0.0,0.0,207,0,0
2015-07-28,6826651.55,5538901.92,24684.0,17484.0,103037.0,0.0,0.0,0.0,281,0,0
2015-07-29,9470985.24,7602775.68,23935.0,17376.0,101797.0,0.0,0.0,0.0,367,0,0
2015-07-30,10296776.67,9762134.91,28283.0,19983.0,112059.0,0.0,0.0,0.0,471,1,1
2015-07-31,8227312.7,8001039.19,27777.0,21301.0,142543.0,168.01012145748987,10397.0,327.0,419,1,1
2015-08-01,7969399.16,8307674.69,25416.0,19592.0,107939.0,0.0,0.0,0.0,403,1,1
2015-08-02,5808782.79,6999844.19,25347.0,18517.0,89162.0,0.0,0.0,0.0,357,1,1
2015-08-03,4720575.96,6451104.36,28461.0,21974.0,110496.0,0.0,0.0,0.0,298,1,1
2015-08-04,2658117.34,3894709.67,26191.0,21319.0,119413.0,0.0,0.0,0.0,181,1,1
2015-08-05,2978173.12,4001425.35,29226.0,21369.0,95035.0,0.0,0.0,0.0,180,1,1
2015-08-06,2558707.18,3656184.22,24693.0,18406.0,96182.0,0.0,0.0,0.0,148,1,1
2015-08-07,1981109.04,2648627.83,26800.0,19332.0,117374.0,0.0,0.0,0.0,115,1,1
2015-08-08,1709563.14,2428463.02,26294.0,19881.0,138084.0,0.0,0.0,0.0,106,1,1
2015-08-09,2122689.02,2864218.57,23894.0,18799.0,78998.0,0.0,0.0,0.0,122,1,1
2015-08-10,2341717.61,3233525.06,28341.0,21424.0,125275.0,0.0,0.0,0.0,144,1,1
2015-08-11,2434219.28,3451194.49,25098.0,17651.0,83606.0,0.0,0.0,0.0,164,1,1
2015-08-12,3555473.95,4878289.67,27210.0,19954.0,143071.0,0.0,0.0,0.0,260,1,1
2015-08-13,2921138.79,3979730.24,23810.0,16914.0,125846.0,0.0,0.0,0.0,191,1,1
2015-08-14,2842163.51,3979723.24,27482.0,20412.0,94726.0,0.0,0.0,0.0,160,1,1
2015-08-15,2655077.08,3723026.61,24803.0,20079.0,101731.0,0.0,0.0,0.0,169,1,1
2015-08-16,2851597.29,3843042.72,30678.0,21654.0,114864.0,0.0,0.0,0.0,186,1,1
2015-08-17,2804909.03,3580539.39,25286.0,18149.0,127955.0,0.0,0.0,0.0,177,1,1
2015-08-18,3797369.86,5081331.41,26259.0,18641.0,139980.0,0.0,0.0,0.0,234,1,1
2015-08-19,3996506.07,5388360.8,28515.0,20565.0,102526.0,0.0,0.0,0.0,269,1,1
2015-08-20,3542649.14,4967122.51,26047.0,19340.0,94210.0,0.0,0.0,0.0,231,1,1
2015-08-21,2826694.43,4029608.29,27624.0,20884.0,104074.0,0.0,0.0,0.0,172,1,1
2015-08-22,2330134.4,3196044.6,28267.0,20186.0,105913.0,0.0,0.0,0.0,150,1,1
2015-08-23,2980880.01,4035327.45,26494.0,18687.0,102152.0,0.0,0.0,0.0,201,1,1
2015-08-24,2905862.72,4140352.34,26670.0,19153.0,98635.0,0.0,0.0,0.0,199,1,1
2015-08-25,3470416.25,4713031.14,29244.0,22860.0,123604.0,0.0,0.0,0.0,227,1,1
2015-08-26,4027164.09,5549423.27,24536.0,18480.0,127640.0,0.0,0.0,0.0,267,1,1
2015-08-27,3564052.29,4867784.09,26269.0,19468.0,91099.0,0.0,0.0,0.0,245,1,1
2015-08-28,8506950.72,11044258.41,26954.0,19364.0,144057.0,0.0,0.0,0.0,599,1,1
2015-08-29,7794439.44,10361751.16,28818.0,22955.0,158022.0,0.0,0.0,0.0,541,1,1
2015-08-30,7344062.69,9260104.74,27508.0,20195.0,109859.0,0.0,0.0,0.0,512,1,2
2015-08-31,7854391.23,10070785.58,27293.0,19240.0,139809.0,157.38372093023256,11641.0,336.0,509,1,2
2015-09-01,6760812.85,8154672.78,17480.0,13262.0,57096.0,0.0,0.0,0.0,446,1,2
2015-09-02,2200298.26,2129220.78,20702.0,16666.0,69558.0,0.0,0.0,0.0,99,1,2
2015-09-03,2827263.54,2604249.38,19328.0,13739.0,62074.0,0.0,0.0,0.0,123,1,1
2015-09-04,3174821.93,2868467.84,21904.0,15874.0,107607.0,0.0,0.0,0.0,125,1,1
2015-09-05,4060108.04,3677521.7,19156.0,14479.0,82375.0,0.0,0.0,0.0,178,1,1
2015-09-06,5806076.99,5165364.57,19448.0,15772.0,68250.0,0.0,0.0,0.0,227,1,1
2015-09-07,5427754.58,4736445.82,17684.0,14118.0,69916.0,0.0,0.0,0.0,236,1,1
2015-09-08,4280040.71,3769505.38,19746.0,13838.0,93992.0,0.0,0.0,0.0,177,1,1
2015-09-09,3647303.9,3266493.41,18587.0,13758.0,87916.0,0.0,0.0,0.0,178,1,1
2015-09-10,3721441.58,3354394.08,17610.0,13778.0,62257.0,0.0,0.0,0.0,176,1,1
2015-09-11,5440903.55,4839456.19,18890.0,15028.0,78439.0,0.0,0.0,0.0,229,1,1
2015-09-12,4950740.04,4404176.85,15341.0,11807.0,51281.0,0.0,0.0,0.0,239,1,1
2015-09-13,6063850.75,5333297.85,20180.0,15018.0,102993.0,0.0,0.0,0.0,259,1,1
2015-09-14,5951627.11,5241870.86,19576.0,14212.0,86422.0,0.0,0.0,0.0,245,1,1
2015-09-15,4289955.17,3759560.12,22012.0,16729.0,90723.0,0.0,0.0,0.0,191,1,1
2015-09-16,4578098.38,4047593.29,19650.0,14065.0,86514.0,0.0,0.0,0.0,208,1,1
2015-09-17,4322042.75,3890293.3,20086.0,14356.0,100816.0,0.0,0.0,0.0,197,1,1
2015-09-18,4626830.39,4125549.97,17602.0,13602.0,88389.0,0.0,0.0,0.0,208,1,1
2015-09-19,4866373.41,4338177.32,20896.0,15411.0,111247.0,0.0,0.0,0.0,233,1,1
2015-09-20,5970375.19,5199616.34,18429.0,13587.0,76753.0,0.0,0.0,0.0,271,1,1
2015-09-21,5429549.96,4922952.43,19819.0,16050.0,66316.0,0.0,0.0,0.0,229,1,1
2015-09-22,3989413.65,3510644.34,19877.0,16252.0,63995.0,0.0,0.0,0.0,182,1,1
2015-09-23,4492195.74,4136948.97,17652.0,13079.0,71664.0,0.0,0.0,0.0,195,1,1
2015-09-24,4990183.49,4532817.65,20962.0,15512.0,82371.0,0.0,0.0,0.0,215,1,1
2015-09-25,5455949.84,4738294.51,19659.0,15631.0,106872.0,0.0,0.0,0.0,246,1,1
2015-09-26,6622087.86,5772363.74,21009.0,17168.0,108813.0,0.0,0.0,0.0,310,1,1
2015-09-27,9527329.68,8445286.43,21844.0,16369.0,117349.0,0.0,0.0,0.0,466,1,1
2015-09-28,8161672.8,7449690.47,18337.0,14106.0,67729.0,0.0,0.0,0.0,376,1,1
2015-09-29,7149980.42,6330231.0,19122.0,13426.0,94406.0,0.0,0.0,0.0,343,1,1
2015-09-30,6245594.21,5509034.08,17523.0,13440.0,57686.0,165.07815631262525,9730.0,343.0,284,1,1
2015-10-01,5328206.77,4579676.64,15491.0,12315.0,66956.0,0.0,0.0,0.0,230,1,1
2015-10-02,2171539.56,1796561.55,15982.0,11755.0,61202.0,0.0,0.0,0.0,92,0,0
2015-10-03,4071748.88,3247591.03,15008.0,11370.0,68639.0,0.0,0.0,0.0,124,0,0
2015-10-04,3492367.73,2871726.8,16759.0,12375.0,73139.0,0.0,0.0,0.0,141,0,0
2015-10-05,4507541.9,3678096.41,14395.0,11749.0,68728.0,0.0,0.0,0.0,180,0,0
2015-10-06,4188998.54,3415837.46,15319.0,11322.0,72555.0,0.0,0.0,0.0,153,0,0
2015-10-07,3426493.43,2803278.62,15755.0,12150.0,79517.0,0.0,0.0,0.0,129,0,0
2015-10-08,3233949.18,2641121.98,16564.0,12299.0,67620.0,0.0,0.0,0.0,118,0,0
2015-10-09,3267999.74,2663149.73,16177.0,12022.0,57239.0,0.0,0.0,0.0,125,0,0
2015-10-10,3378102.79,2705337.11,13914.0,10751.0,56445.0,0.0,0.0,0.0,123,0,0
2015-10-11,3286486.34,2566855.85,15458.0,11617.0,62989.0,0.0,0.0,0.0,130,0,0
2015-10-12,4956524.37,4081540.58,13664.0,10610.0,66043.0,0.0,0.0,0.0,165,0,0
2015-10-13,5498991.17,4432958.2,15985.0,11660.0,56565.0,0.0,0.0,0.0,207,0,0
2015-10-14,3411355.27,2666618.8,16989.0,12008.0,81718.0,0.0,0.0,0.0,118,0,0
2015-10-15,3768908.71,2948986.13,16071.0,11596.0,79890.0,0.0,0.0,0.0,157,0,0
2015-10-16,3821540.36,2987369.39,14652.0,10534.0,79371.0,0.0,0.0,0.0,157,0,0
2015-10-17,3662021.88,2894880.7,17243.0,12612.0,76928.0,0.0,0.0,0.0,156,0,0
2015-10-18,4235369.07,3332133.13,16988.0,13378.0,69191.0,0.0,0.0,0.0,163,0,0
2015-10-19,6150586.07,4953145.42,14648.0,10830.0,77608.0,0.0,0.0,0.0,234,0,0
2015-10-20,5151254.9,4073078.24,15301.0,12493.0,60371.0,0.0,0.0,0.0,213,0,0
2015-10-21,3861128.76,3112793.66,15121.0,11856.0,74851.0,0.0,0.0,0.0,148,0,0
2015-10-22,3503062.58,2822517.81,15219.0,10773.0,73159.0,0.0,0.0,0.0,138,0,0
2015-10-23,4220053.16,3535441.18,16428.0,11814.0,86432.0,0.0,0.0,0.0,152,0,0
2015-10-24,3836294.44,2963519.26,15087.0,11501.0,52076.0,0.0,0.0,0.0,151,0,0
2015-10-25,4371735.18,3592252.8,17383.0,13762.0,79446.0,0.0,0.0,0.0,174,0,0
2015-10-26,5670407.54,4548016.77,17645.0,14292.0,56926.0,0.0,0.0,0.0,246,0,0
2015-10-27,5227347.01,4220293.85,14318.0,11717.0,68167.0,0.0,0.0,0.0,208,0,0
2015-10-28,7029977.95,5631491.38,15923.0,11322.0,78474.0,0.0,0.0,0.0,328,0,0
2015-10-29,7420192.54,6015934.85,14579.0,11450.0,70402.0,0.0,0.0,0.0,286,0,0
2015-10-30,7246849.63,5898873.81,16283.0,12617.0,79766.0,0.0,0.0,0.0,269,0,0
2015-10-31,5833943.99,4766615.28,16765.0,12368.0,64584.0,169.44534412955466,7834.0,336.0,226,0,0
2015-11-01,5794071.48,4691433.96,12648.0,10110.0,61721.0,0.0,0.0,0.0,240,0,0
2015-11-02,2770297.66,2300656.83,12291.0,9842.0,59045.0,0.0,0.0,0.0,92,0,0
2015-11-03,2095237.3,1642341.12,14430.0,11020.0,55418.0,0.0,0.0,0.0,82,0,0
2015-11-04,2658412.16,2230527.42,12298.0,9471.0,52741.0,0.0,0.0,0.0,96,0,0
2015-11-05,2550367.78,2095931.27,13451.0,9497.0,53142.0,0.0,0.0,0.0,101,0,0
2015-11-06,3113759.4,2524846.93,14154.0,11094.0,47606.0,0.0,0.0,0.0,111,0,0
2015-11-07,2523233.52,2111797.74,13272.0,10281.0,62761.0,0.0,0.0,0.0,113,0,0
2015-11-08,4183206.42,3467217.26,12234.0,9118.0,61007.0,0.0,0.0,0.0,147,0,0
2015-11-09,3409517.01,2730600.71,14367.0,11128.0,65336.0,0.0,0.0,0.0,138,0,0
2015-11-10,3237404.66,2600539.96,14088.0,9978.0,68221.0,0.0,0.0,0.0,118,0,0
2015-11-11,2928494.89,2445001.94,13290.0,10715.0,59892.0,0.0,0.0,0.0,118,0,0
2015-11-12,3900732.76,3072175.13,13903.0,11236.0,61201.0,0.0,0.0,0.0,144,0,0
2015-11-13,3144926.75,2547598.28,14681.0,11365.0,65735.0,0.0,0.0,0.0,138,0,0
2015-11-14,4369752.69,3445998.98,14789.0,10949.0,77847.0,0.0,0.0,0.0,167,0,0
2015-11-15,4297274.47,3488973.66,12535.0,8911.0,64069.0,0.0,0.0,0.0,194,0,0
2015-11-16,4316238.63,3541079.15,12803.0,10408.0,47243.0,0.0,0.0,0.0,163,0,0
2015-11-17,3035948.85,2418023.08,11316.0,8912.0,55403.0,0.0,0.0,0.0,130,0,0
2015-11-18,3208924.12,2787131.03,14680.0,11931.0,52971.0,0.0,0.0,0.0,132,1,1
2015-11-19,2934934.24,2722267.8,14557.0,10588.0,76901.0,0.0,0.0,0.0,151,1,1
2015-11-20,3389498.76,3170548.9,13750.0,10076.0,61102.0,0.0,0.0,0.0,167,1,1
2015-11-21,2291920.41,2320486.62,14699.0,11383.0,52048.0,0.0,0.0,0.0,126,1,1
2015-11-22,3070301.17,3152837.2,14679.0,11250.0,71235.0,0.0,0.0,0.0,141,1,1
2015-11-23,2329823.55,2370762.85,11714.0,8250.0,63229.0,0.0,0.0,0.0,122,1,1
2015-11-24,1994420.05,2017128.44,12523.0,9994.0,60988.0,0.0,0.0,0.0,109,1,1
2015-11-25,1994246.64,2069297.94,12747.0,9371.0,64179.0,0.0,0.0,0.0,125,1,1
2015-11-26,3361942.92,3392781.25,12460.0,9654.0,42889.0,0.0,0.0,0.0,189,1,1
2015-11-27,5242225.8,5137790.23,12408.0,9099.0,58532.0,0.0,0.0,0.0,345,1,1
2015-11-28,5114979.4,5281806.7,14692.0,11241.0,73086.0,0.0,0.0,0.0,329,1,1
2015-11-29,5018236.03,4955536.7,14441.0,11536.0,75285.0,0.0,0.0,0.0,341,1,1
2015-11-30,4031497.64,4065929.95,12771.0,9548.0,63965.0,167.22431865828094,7339.0,346.0,269,1,1
2015-12-01,3221463.05,3262618.05,13668.0,10021.0,61441.0,0.0,0.0,0.0,199,1,1
2015-12-02,953639.35,978207.15,14048.0,10903.0,54556.0,0.0,0.0,0.0,44,1,1
2015-12-03,1852279.15,1907081.99,15464.0,11963.0,51678.0,0.0,0.0,0.0,84,1,1
2015-12-04,2076429.7,2095572.96,13738.0,10323.0,50602.0,0.0,0.0,0.0,102,1,1
2015-12-05,2287846.3,2292826.58,14548.0,10998.0,63227.0,0.0,0.0,0.0,119,1,1
2015-12-06,2028034.94,2013778.51,13375.0,10438.0,68771.0,0.0,0.0,0.0,119,1,1
2015-12-07,2286683.02,2364273.69,14667.0,11431.0,68419.0,0.0,0.0,0.0,155,1,1
2015-12-08,2785090.6,2715044.46,15215.0,11241.0,69929.0,0.0,0.0,0.0,144,1,1
2015-12-09,1648123.41,1664248.89,16326.0,12045.0,69015.0,0.0,0.0,0.0,102,1,1
2015-12-10,2450848.03,2579079.6,13711.0,11067.0,50285.0,0.0,0.0,0.0,124,1,1
2015-12-11,2027594.98,1955884.16,15391.0,11318.0,67959.0,0.0,0.0,0.0,131,1,1
2015-12-12,2888573.7,2824587.14,15008.0,11400.0,58168.0,0.0,0.0,0.0,159,1,1
2015-12-13,3442735.4,3382073.59,14700.0,10463.0,68140.0,0.0,0.0,0.0,191,1,1
2015-12-14,3272227.86,3176504.37,12967.0,10202.0,49267.0,0.0,0.0,0.0,225,1,1
2015-12-15,3089177.63,3106617.67,16132.0,13098.0,70312.0,0.0,0.0,0.0,198,1,1
2015-12-16,2310884.14,2367574.49,13212.0,9707.0,43582.0,0.0,0.0,0.0,174,1,1
2015-12-17,2671287.02,2646046.82,15145.0,12005.0,79733.0,0.0,0.0,0.0,175,1,1
2015-12-18,2923802.97,2954646.8,14745.0,11612.0,50065.0,0.0,0.0,0.0,201,1,1
2015-12-19,2965218.72,3081409.43,16727.0,11842.0,75482.0,0.0,0.0,0.0,222,1,1
2015-12-20,3613917.61,3711607.1,15075.0,12232.0,52971.0,0.0,0.0,0.0,274,1,1
2015-12-21,5050481.76,5131271.18,15716.0,12497.0,71525.0,0.0,0.0,0.0,346,1,1
2015-12-22,3719442.83,3727031.54,13743.0,11031.0,72308.0,0.0,0.0,0.0,263,1,1
2015-12-23,3656481.63,3646146.76,14154.0,10824.0,63423.0,0.0,0.0,0.0,266,1,1
2015-12-24,2398336.72,2262884.17,14389.0,11654.0,63948.0,0.0,0.0,0.0,159,1,1
2015-12-25,3229207.58,3048061.85,16343.0,12402.0,55203.0,0.0,0.0,0.0,216,1,1
2015-12-26,3645783.09,3633106.61,14081.0,10396.0,48105.0,0.0,0.0,0.0,286,1,1
2015-12-27,5096354.17,5095420.51,16176.0,13022.0,57718.0,0.0,0.0,0.0,355,1,1
2015-12-28,8179976.67,8163764.62,14045.0,10009.0,69532.0,0.0,0.0,0.0,562,1,1
2015-12-29,7760149.23,7689336.24,16001.0,12904.0,61587.0,0.0,0.0,0.0,521,1,1
2015-12-30,5941753.52,5888436.34,15819.0,12433.0,69094.0,0.0,0.0,0.0,413,1,1
2015-12-31,6375571.66,6217888.06,15303.0,11679.0,75173.0,172.15320910973085,11148.0,333.0,402,1,1
2016-01-01,5846204.33,5354701.23,11641.0,8712.0,37634.0,0.0,0.0,0.0,327,1,1
2016-01-02,2558616.91,2072521.54,10947.0,8044.0,55830.0,0.0,0.0,0.0,98,1,1
2016-01-03,2744446.82,2169775.39,13218.0,9831.0,64885.0,0.0,0.0,0.0,101,0,0
2016-01-04,2387838.0,1861702.6,12375.0,9643.0,63066.0,0.0,0.0,0.0,90,0,0
2016-01-05,1557710.07,1249444.02,11134.0,8762.0,40671.0,0.0,0.0,0.0,56,0,0
2016-01-06,2337143.16,1917221.35,12757.0,10309.0,67093.0,0.0,0.0,0.0,73,0,0
2016-01-07,2503287.51,2024858.69,11373.0,8618.0,59432.0,0.0,0.0,0.0,83,0,0
2016-01-08,2738103.45,2202044.96,9490.0,7221.0,37150.0,0.0,0.0,0.0,97,0,0
2016-01-09,3026961.32,2446095.09,13256.0,9596.0,46353.0,0.0,0.0,0.0,106,0,0
2016-01-10,4122392.05,3201417.67,13236.0,9859.0,64108.0,0.0,0.0,0.0,140,0,0
2016-01-11,3434076.67,2780091.13,12641.0,9828.0,60451.0,0.0,0.0,0.0,121,0,0
2016-01-12,2627637.47,2110300.27,11876.0,9485.0,56311.0,0.0,0.0,0.0,92,0,0
2016-01-13,2268324.18,1914275.35,10067.0,8114.0,39608.0,0.0,0.0,0.0,81,0,0
2016-01-14,3247398.41,2705497.94,13932.0,10319.0,69298.0,0.0,0.0,0.0,115,0,0
2016-01-15,3532606.36,3003599.85,12653.0,10155.0,55447.0,0.0,0.0,0.0,124,0,0
2016-01-16,3856871.3,3138016.53,11445.0,8556.0,46538.0,0.0,0.0,0.0,143,0,0
2016-01-17,4229318.34,3477169.21,10008.0,7752.0,45333.0,0.0,0.0,0.0,158,0,0
2016-01-18,4105149.52,3409714.29,11770.0,9405.0,46667.0,0.0,0.0,0.0,130,0,0
2016-01-19,2818234.03,2313238.83,10942.0,8319.0,56962.0,0.0,0.0,0.0,116,0,0
2016-01-20,2842888.66,2294689.37,12385.0,10034.0,39639.0,0.0,0.0,0.0,110,0,0
2016-01-21,3981191.66,3293021.93,11496.0,8327.0,61265.0,0.0,0.0,0.0,136,0,0
2016-01-22,3322730.4,2667153.86,12866.0,9035.0,48203.0,0.0,0.0,0.0,133,0,0
2016-01-23,3998813.29,3324513.23,12386.0,9914.0,44551.0,0.0,0.0,0.0,146,0,0
2016-01-24,4734624.57,3904936.72,12224.0,8763.0,54172.0,0.0,0.0,0.0,175,0,0
2016-01-25,5007306.32,4047871.63,11670.0,8461.0,60857.0,0.0,0.0,0.0,166,0,0
2016-01-26,3544741.3,2876880.62,13357.0,9544.0,51883.0,0.0,0.0,0.0,137,0,0
2016-01-27,4728554.45,3994526.08,10112.0,7300.0,44184.0,0.0,0.0,0.0,146,0,0
2016-01-28,6717660.92,5529962.06,14033.0,10718.0,57073.0,0.0,0.0,0.0,255,0,0
2016-01-29,5013253.01,4078543.96,10947.0,8155.0,50993.0,0.0,0.0,0.0,203,0,0
2016-01-30,6920879.78,5546795.93,12513.0,9653.0,65920.0,0.0,0.0,0.0,249,0,0
2016-01-31,6449751.32,5251383.47,11419.0,8209.0,38946.0,173.14957264957266,6145.0,329.0,256,0,0
2016-02-01,5200767.32,4131331.82,17175.0,13626.0,59868.0,0.0,0.0,0.0,201,0,0
2016-02-02,2966994.87,2413250.92,16623.0,12204.0,75261.0,0.0,0.0,0.0,84,0,0
2016-02-03,2273911.2,1841992.31,19714.0,15698.0,104335.0,0.0,0.0,0.0,79,0,0
2016-02-04,2819439.59,2305544.16,16103.0,12176.0,52113.0,0.0,0.0,0.0,93,0,0
2016-02-05,3680939.41,2987435.62,15709.0,11623.0,76250.0,0.0,0.0,0.0,128,0,0
2016-02-06,4735761.79,3973322.09,16126.0,12565.0,85675.0,0.0,0.0,0.0,157,0,0
2016-02-07,4032333.88,3144310.26,18608.0,13602.0,83077.0,0.0,0.0,0.0,171,0,0
2016-02-08,3848593.44,3120549.68,18097.0,13313.0,61310.0,0.0,0.0,0.0,153,0,0
2016-02-09,3979641.11,3286349.1,17145.0,12244.0,68554.0,0.0,0.0,0.0,125,0,0
2016-02-10,3448601.24,2764263.83,19010.0,14622.0,63376.0,0.0,0.0,0.0,123,0,0
2016-02-11,3717348.88,3000678.76,20506.0,16732.0,86480.0,0.0,0.0,0.0,121,0,0
2016-02-12,4035900.93,3269439.67,18330.0,14596.0,70795.0,0.0,0.0,0.0,146,0,0
2016-02-13,4701818.64,3727060.93,18473.0,14163.0,100174.0,0.0,0.0,0.0,169,0,0
2016-02-14,4925684.12,4030980.54,19163.0,14357.0,70990.0,0.0,0.0,0.0,195,0,0
2016-02-15,4588032.77,3702428.02,18698.0,13210.0,67308.0,0.0,0.0,0.0,161,0,0
2016-02-16,3941056.12,3209642.29,15627.0,11931.0,55669.0,0.0,0.0,0.0,144,0,0
2016-02-17,2962078.99,2374063.71,17990.0,14392.0,66105.0,0.0,0.0,0.0,126,0,0
2016-02-18,4009498.5,3301336.9,20773.0,14775.0,93178.0,0.0,0.0,0.0,156,0,0
2016-02-19,4571419.08,3665043.13,15561.0,11243.0,83645.0,0.0,0.0,0.0,150,0,0
2016-02-20,5176883.79,4193086.14,18344.0,13061.0,94030.0,0.0,0.0,0.0,175,0,0
2016-02-21,4758472.96,3843027.26,18371.0,14438.0,70445.0,0.0,0.0,0.0,193,0,0
2016-02-22,4721935.01,3825599.58,16624.0,13434.0,54941.0,0.0,0.0,0.0,171,0,0
2016-02-23,4550216.22,3722357.32,19443.0,15525.0,65423.0,0.0,0.0,0.0,160,0,0
2016-02-24,5790273.07,4665515.38,18131.0,12967.0,69981.0,0.0,0.0,0.0,181,0,0
2016-02-25,7677182.49,6237906.21,17420.0,12431.0,72925.0,0.0,0.0,0.0,281,0,0
2016-02-26,7096236.89,5762106.77,18006.0,13934.0,57841.0,0.0,0.0,0.0,258,0,0
2016-02-27,6837275.28,5301081.64,15907.0,11168.0,82608.0,0.0,0.0,0.0,245,0,0
2016-02-28,5117740.12,4142676.19,18438.0,14716.0,67837.0,0.0,0.0,0.0,204,0,0
2016-02-29,3529083.59,2843903.05,18504.0,14317.0,93760.0,169.46413502109704,6677.0,320.0,153,0,0
2016-03-01,709982.79,623398.17,26992.0,21032.0,117947.0,0.0,0.0,0.0,26,0,0
2016-03-02,1479744.0,1243049.71,24782.0,17548.0,132132.0,0.0,0.0,0.0,45,0,0
2016-03-03,2251060.05,1853979.92,27680.0,22122.0,121091.0,0.0,0.0,0.0,84,0,0
2016-03-04,2778579.79,2305820.78,26344.0,19353.0,103165.0,0.0,0.0,0.0,81,0,0
2016-03-05,3472294.22,2819038.04,21768.0,17084.0,106947.0,0.0,0.0,0.0,115,0,0
2016-03-06,3501407.51,2754054.05,23121.0,17009.0,111366.0,0.0,0.0,0.0,114,0,0
2016-03-07,4275566.76,3544887.63,26576.0,20232.0,93060.0,0.0,0.0,0.0,148,0,0
2016-03-08,4693887.34,3819333.06,23750.0,17459.0,117371.0,0.0,0.0,0.0,163,0,0
2016-03-09,5050829.68,4101613.27,30824.0,25068.0,141783.0,0.0,0.0,0.0,198,0,0
2016-03-10,7374516.48,5983967.59,25094.0,17925.0,130477.0,0.0,0.0,0.0,246,0,0
2016-03-11,6281759.31,5065973.55,24168.0,16941.0,81811.0,0.0,0.0,0.0,207,0,0
2016-03-12,4673863.75,3853834.05,24644.0,18973.0,135320.0,0.0,0.0,0.0,176,0,0
2016-03-13,4655322.31,3707033.48,23591.0,18027.0,78079.0,0.0,0.0,0.0,165,0,0
2016-03-14,5214530.57,4150309.08,23186.0,16474.0,101909.0,0.0,0.0,0.0,191,0,0
2016-03-15,5319085.92,4384259.36,26245.0,21094.0,107523.0,0.0,0.0,0.0,201,0,0
2016-03-16,6412758.35,5219744.05,24017.0,19505.0,100833.0,0.0,0.0,0.0,233,0,0
2016-03-17,8569336.81,6809198.69,22714.0,18358.0,80292.0,0.0,0.0,0.0,315,0,0
2016-03-18,6917674.02,5792586.92,24107.0,18877.0,100707.0,0.0,0.0,0.0,259,1,1
2016-03-19,5852909.53,4990341.15,25702.0,18697.0,102180.0,0.0,0.0,0.0,206,1,1
2016-03-20,4759469.17,3951071.76,22946.0,18176.0,88612.0,0.0,0.0,0.0,189,1,1
2016-03-21,5534732.74,4759221.87,25412.0,19709.0,130203.0,0.0,0.0,0.0,217,1,1
2016-03-22,5449314.63,4970365.56,26309.0,21458.0,121633.0,0.0,0.0,0.0,242,1,1
2016-03-23,6046593.49,5532819.27,25486.0,18934.0,101106.0,0.0,0.0,0.0,250,1,1
2016-03-24,7933448.72,7157854.93,27354.0,21211.0,133470.0,0.0,0.0,0.0,347,1,1
2016-03-25,7008643.3,6273523.88,25460.0,18987.0,117893.0,0.0,0.0,0.0,294,1,1
2016-03-26,5197781.65,4790136.82,19929.0,14574.0,107576.0,0.0,0.0,0.0,202,1,1
2016-03-27,6141114.6,5639995.87,27557.0,22581.0,93947.0,0.0,0.0,0.0,245,1,1
2016-03-28,5291170.65,4853169.6,22971.0,18817.0,123376.0,0.0,0.0,0.0,223,1,1
2016-03-29,7521778.94,6878616.36,24782.0,19479.0,88649.0,0.0,0.0,0.0,284,1,1
2016-03-30,14545392.64,13412468.3,28423.0,22198.0,105676.0,0.0,0.0,0.0,604,1,1
2016-03-31,14231299.73,12932629.87,27301.0,21181.0,141142.0,179.42944785276075,9281.0,330.0,654,1,1
2016-04-01,12298083.49,11254792.81,35280.0,26110.0,148298.0,0.0,0.0,0.0,524,1,1
2016-04-02,13123488.4,12292938.79,31285.0,24462.0,135264.0,0.0,0.0,0.0,547,1,1
2016-04-03,10576481.39,9627706.26,39853.0,32209.0,171112.0,0.0,0.0,0.0,434,1,1
2016-04-04,4230255.21,3886345.44,31700.0,22496.0,119980.0,0.0,0.0,0.0,165,1,1
2016-04-05,4598444.87,4315060.71,33961.0,24714.0,144993.0,0.0,0.0,0.0,186,1,1
2016-04-06,5873076.02,5465466.98,34563.0,26040.0,176971.0,0.0,0.0,0.0,216,1,1
2016-04-07,5504606.21,5121344.12,32223.0,24109.0,136308.0,0.0,0.0,0.0,219,1,1
2016-04-08,4323869.8,3902265.35,40960.0,32614.0,222237.0,0.0,0.0,0.0,159,1,1
2016-04-09,4537873.44,4208365.26,32292.0,26311.0,117217.0,0.0,0.0,0.0,183,1,1
2016-04-10,4898415.28,4517178.31,29930.0,22120.0,132581.0,0.0,0.0,0.0,197,1,1
2016-04-11,6193751.24,5553289.41,31917.0,24194.0,128608.0,0.0,0.0,0.0,247,1,1
2016-04-12,5962850.28,5477134.6,37526.0,28901.0,149781.0,0.0,0.0,0.0,250,1,1
2016-04-13,8636899.06,7772805.93,38617.0,28257.0,149786.0,0.0,0.0,0.0,355,1,1
2016-04-14,7184576.35,6220003.38,33689.0,26400.0,108173.0,0.0,0.0,0.0,303,1,1
2016-04-15,5910167.4,5244820.29,36113.0,27136.0,163008.0,0.0,0.0,0.0,240,1,1
2016-04-16,7075518.69,5997253.75,32898.0,24775.0,137463.0,0.0,0.0,0.0,264,1,1
2016-04-17,9065525.85,7747445.67,39389.0,30190.0,150023.0,0.0,0.0,0.0,308,1,1
2016-04-18,7930420.94,6496267.7,33200.0,25788.0,142946.0,0.0,0.0,0.0,295,0,0
2016-04-19,9299472.01,7665794.67,25488.0,19049.0,127287.0,0.0,0.0,0.0,372,0,0
2016-04-20,11470503.55,9220652.39,35982.0,28963.0,152100.0,0.0,0.0,0.0,455,0,0
2016-04-21,9681621.65,7780628.47,33532.0,25443.0,151168.0,0.0,0.0,0.0,358,0,0
2016-04-22,6442191.99,5276646.93,35570.0,25756.0,137754.0,0.0,0.0,0.0,264,0,0
2016-04-23,8225755.2,6488166.41,28997.0,21502.0,106569.0,0.0,0.0,0.0,292,0,0
2016-04-24,8005992.5,6468446.01,34414.0,25043.0,161566.0,0.0,0.0,0.0,327,0,0
2016-04-25,11068078.01,8923524.58,31532.0,22488.0,150805.0,0.0,0.0,0.0,381,0,0
2016-04-26,11387120.36,9133066.32,29524.0,23522.0,148307.0,0.0,0.0,0.0,462,0,0
2016-04-27,16379722.53,13128158.81,33081.0,25297.0,181029.0,0.0,0.0,0.0,593,0,0
2016-04-28,17388183.19,13978683.94,34354.0,25822.0,179278.0,0.0,0.0,0.0,677,0,0
2016-04-29,16966030.5,13610990.42,30530.0,24073.0,132543.0,0.0,0.0,0.0,655,0,0
2016-04-30,12874790.56,10476104.29,35212.0,27908.0,135944.0,175.62718446601943,15730.0,333.0,498,0,0
2016-05-01,11553720.73,9387796.08,34863.0,28526.0,139903.0,0.0,0.0,0.0,455,0,0
2016-05-02,8891959.72,7094979.67,28519.0,20889.0,102461.0,0.0,0.0,0.0,310,0,0
2016-05-03,6609488.85,5263847.33,34982.0,28060.0,139084.0,0.0,0.0,0.0,265,0,0
2016-05-04,6041365.35,4874007.55,35348.0,28169.0,166330.0,0.0,0.0,0.0,212,0,0
2016-05-05,6026491.95,4682705.07,29771.0,24087.0,113984.0,0.0,0.0,0.0,221,0,0
2016-05-06,5884185.84,4692160.58,27614.0,21353.0,147246.0,0.0,0.0,0.0,218,0,0
2016-05-07,5016235.82,3962154.52,39792.0,30635.0,144054.0,0.0,0.0,0.0,197,0,0
2016-05-08,4730903.12,3759762.75,28966.0,22933.0,103613.0,0.0,0.0,0.0,192,0,0
2016-05-09,7307039.01,5990848.79,28369.0,21061.0,128664.0,0.0,0.0,0.0,242,0,0
2016-05-10,6636687.87,5216849.07,31941.0,25837.0,121960.0,0.0,0.0,0.0,258,0,0
2016-05-11,8452886.26,6878143.05,29147.0,20594.0,106696.0,0.0,0.0,0.0,322,0,0
2016-05-12,10736290.28,8789857.02,32448.0,26326.0,125722.0,0.0,0.0,0.0,401,0,0
2016-05-13,9817523.43,7817935.3,33242.0,25095.0,165737.0,0.0,0.0,0.0,350,0,0
2016-05-14,7446413.22,6064015.7,32697.0,24039.0,176295.0,0.0,0.0,0.0,275,0,0
2016-05-15,6413929.56,4998345.42,30664.0,21972.0,147428.0,0.0,0.0,0.0,251,0,0
2016-05-16,7701732.93,5993216.92,30307.0,23701.0,132156.0,0.0,0.0,0.0,298,0,0
2016-05-17,8631034.09,6848845.3,34353.0,25229.0,131140.0,0.0,0.0,0.0,296,0,0
2016-05-18,8416389.92,6811181.17,30584.0,21640.0,126637.0,0.0,0.0,0.0,328,0,0
2016-05-19,11212790.37,9063577.59,32056.0,25670.0,117450.0,0.0,0.0,0.0,402,0,0
2016-05-20,10058131.11,8217262.68,26494.0,18959.0,102959.0,0.0,0.0,0.0,366,0,0
2016-05-21,7447083.47,5895652.1,32181.0,24897.0,123544.0,0.0,0.0,0.0,276,0,0
2016-05-22,7687940.04,6156525.22,27855.0,21321.0,133211.0,0.0,0.0,0.0,282,0,0
2016-05-23,8645211.05,7045764.67,33895.0,25827.0,179800.0,0.0,0.0,0.0,320,0,0
2016-05-24,8183351.87,6580079.91,33317.0,27062.0,128279.0,0.0,0.0,0.0,279,0,0
2016-05-25,9916196.12,7860116.29,30559.0,22955.0,137420.0,0.0,0.0,0.0,376,0,0
2016-05-26,12748857.56,10440320.85,29012.0,22400.0,100854.0,0.0,0.0,0.0,461,0,0
2016-05-27,10645860.16,8560911.95,31654.0,22277.0,117413.0,0.0,0.0,0.0,387,0,0
2016-05-28,7818417.53,6306590.85,30406.0,23858.0,120385.0,0.0,0.0,0.0,297,0,0
2016-05-29,6277386.71,4980964.03,30163.0,23872.0,134316.0,0.0,0.0,0.0,232,0,0
2016-05-30,15902645.06,12868500.26,30700.0,24332.0,126409.0,0.0,0.0,0.0,614,0,0
2016-05-31,15273734.62,12146387.51,29707.0,22770.0,157676.0,172.88023952095807,12271.0,343.0,582,0,0
2016-06-01,15027967.48,12020718.26,30361.0,23705.0,131150.0,0.0,0.0,0.0,559,0,0
2016-06-02,15450407.81,12454831.83,32911.0,23190.0,131608.0,0.0,0.0,0.0,569,0,0
2016-06-03,14905219.23,12099283.96,32205.0,22850.0,156430.0,0.0,0.0,0.0,561,0,0
2016-06-04,3543917.94,2852864.04,33568.0,26608.0,156310.0,0.0,0.0,0.0,121,0,0
2016-06-05,5281645.29,4151357.66,36075.0,26306.0,189010.0,0.0,0.0,0.0,179,0,0
2016-06-06,5164395.26,4100125.08,35520.0,28801.0,186061.0,0.0,0.0,0.0,197,0,0
2016-06-07,6484605.21,5302528.24,31431.0,22311.0,100680.0,0.0,0.0,0.0,223,0,0
2016-06-08,8622987.0,7158408.04,36825.0,28833.0,126407.0,0.0,0.0,0.0,288,0,0
2016-06-09,6719422.7,5484927.09,31212.0,25556.0,126443.0,0.0,0.0,0.0,237,0,0
2016-06-10,5856690.47,4774033.93,30303.0,21771.0,102242.0,0.0,0.0,0.0,201,0,0
2016-06-11,5949391.29,4761365.56,36969.0,26563.0,195790.0,0.0,0.0,0.0,208,0,0
2016-06-12,6087764.33,4901187.37,28697.0,20793.0,103189.0,0.0,0.0,0.0,232,0,0
2016-06-13,6889883.95,5491827.46,34063.0,26928.0,163122.0,0.0,0.0,0.0,245,0,0
2016-06-14,9141001.7,7338757.88,34397.0,24679.0,186716.0,0.0,0.0,0.0,316,0,0
2016-06-15,9864183.86,7853426.55,33083.0,23250.0,168360.0,0.0,0.0,0.0,350,0,0
2016-06-16,10058421.18,8220535.81,28041.0,21006.0,133556.0,0.0,0.0,0.0,342,0,0
2016-06-17,5423957.08,4250810.07,35068.0,25926.0,187271.0,0.0,0.0,0.0,199,0,0
2016-06-18,7882351.1,6322388.46,34886.0,27062.0,161199.0,0.0,0.0,0.0,287,0,0
2016-06-19,7908073.31,6297385.32,38767.0,27509.0,168541.0,0.0,0.0,0.0,262,0,0
2016-06-20,7266335.58,5841977.09,32245.0,23977.0,135266.0,0.0,0.0,0.0,263,0,0
2016-06-21,8500049.69,6752198.15,30312.0,24040.0,97709.0,0.0,0.0,0.0,336,0,0
2016-06-22,10283795.21,8167871.69,27007.0,19832.0,96954.0,0.0,0.0,0.0,356,0,0
2016-06-23,9872888.2,7950198.34,33787.0,26228.0,165215.0,0.0,0.0,0.0,351,1,1
2016-06-24,7881916.83,6508523.99,38202.0,29924.0,190436.0,0.0,0.0,0.0,274,1,1
2016-06-25,6886227.09,6096912.54,36799.0,28971.0,181381.0,0.0,0.0,0.0,257,1,1
2016-06-26,6698524.32,6144242.3,31541.0,23069.0,162759.0,0.0,0.0,0.0,282,1,1
2016-06-27,6871506.56,6833479.69,33556.0,26721.0,143772.0,0.0,0.0,0.0,319,1,1
2016-06-28,8247984.99,8163713.72,34476.0,27429.0,137302.0,0.0,0.0,0.0,397,1,1
2016-06-29,13343751.12,13303063.47,32831.0,23468.0,164936.0,0.0,0.0,0.0,632,1,1
2016-06-30,11824115.33,11686500.64,33061.0,25436.0,157305.0,186.1175298804781,14692.0,343.0,552,1,1
2016-07-01,10173764.85,10138330.52,27643.0,19559.0,99053.0,0.0,0.0,0.0,466,1,1
2016-07-02,8800553.93,8597989.65,22725.0,16342.0,93039.0,0.0,0.0,0.0,405,1,1
2016-07-03,6426683.62,6344095.57,26996.0,20540.0,106634.0,0.0,0.0,0.0,291,1,1
2016-07-04,1386571.93,1325944.63,26647.0,21584.0,138858.0,0.0,0.0,0.0,44,1,1
2016-07-05,2748779.52,2677876.06,24584.0,18565.0,115188.0,0.0,0.0,0.0,89,1,1
2016-07-06,2703265.31,2729115.94,27547.0,20443.0,98375.0,0.0,0.0,0.0,120,1,1
2016-07-07,4517288.27,4518370.11,23757.0,19475.0,122326.0,0.0,0.0,0.0,179,1,1
2016-07-08,3773827.56,3763622.72,30223.0,22727.0,147211.0,0.0,0.0,0.0,158,1,1
2016-07-09,4051086.89,3956559.68,28415.0,20298.0,102750.0,0.0,0.0,0.0,175,1,1
2016-07-10,4008532.54,3789183.06,26627.0,18741.0,121806.0,0.0,0.0,0.0,166,1,1
2016-07-11,4094198.38,3954521.72,23750.0,17184.0,100402.0,0.0,0.0,0.0,188,1,1
2016-07-12,4373623.08,4271906.38,25090.0,19330.0,108000.0,0.0,0.0,0.0,193,1,1
2016-07-13,3978100.94,3903887.84,25456.0,19617.0,112461.0,0.0,0.0,0.0,197,1,1
2016-07-14,5834657.65,5776926.66,26102.0,21123.0,103066.0,0.0,0.0,0.0,265,1,1
2016-07-15,5538171.41,5410397.02,24689.0,19531.0,81948.0,0.0,0.0,0.0,255,1,1
2016-07-16,4146739.21,3932641.54,24381.0,18562.0,120554.0,0.0,0.0,0.0,196,1,1
2016-07-17,4362617.65,4257377.15,23404.0,17521.0,124678.0,0.0,0.0,0.0,190,1,1
2016-07-18,4037086.77,4032049.3,26498.0,19304.0,88806.0,0.0,0.0,0.0,198,1,1
2016-07-19,4972014.76,4468539.05,24148.0,18248.0,92848.0,0.0,0.0,0.0,222,1,1
2016-07-20,5743038.13,4989427.8,26407.0,18650.0,132572.0,0.0,0.0,0.0,228,1,1
2016-07-21,6234589.1,5454135.01,26495.0,20970.0,114364.0,0.0,0.0,0.0,278,1,1
2016-07-22,6429688.49,5405412.2,24845.0,18827.0,111995.0,0.0,0.0,0.0,237,1,1
2016-07-23,5794840.19,4693760.16,25328.0,20611.0,91707.0,0.0,0.0,0.0,184,0,0
2016-07-24,4992598.4,3988427.93,26287.0,18818.0,109309.0,0.0,0.0,0.0,187,0,0
2016-07-25,6602810.86,5210533.01,26214.0,19627.0,122354.0,0.0,0.0,0.0,225,0,0
2016-07-26,7851989.46,6298482.2,28240.0,21589.0,134010.0,0.0,0.0,0.0,255,0,0
2016-07-27,7880563.86,6294203.51,27237.0,21103.0,88734.0,0.0,0.0,0.0,291,0,0
2016-07-28,10561338.25,8364736.75,25533.0,18068.0,103976.0,0.0,0.0,0.0,387,0,0
2016-07-29,9786083.49,8009568.05,28740.0,20665.0,154184.0,0.0,0.0,0.0,330,0,0
2016-07-30,6346290.87,5035247.55,27670.0,21379.0,96328.0,0.0,0.0,0.0,241,0,0
2016-07-31,11015269.56,8901256.98,29012.0,22088.0,136051.0,193.23694779116465,10319.0,347.0,396,0,0
2016-08-01,10793582.2,8684114.27,26556.0,20258.0,131761.0,0.0,0.0,0.0,382,0,0
2016-08-02,9744357.22,7715286.95,29110.0,20880.0,147042.0,0.0,0.0,0.0,328,0,0
2016-08-03,9904285.99,7903743.51,27129.0,21732.0,127147.0,0.0,0.0,0.0,354,0,0
2016-08-04,9495153.07,7445312.45,29332.0,21908.0,137738.0,0.0,0.0,0.0,329,0,0
2016-08-05,5608281.75,4405172.77,27384.0,20014.0,98121.0,0.0,0.0,0.0,164,0,0
2016-08-06,3417126.9,2778007.61,28180.0,22272.0,133138.0,0.0,0.0,0.0,101,0,0
2016-08-07,4427581.45,3417549.23,29434.0,22994.0,147103.0,0.0,0.0,0.0,140,0,0
2016-08-08,4350104.4,3457274.61,34462.0,25228.0,175155.0,0.0,0.0,0.0,157,0,0
2016-08-09,5367433.58,4307308.14,26386.0,19781.0,111721.0,0.0,0.0,0.0,178,0,0
2016-08-10,6219835.93,4989664.4,33121.0,27111.0,133606.0,0.0,0.0,0.0,216,0,0
2016-08-11,6515630.05,5260377.53,31742.0,24365.0,161020.0,0.0,0.0,0.0,238,0,0
2016-08-12,6119372.31,4890673.79,27987.0,19679.0,94711.0,0.0,0.0,0.0,214,0,0
2016-08-13,4911652.24,4032826.41,25016.0,17540.0,123852.0,0.0,0.0,0.0,161,0,0
2016-08-14,4133214.74,3276890.85,27633.0,20341.0,90982.0,0.0,0.0,0.0,138,0,0
2016-08-15,5605211.59,4497185.08,31092.0,23420.0,110105.0,0.0,0.0,0.0,201,0,0
2016-08-16,5622571.31,4439845.57,29690.0,23156.0,154339.0,0.0,0.0,0.0,209,0,0
2016-08-17,5481191.48,4224740.02,31419.0,22260.0,132681.0,0.0,0.0,0.0,236,0,0
2016-08-18,9528740.46,7920089.68,24412.0,18601.0,116144.0,0.0,0.0,0.0,323,0,0
2016-08-19,6546299.57,5278113.04,28446.0,20582.0,92462.0,0.0,0.0,0.0,249,0,0
2016-08-20,5781551.94,4564247.81,27262.0,21783.0,149049.0,0.0,0.0,0.0,197,0,0
2016-08-21,6521389.47,5328696.02,27254.0,22311.0,103705.0,0.0,0.0,0.0,194,0,0
2016-08-22,5219998.72,4287522.68,28141.0,20906.0,121068.0,0.0,0.0,0.0,173,0,0
2016-08-23,4815121.42,3868404.84,29012.0,22783.0,134510.0,0.0,0.0,0.0,184,0,0
2016-08-24,6292751.73,5100249.41,28046.0,22781.0,106186.0,0.0,0.0,0.0,241,0,0
2016-08-25,8794928.73,6977759.11,30846.0,23195.0,102990.0,0.0,0.0,0.0,328,0,0
2016-08-26,5680360.34,4488665.83,32227.0,22624.0,104810.0,0.0,0.0,0.0,215,0,0
2016-08-27,4561647.77,3662367.33,29576.0,23100.0,114347.0,0.0,0.0,0.0,155,0,0
2016-08-28,15158669.18,12249721.23,30591.0,23449.0,144030.0,0.0,0.0,0.0,567,0,0
2016-08-29,14043471.1,11328872.12,27102.0,21683.0,109621.0,0.0,0.0,0.0,525,0,0
2016-08-30,13812380.3,11037531.68,27808.0,21416.0,149144.0,0.0,0.0,0.0,498,1,1
2016-08-31,12534594.92,10091516.93,27343.0,21369.0,102717.0,193.79423076923078,12186.0,353.0,470,1,1
2016-09-01,12403544.62,10116739.78,21640.0,17149.0,109678.0,0.0,0.0,0.0,476,1,1
2016-09-02,2363186.38,2197302.32,24806.0,19936.0,112082.0,0.0,0.0,0.0,89,1,1
2016-09-03,2854708.14,2576390.08,19833.0,16155.0,91836.0,0.0,0.0,0.0,93,1,1
2016-09-04,2911393.7,2610346.46,19186.0,14935.0,103136.0,0.0,0.0,0.0,106,1,1
2016-09-05,4157930.98,3683805.93,25486.0,19924.0,89356.0,0.0,0.0,0.0,145,1,1
2016-09-06,4457820.99,4021959.96,17889.0,12808.0,78449.0,0.0,0.0,0.0,155,1,1
2016-09-07,2727504.52,2482230.36,23068.0,16975.0,76283.0,0.0,0.0,0.0,101,1,1
2016-09-08,2950156.73,2710099.28,21760.0,16332.0,101591.0,0.0,0.0,0.0,114,1,1
2016-09-09,4080455.52,3550531.35,20850.0,16841.0,101356.0,0.0,0.0,0.0,150,1,1
2016-09-10,3383667.97,3081087.79,23004.0,16494.0,79664.0,0.0,0.0,0.0,140,1,1
2016-09-11,4791697.67,4209772.35,20958.0,16065.0,108501.0,0.0,0.0,0.0,200,1,1
2016-09-12,5675073.45,5130706.55,20790.0,14729.0,68994.0,0.0,0.0,0.0,237,1,1
2016-09-13,5639925.61,5076124.78,19627.0,14282.0,82026.0,0.0,0.0,0.0,213,1,1
2016-09-14,4385149.48,3911967.05,21671.0,15592.0,109106.0,0.0,0.0,0.0,151,1,1
2016-09-15,3714513.35,3311188.02,21936.0,17311.0,112756.0,0.0,0.0,0.0,139,1,1
2016-09-16,4018602.31,3556568.41,19725.0,14698.0,99907.0,0.0,0.0,0.0,158,1,1
2016-09-17,4431680.09,3843688.85,21486.0,15561.0,106089.0,0.0,0.0,0.0,172,1,1
2016-09-18,4942620.63,4382989.7,22263.0,15923.0,80501.0,0.0,0.0,0.0,193,1,1
2016-09-19,5350877.2,4783146.79,19562.0,15211.0,102109.0,0.0,0.0,0.0,211,1,1
2016-09-20,4950112.24,4381290.5,19759.0,15855.0,95177.0,0.0,0.0,0.0,193,1,1
2016-09-21,4415854.52,4042078.78,20826.0,16905.0,92394.0,0.0,0.0,0.0,173,1,1
2016-09-22,3570383.96,3326231.28,19679.0,15286.0,69619.0,0.0,0.0,0.0,149,1,1
2016-09-23,4188287.62,3857859.5,19211.0,13838.0,79369.0,0.0,0.0,0.0,152,1,1
2016-09-24,3669054.98,3149906.57,19661.0,16063.0,92931.0,0.0,0.0,0.0,155,1,1
2016-09-25,5830714.93,5221915.5,19504.0,15832.0,66917.0,0.0,0.0,0.0,216,1,1
2016-09-26,6888617.97,6121949.95,19551.0,14186.0,67786.0,0.0,0.0,0.0,278,1,1
2016-09-27,8489123.16,7795904.94,20064.0,16348.0,65220.0,0.0,0.0,0.0,342,1,1
2016-09-28,7567886.85,6824968.63,20824.0,15238.0,110681.0,0.0,0.0,0.0,313,1,1
2016-09-29,5432931.71,4892504.82,18850.0,13877.0,64838.0,0.0,0.0,0.0,227,1,1
2016-09-30,4909635.76,4205412.15,19952.0,16032.0,84119.0,193.54918032786884,7483.0,344.0,209,1,1
2016-10-01,4366699.03,3701260.21,15690.0,12077.0,66861.0,0.0,0.0,0.0,179,1,1
2016-10-02,2596796.4,1974164.43,16303.0,12829.0,86204.0,0.0,0.0,0.0,85,0,0
2016-10-03,2548741.44,2097911.33,16160.0,13151.0,84680.0,0.0,0.0,0.0,89,0,0
2016-10-04,3461082.31,2850191.25,18099.0,14630.0,86359.0,0.0,0.0,0.0,115,0,0
2016-10-05,3424882.78,2746226.47,17094.0,13193.0,84900.0,0.0,0.0,0.0,105,0,0
2016-10-06,2895028.23,2454432.63,16480.0,12069.0,57200.0,0.0,0.0,0.0,99,0,0
2016-10-07,3222934.99,2477341.55,18947.0,14466.0,88287.0,0.0,0.0,0.0,106,0,0
2016-10-08,3101070.27,2574361.13,16749.0,13285.0,90179.0,0.0,0.0,0.0,120,0,0
2016-10-09,3313712.48,2583489.11,13627.0,9848.0,63580.0,0.0,0.0,0.0,106,0,0
2016-10-10,4264616.83,3371581.16,17553.0,12553.0,69444.0,0.0,0.0,0.0,145,0,0
2016-10-11,4422185.53,3581266.99,15134.0,11420.0,51660.0,0.0,0.0,0.0,144,0,0
2016-10-12,4541598.24,3524730.02,16384.0,12184.0,80295.0,0.0,0.0,0.0,161,0,0
2016-10-13,3317032.06,2649214.4,16117.0,12753.0,75419.0,0.0,0.0,0.0,107,0,0
2016-10-14,3511630.87,2718591.77,15800.0,11450.0,61624.0,0.0,0.0,0.0,130,0,0
2016-10-15,3943248.97,3043533.56,16332.0,12994.0,52674.0,0.0,0.0,0.0,126,0,0
2016-10-16,4376304.87,3413503.15,16728.0,12769.0,77896.0,0.0,0.0,0.0,133,0,0
2016-10-17,3037287.93,2453991.87,16976.0,12404.0,85828.0,0.0,0.0,0.0,131,0,0
2016-10-18,4508859.09,3657069.31,15801.0,11691.0,84041.0,0.0,0.0,0.0,182,0,0
2016-10-19,4228189.57,3396000.86,16470.0,12951.0,58118.0,0.0,0.0,0.0,141,0,0
2016-10-20,2846518.01,2260628.69,15730.0,12739.0,76784.0,0.0,0.0,0.0,115,0,0
2016-10-21,3272036.28,2634207.2,18497.0,13104.0,61071.0,0.0,0.0,0.0,133,0,0
2016-10-22,3948044.16,3231763.1,17596.0,14020.0,78544.0,0.0,0.0,0.0,123,0,0
2016-10-23,3383059.2,2666084.61,15290.0,10820.0,78871.0,0.0,0.0,0.0,122,0,0
2016-10-24,4380387.44,3526727.23,16565.0,12863.0,81578.0,0.0,0.0,0.0,152,0,0
2016-10-25,4299274.8,3249930.02,17226.0,13670.0,66957.0,0.0,0.0,0.0,168,0,0
2016-10-26,4706906.11,3751859.51,17265.0,13081.0,64846.0,0.0,0.0,0.0,166,0,0
2016-10-27,4202633.76,3430770.86,16121.0,11701.0,83758.0,0.0,0.0,0.0,154,0,0
2016-10-28,7095459.64,5821255.79,16013.0,12025.0,51729.0,0.0,0.0,0.0,290,0,0
2016-10-29,7748034.04,6291672.94,16178.0,12385.0,65228.0,0.0,0.0,0.0,264,0,0
2016-10-30,6231866.09,5021019.4,14980.0,10862.0,76509.0,0.0,0.0,0.0,224,0,0
2016-10-31,6154479.92,4923620.6,14528.0,11617.0,48878.0,197.85684647302904,6740.0,315.0,233,0,0
2016-11-01,7719179.86,6108632.49,9921.0,6954.0,37157.0,0.0,0.0,0.0,282,0,0
2016-11-02,2019573.39,1671538.84,13377.0,10448.0,62589.0,0.0,0.0,0.0,61,0,0
2016-11-03,2167731.38,1630172.24,13217.0,10821.0,57843.0,0.0,0.0,0.0,76,0,0
2016-11-04,2921457.72,2325634.63,15480.0,12205.0,65097.0,0.0,0.0,0.0,103,0,0
2016-11-05,3331729.51,2510325.05,12693.0,10390.0,58940.0,0.0,0.0,0.0,108,0,0
2016-11-06,3177194.93,2614531.12,14121.0,11290.0,69354.0,0.0,0.0,0.0,114,0,0
2016-11-07,4013690.76,3164694.75,14412.0,10835.0,58813.0,0.0,0.0,0.0,142,0,0
2016-11-08,2902668.64,2275142.13,15021.0,10948.0,56211.0,0.0,0.0,0.0,112,0,0
2016-11-09,3088936.2,2415653.4,14051.0,10096.0,50820.0,0.0,0.0,0.0,117,0,0
2016-11-10,3524443.54,2787453.25,12300.0,9590.0,54043.0,0.0,0.0,0.0,117,0,0
2016-11-11,3242466.89,2622416.39,14481.0,10750.0,60880.0,0.0,0.0,0.0,115,0,0
2016-11-12,4067309.35,3215859.82,13921.0,10552.0,76023.0,0.0,0.0,0.0,151,0,0
2016-11-13,4108240.53,3298120.47,14357.0,11022.0,70333.0,0.0,0.0,0.0,147,0,0
2016-11-14,5384564.17,4287246.16,15703.0,11310.0,82333.0,0.0,0.0,0.0,210,0,0
2016-11-15,4067351.79,3266049.08,16722.0,13433.0,76078.0,0.0,0.0,0.0,162,0,0
2016-11-16,2666254.64,2184170.77,14954.0,11372.0,67005.0,0.0,0.0,0.0,119,0,0
2016-11-17,3253737.52,2657687.82,13839.0,10869.0,54220.0,0.0,0.0,0.0,115,0,0
2016-11-18,2750384.49,2341586.51,14924.0,11640.0,57143.0,0.0,0.0,0.0,134,1,1
2016-11-19,3049656.36,2797715.85,16193.0,12098.0,70086.0,0.0,0.0,0.0,133,1,1
2016-11-20,2422645.76,2208447.77,13513.0,10080.0,50458.0,0.0,0.0,0.0,119,1,1
2016-11-21,2849528.18,2622825.33,16673.0,12248.0,63606.0,0.0,0.0,0.0,129,1,1
2016-11-22,2953802.19,3010640.25,13636.0,10775.0,51147.0,0.0,0.0,0.0,125,1,1
2016-11-23,1781135.32,1682846.05,14106.0,10280.0,67908.0,0.0,0.0,0.0,96,1,1
2016-11-24,1693041.1,1727778.84,15361.0,11156.0,56779.0,0.0,0.0,0.0,92,1,1
2016-11-25,3314537.94,3343367.28,11287.0,9107.0,48716.0,0.0,0.0,0.0,180,1,1
2016-11-26,3392192.14,3360164.37,12882.0,10027.0,49661.0,0.0,0.0,0.0,177,1,1
2016-11-27,5299633.2,5281944.59,13309.0,9682.0,72788.0,0.0,0.0,0.0,309,1,1
2016-11-28,5196318.58,5131257.93,12901.0,10483.0,54139.0,0.0,0.0,0.0,286,1,1
2016-11-29,4921786.18,4962698.8,14112.0,10479.0,69379.0,0.0,0.0,0.0,258,1,1
2016-11-30,3832887.02,3897608.89,14123.0,10842.0,56376.0,195.0924024640657,6494.0,334.0,211,1,1
2016-12-01,2358573.02,2341309.79,17034.0,12965.0,62158.0,0.0,0.0,0.0,119,1,1
2016-12-02,907573.74,925477.21,17041.0,12600.0,91993.0,0.0,0.0,0.0,41,1,1
2016-12-03,1333890.05,1218185.92,16495.0,12690.0,63476.0,0.0,0.0,0.0,70,1,1
2016-12-04,2237557.76,2224630.3,18203.0,13285.0,60709.0,0.0,0.0,0.0,107,1,1
2016-12-05,1925286.27,1939563.58,14288.0,11009.0,46630.0,0.0,0.0,0.0,105,1,1
2016-12-06,2605334.49,2510982.32,16069.0,11394.0,53670.0,0.0,0.0,0.0,151,1,1
2016-12-07,2299467.49,2274139.79,16032.0,12887.0,71188.0,0.0,0.0,0.0,131,1,1
2016-12-08,2075549.34,2136761.21,18023.0,13994.0,73555.0,0.0,0.0,0.0,113,1,1
2016-12-09,2553283.93,2600587.96,17983.0,13716.0,64924.0,0.0,0.0,0.0,129,1,1
2016-12-10,2913080.54,2889190.43,19218.0,14825.0,91028.0,0.0,0.0,0.0,142,1,1
2016-12-11,2853330.5,2812545.24,16676.0,11969.0,65996.0,0.0,0.0,0.0,156,1,1
2016-12-12,3248145.42,3217430.0,13350.0,9592.0,51730.0,0.0,0.0,0.0,188,1,1
2016-12-13,3823629.31,3830277.56,15412.0,11215.0,67548.0,0.0,0.0,0.0,221,1,1
2016-12-14,2792734.55,2831410.87,13095.0,9864.0,60583.0,0.0,0.0,0.0,160,1,1
2016-12-15,2707101.38,2742933.88,16207.0,12614.0,82968.0,0.0,0.0,0.0,149,1,1
2016-12-16,2646651.72,2651717.38,15939.0,11652.0,53942.0,0.0,0.0,0.0,140,1,1
2016-12-17,3238132.58,3280502.46,14917.0,12185.0,63940.0,0.0,0.0,0.0,185,1,1
2016-12-18,3271429.4,3285398.32,15169.0,11685.0,62649.0,0.0,0.0,0.0,191,1,1
2016-12-19,4135316.35,4095588.8,18344.0,13487.0,67232.0,0.0,0.0,0.0,248,1,1
2016-12-20,4293749.29,4224108.67,16681.0,12738.0,74053.0,0.0,0.0,0.0,287,1,1
2016-12-21,4279775.59,4100591.43,15734.0,12849.0,54528.0,0.0,0.0,0.0,255,1,1
2016-12-22,3117384.48,3057416.11,15796.0,11671.0,56842.0,0.0,0.0,0.0,186,1,1
2016-12-23,2500798.47,2509747.01,15987.0,11280.0,68313.0,0.0,0.0,0.0,138,1,1
2016-12-24,2034069.49,2007308.18,13567.0,10748.0,66087.0,0.0,0.0,0.0,121,1,1
2016-12-25,3488378.94,3406046.44,16706.0,12156.0,71340.0,0.0,0.0,0.0,221,1,1
2016-12-26,3839559.68,3806837.33,14146.0,10364.0,52010.0,0.0,0.0,0.0,284,1,1
2016-12-27,5844260.6,5750792.35,16063.0,12885.0,52487.0,0.0,0.0,0.0,368,1,1
2016-12-28,7554359.22,7421332.69,13341.0,9462.0,58408.0,0.0,0.0,0.0,524,1,1
2016-12-29,7928143.58,7951767.41,15158.0,11598.0,76740.0,0.0,0.0,0.0,479,1,1
2016-12-30,5840732.73,5741938.39,14375.0,11585.0,55377.0,0.0,0.0,0.0,370,1,1
2016-12-31,4969730.15,4920694.41,17037.0,12745.0,70383.0,191.83300198807157,9948.0,333.0,293,1,1
2017-01-01,3998895.08,3583814.01,12622.0,10240.0,40788.0,0.0,0.0,0.0,204,1,1
2017-01-02,1748553.87,1374452.07,11539.0,9413.0,61868.0,0.0,0.0,0.0,57,1,1
2017-01-03,1891837.91,1573537.28,11507.0,8946.0,55783.0,0.0,0.0,0.0,68,0,0
2017-01-04,847466.28,682698.81,10925.0,8136.0,50441.0,0.0,0.0,0.0,36,0,0
2017-01-05,1464435.52,1145400.53,12054.0,9143.0,55335.0,0.0,0.0,0.0,57,0,0
2017-01-06,2311449.24,1842665.52,13380.0,9430.0,58369.0,0.0,0.0,0.0,79,0,0
2017-01-07,2148635.45,1767280.58,13715.0,10628.0,61889.0,0.0,0.0,0.0,75,0,0
2017-01-08,2907768.3,2272946.44,12389.0,9146.0,43499.0,0.0,0.0,0.0,105,0,0
2017-01-09,3437216.12,2814472.11,11802.0,8776.0,58449.0,0.0,0.0,0.0,129,0,0
2017-01-10,3014515.71,2440786.22,12803.0,9158.0,65574.0,0.0,0.0,0.0,111,0,0
2017-01-11,2227157.79,1674420.56,13414.0,9660.0,52857.0,0.0,0.0,0.0,95,0,0
2017-01-12,2704158.21,2101198.8,12525.0,9985.0,45854.0,0.0,0.0,0.0,92,0,0
2017-01-13,3136819.59,2599219.64,14039.0,11266.0,55457.0,0.0,0.0,0.0,105,0,0
2017-01-14,2056300.58,1704845.73,14325.0,10550.0,55281.0,0.0,0.0,0.0,75,0,0
2017-01-15,2415343.55,1994964.86,12653.0,9484.0,44274.0,0.0,0.0,0.0,99,0,0
2017-01-16,3848368.92,3102404.56,13013.0,9791.0,44548.0,0.0,0.0,0.0,133,0,0
2017-01-17,2829843.68,2229864.7,10949.0,8323.0,40253.0,0.0,0.0,0.0,108,0,0
2017-01-18,2138817.82,1652537.47,12495.0,8815.0,55397.0,0.0,0.0,0.0,84,0,0
2017-01-19,2663777.41,2187863.56,12554.0,10249.0,49214.0,0.0,0.0,0.0,97,0,0
2017-01-20,2871845.05,2318588.01,11811.0,9397.0,59903.0,0.0,0.0,0.0,92,0,0
2017-01-21,2790303.1,2232164.85,12422.0,9307.0,49377.0,0.0,0.0,0.0,87,0,0
2017-01-22,2438538.62,2064760.98,12462.0,9257.0,64210.0,0.0,0.0,0.0,91,0,0
2017-01-23,3466339.69,2719480.1,12834.0,10063.0,46316.0,0.0,0.0,0.0,127,0,0
2017-01-24,2856042.21,2288079.89,13391.0,9706.0,43170.0,0.0,0.0,0.0,115,0,0
2017-01-25,2345949.16,1953862.54,14150.0,10329.0,59924.0,0.0,0.0,0.0,74,0,0
2017-01-26,3398297.86,2689465.29,12150.0,8685.0,39488.0,0.0,0.0,0.0,102,0,0
2017-01-27,3893498.97,3118864.85,13150.0,9777.0,51437.0,0.0,0.0,0.0,139,0,0
2017-01-28,5454445.79,4466542.85,13864.0,10045.0,51529.0,0.0,0.0,0.0,204,0,0
2017-01-29,6530902.38,5313138.23,13325.0,10241.0,65733.0,0.0,0.0,0.0,205,0,0
2017-01-30,5647441.37,4545794.61,14275.0,10425.0,68719.0,0.0,0.0,0.0,211,1,1
2017-01-31,5786663.6,4731579.01,13101.0,10062.0,45137.0,197.81236673773986,5029.0,328.0,195,1,1
2017-02-01,3754242.39,3007642.45,20232.0,15351.0,104667.0,0.0,0.0,0.0,136,1,1
2017-02-02,2084558.98,1704689.79,19312.0,14146.0,65888.0,0.0,0.0,0.0,69,1,1
2017-02-03,2527455.7,2118774.82,20370.0,16455.0,82660.0,0.0,0.0,0.0,70,1,1
2017-02-04,2511052.37,2067059.03,18498.0,13014.0,98103.0,0.0,0.0,0.0,84,1,1
2017-02-05,2436308.96,2039899.33,19918.0,14950.0,64989.0,0.0,0.0,0.0,95,1,1
2017-02-06,2567404.94,2085607.67,16421.0,13077.0,77641.0,0.0,0.0,0.0,108,1,1
2017-02-07,2738634.88,2219123.05,19113.0,14914.0,80835.0,0.0,0.0,0.0,112,1,1
2017-02-08,1933130.03,1586818.66,18913.0,13297.0,101831.0,0.0,0.0,0.0,80,1,1
2017-02-09,2516914.69,2076822.36,19358.0,14364.0,82492.0,0.0,0.0,0.0,97,1,1
2017-02-10,2588464.94,2130151.17,20565.0,14652.0,100848.0,0.0,0.0,0.0,90,1,1
2017-02-11,3014037.02,2552520.25,20397.0,15311.0,85105.0,0.0,0.0,0.0,108,1,1
2017-02-12,3603536.48,2886850.52,19746.0,15695.0,63249.0,0.0,0.0,0.0,132,1,1
2017-02-13,4440040.43,3602625.97,18134.0,13438.0,64163.0,0.0,0.0,0.0,164,1,1
2017-02-14,3875527.43,3254271.21,20499.0,15808.0,84387.0,0.0,0.0,0.0,130,1,1
2017-02-15,2042667.61,1725509.05,18861.0,14219.0,62685.0,0.0,0.0,0.0,77,1,1
2017-02-16,3533527.8,2858753.36,21116.0,14886.0,72121.0,0.0,0.0,0.0,114,1,1
2017-02-17,3023518.61,2507056.83,19370.0,14607.0,104239.0,0.0,0.0,0.0,120,1,1
2017-02-18,3277433.63,2800726.99,16868.0,13003.0,64837.0,0.0,0.0,0.0,119,1,1
2017-02-19,4520643.56,3744775.49,19576.0,14548.0,65886.0,0.0,0.0,0.0,155,1,1
2017-02-20,5623470.83,4661358.55,20870.0,14625.0,96876.0,0.0,0.0,0.0,210,1,1
2017-02-21,5243661.46,4397106.06,18854.0,13238.0,88714.0,0.0,0.0,0.0,177,1,1
2017-02-22,4461426.24,3673004.77,17550.0,12520.0,85769.0,0.0,0.0,0.0,154,1,1
2017-02-23,5005082.74,4050645.07,19901.0,15174.0,92090.0,0.0,0.0,0.0,153,1,1
2017-02-24,5197080.94,4291124.12,18825.0,15336.0,70231.0,0.0,0.0,0.0,188,1,1
2017-02-25,7193655.77,5984598.22,21844.0,17534.0,118820.0,0.0,0.0,0.0,270,1,1
2017-02-26,6951383.99,5568547.06,19969.0,14510.0,94524.0,0.0,0.0,0.0,248,1,1
2017-02-27,7418488.93,6084966.92,16986.0,13530.0,90178.0,0.0,0.0,0.0,279,1,1
2017-02-28,5900508.14,4852701.48,18395.0,14684.0,80475.0,203.06652360515022,5871.0,298.0,237,1,1
2017-03-01,4138759.12,3461752.84,31339.0,25451.0,117827.0,0.0,0.0,0.0,159,1,1
2017-03-02,1084768.59,894235.96,26292.0,20817.0,93912.0,0.0,0.0,0.0,42,0,0
2017-03-03,1291387.67,1088338.93,22532.0,17241.0,122003.0,0.0,0.0,0.0,37,0,0
2017-03-04,1414852.54,1091358.11,26587.0,19627.0,129329.0,0.0,0.0,0.0,49,0,0
2017-03-05,2359240.19,1784452.73,24658.0,20216.0,107200.0,0.0,0.0,0.0,70,0,0
2017-03-06,3890607.23,3160109.06,25866.0,18584.0,119513.0,0.0,0.0,0.0,129,0,0
2017-03-07,3220221.21,2644266.94,26052.0,21324.0,121338.0,0.0,0.0,0.0,111,0,0
2017-03-08,4553707.12,3607122.81,24150.0,19653.0,126445.0,0.0,0.0,0.0,151,0,0
2017-03-09,4967983.41,4034647.4,29725.0,22479.0,144087.0,0.0,0.0,0.0,173,0,0
2017-03-10,6057343.95,4929376.63,25479.0,20206.0,107208.0,0.0,0.0,0.0,179,0,0
2017-03-11,4368486.87,3465509.34,29217.0,21324.0,153598.0,0.0,0.0,0.0,155,0,0
2017-03-12,3116003.75,2481856.51,28008.0,20985.0,90754.0,0.0,0.0,0.0,124,0,0
2017-03-13,4924647.72,4152542.23,25233.0,19194.0,131380.0,0.0,0.0,0.0,167,0,0
2017-03-14,5669415.23,4519981.15,27428.0,19351.0,134330.0,0.0,0.0,0.0,188,0,0
2017-03-15,7298281.44,5862653.36,26362.0,19478.0,121330.0,0.0,0.0,0.0,242,0,0
2017-03-16,7437742.79,6020449.52,23997.0,18520.0,93928.0,0.0,0.0,0.0,257,0,0
2017-03-17,7834618.24,6274517.1,28117.0,20066.0,102977.0,0.0,0.0,0.0,269,0,0
2017-03-18,5974783.9,4875618.15,26019.0,21045.0,122810.0,0.0,0.0,0.0,194,1,1
2017-03-19,5122059.27,4468071.53,30770.0,24465.0,120261.0,0.0,0.0,0.0,188,1,1
2017-03-20,5574811.65,4750949.98,26717.0,21702.0,140692.0,0.0,0.0,0.0,202,1,1
2017-03-21,6395400.59,5699224.23,28025.0,21297.0,140613.0,0.0,0.0,0.0,253,1,1
2017-03-22,6704488.72,5884865.16,29633.0,22377.0,125447.0,0.0,0.0,0.0,278,1,1
2017-03-23,8227253.04,7586583.97,27385.0,19403.0,112532.0,0.0,0.0,0.0,315,1,1
2017-03-24,8043513.7,7275137.93,29258.0,21262.0,108868.0,0.0,0.0,0.0,301,1,1
2017-03-25,5949599.34,5438511.57,24253.0,19444.0,80650.0,0.0,0.0,0.0,230,1,1
2017-03-26,5631526.96,5140078.21,25932.0,20343.0,85961.0,0.0,0.0,0.0,233,1,1
2017-03-27,6690279.11,5981854.17,28655.0,22329.0,106341.0,0.0,0.0,0.0,283,1,1
2017-03-28,7528150.84,6808020.58,27352.0,19599.0,104654.0,0.0,0.0,0.0,315,1,1
2017-03-29,8839810.76,8216778.38,24119.0,17923.0,116628.0,0.0,0.0,0.0,374,1,1
2017-03-30,17516038.82,16224964.49,26971.0,19071.0,86387.0,0.0,0.0,0.0,725,1,1
2017-03-31,16556662.03,15209810.1,24915.0,20002.0,92676.0,200.84950495049506,9238.0,340.0,656,1,1
2017-04-01,15808755.61,14645912.76,38431.0,28563.0,187339.0,0.0,0.0,0.0,599,1,1
2017-04-02,14750037.65,13407725.54,40207.0,28170.0,178934.0,0.0,0.0,0.0,553,1,1
2017-04-03,11986923.68,10898039.76,33072.0,25843.0,112801.0,0.0,0.0,0.0,458,1,1
2017-04-04,3822590.98,3438348.87,33989.0,27225.0,155858.0,0.0,0.0,0.0,151,1,1
2017-04-05,4629254.97,4199168.99,36364.0,25936.0,177513.0,0.0,0.0,0.0,192,1,1
2017-04-06,3991728.43,3603945.57,34141.0,24945.0,126208.0,0.0,0.0,0.0,160,1,1
2017-04-07,3428956.51,3033332.62,32188.0,25653.0,157226.0,0.0,0.0,0.0,142,1,1
2017-04-08,3512061.04,3104040.68,40281.0,28931.0,155181.0,0.0,0.0,0.0,149,1,1
2017-04-09,5195329.1,4683867.18,34091.0,24873.0,185984.0,0.0,0.0,0.0,188,1,1
2017-04-10,4956146.85,4458418.44,33877.0,24739.0,131585.0,0.0,0.0,0.0,216,1,1
2017-04-11,6400896.15,5775011.4,32932.0,23764.0,125962.0,0.0,0.0,0.0,249,1,1
2017-04-12,6346191.53,5932271.71,35148.0,27088.0,152289.0,0.0,0.0,0.0,275,1,1
2017-04-13,6080699.31,5675033.32,42500.0,34195.0,161371.0,0.0,0.0,0.0,240,1,1
2017-04-14,5046450.29,4501125.15,37043.0,27050.0,185341.0,0.0,0.0,0.0,206,1,1
2017-04-15,5118767.2,4382670.97,35179.0,26145.0,114493.0,0.0,0.0,0.0,194,1,1
2017-04-16,5550880.17,4613246.21,33153.0,24240.0,136032.0,0.0,0.0,0.0,222,1,1
2017-04-17,6659045.31,5533903.49,28523.0,22616.0,137529.0,0.0,0.0,0.0,223,1,1
2017-04-18,8056843.67,6512827.94,32079.0,24550.0,106023.0,0.0,0.0,0.0,268,0,0
2017-04-19,8628781.58,6869166.87,35793.0,26391.0,161461.0,0.0,0.0,0.0,303,0,0
2017-04-20,7240460.1,5704449.86,37700.0,30613.0,156417.0,0.0,0.0,0.0,261,0,0
2017-04-21,5516371.41,4399591.55,34469.0,27342.0,113849.0,0.0,0.0,0.0,164,0,0
2017-04-22,5307716.56,4273571.86,35014.0,27749.0,178933.0,0.0,0.0,0.0,193,0,0
2017-04-23,7933547.43,6292750.65,34949.0,27137.0,154407.0,0.0,0.0,0.0,239,0,0
2017-04-24,7075130.23,5783275.04,39024.0,29763.0,128812.0,0.0,0.0,0.0,267,0,0
2017-04-25,8289377.68,6751931.23,32804.0,26730.0,168725.0,0.0,0.0,0.0,316,0,0
2017-04-26,11677117.94,9490915.85,37962.0,27673.0,208232.0,0.0,0.0,0.0,433,0,0
2017-04-27,10910842.34,8767860.5,33066.0,26305.0,130394.0,0.0,0.0,0.0,400,0,0
2017-04-28,8873238.46,7052027.5,39311.0,31002.0,183407.0,0.0,0.0,0.0,315,0,0
2017-04-29,13969061.08,11193381.32,34984.0,26887.0,117941.0,0.0,0.0,0.0,558,0,0
2017-04-30,12763691.95,10213945.04,33629.0,23674.0,152003.0,200.18074656188605,12093.0,350.0,485,0,0
2017-05-01,10437173.89,8248934.13,35419.0,28180.0,139200.0,0.0,0.0,0.0,377,0,0
2017-05-02,10668293.77,8545428.77,31907.0,25516.0,137623.0,0.0,0.0,0.0,386,0,0
2017-05-03,11066087.91,8850240.81,32706.0,26684.0,159335.0,0.0,0.0,0.0,410,0,0
2017-05-04,5096072.55,4205229.55,40776.0,31284.0,177898.0,0.0,0.0,0.0,176,0,0
2017-05-05,5663567.39,4486107.35,34742.0,26251.0,146458.0,0.0,0.0,0.0,190,0,0
2017-05-06,3743378.15,2996412.53,32822.0,25112.0,108429.0,0.0,0.0,0.0,145,0,0
2017-05-07,4893557.72,3947883.38,31502.0,25544.0,126351.0,0.0,0.0,0.0,181,0,0
2017-05-08,5867384.27,4768855.8,38996.0,31829.0,154237.0,0.0,0.0,0.0,197,0,0
2017-05-09,6383091.75,5203605.53,32416.0,23982.0,130327.0,0.0,0.0,0.0,244,0,0
2017-05-10,7501996.22,6032076.17,31077.0,21933.0,108879.0,0.0,0.0,0.0,268,0,0
2017-05-11,10239562.28,8268973.88,40565.0,31416.0,187398.0,0.0,0.0,0.0,359,0,0
2017-05-12,8320439.9,6726540.41,36556.0,28715.0,185671.0,0.0,0.0,0.0,306,0,0
2017-05-13,7357524.23,5896933.82,36185.0,25745.0,115795.0,0.0,0.0,0.0,255,0,0
2017-05-14,6662133.39,5287890.68,35091.0,25607.0,124227.0,0.0,0.0,0.0,248,0,0
2017-05-15,7541584.53,6196974.67,30119.0,22719.0,105449.0,0.0,0.0,0.0,273,0,0
2017-05-16,6978902.38,5556954.23,29307.0,21668.0,114024.0,0.0,0.0,0.0,236,0,0
2017-05-17,7526190.32,5942140.35,35769.0,25156.0,117395.0,0.0,0.0,0.0,301,0,0
2017-05-18,10554187.11,8417567.55,30812.0,22207.0,157739.0,0.0,0.0,0.0,389,0,0
2017-05-19,8723026.23,6978931.62,33045.0,26472.0,149938.0,0.0,0.0,0.0,330,0,0
2017-05-20,6210104.92,4916762.05,35913.0,28096.0,193013.0,0.0,0.0,0.0,215,0,0
2017-05-21,7924193.43,6410830.66,33719.0,27372.0,161464.0,0.0,0.0,0.0,263,0,0
2017-05-22,7701304.95,6167091.35,30096.0,23024.0,119937.0,0.0,0.0,0.0,266,0,0
2017-05-23,8875094.41,7259320.81,36796.0,28201.0,184009.0,0.0,0.0,0.0,320,0,0
2017-05-24,9809118.2,7989958.15,33264.0,25804.0,148653.0,0.0,0.0,0.0,357,0,0
2017-05-25,12997641.6,10345551.33,42164.0,30899.0,163992.0,0.0,0.0,0.0,462,0,0
2017-05-26,10924584.92,8936147.49,38464.0,29297.0,162907.0,0.0,0.0,0.0,370,0,0
2017-05-27,6842735.97,5377732.71,37792.0,26861.0,164495.0,0.0,0.0,0.0,281,0,0
2017-05-28,6133951.19,4817050.8,36429.0,25857.0,184949.0,0.0,0.0,0.0,234,0,0
2017-05-29,7513494.18,5975112.76,37677.0,27433.0,176246.0,0.0,0.0,0.0,274,0,0
2017-05-30,15437626.24,12468271.46,33980.0,26896.0,157781.0,0.0,0.0,0.0,588,0,0
2017-05-31,17314841.86,13846685.08,33594.0,25749.0,174323.0,193.74710424710426,13524.0,347.0,652,0,0
2017-06-01,17639270.88,14102311.81,35023.0,25765.0,160167.0,0.0,0.0,0.0,657,0,0
2017-06-02,17528852.88,14154253.77,34130.0,26604.0,146895.0,0.0,0.0,0.0,647,0,0
2017-06-03,15308256.14,12312510.57,35091.0,27042.0,133878.0,0.0,0.0,0.0,573,0,0
2017-06-04,4982217.86,4015671.63,35649.0,26916.0,179071.0,0.0,0.0,0.0,169,0,0
2017-06-05,6879970.92,5535512.4,35826.0,29166.0,119666.0,0.0,0.0,0.0,226,0,0
2017-06-06,5342823.74,4216558.08,32575.0,25695.0,133505.0,0.0,0.0,0.0,195,0,0
2017-06-07,7640608.49,6119021.16,39435.0,29407.0,178969.0,0.0,0.0,0.0,277,0,0
2017-06-08,7229728.05,5870597.71,40944.0,33493.0,180190.0,0.0,0.0,0.0,256,0,0
2017-06-09,6070420.59,4805414.43,35721.0,27148.0,133317.0,0.0,0.0,0.0,201,0,0
2017-06-10,6331260.25,5062026.02,33686.0,24717.0,143139.0,0.0,0.0,0.0,221,0,0
2017-06-11,6522568.24,5237226.84,35853.0,25199.0,143300.0,0.0,0.0,0.0,237,0,0
2017-06-12,6628740.01,5335810.64,31576.0,23416.0,141683.0,0.0,0.0,0.0,243,0,0
2017-06-13,9097973.24,7325847.9,37243.0,27019.0,175384.0,0.0,0.0,0.0,303,0,0
2017-06-14,10026676.46,8103723.85,37351.0,29518.0,179754.0,0.0,0.0,0.0,374,0,0
2017-06-15,7940593.56,6369139.96,36969.0,25886.0,188129.0,0.0,0.0,0.0,278,0,0
2017-06-16,7143718.68,5840484.65,34268.0,28084.0,145117.0,0.0,0.0,0.0,247,0,0
2017-06-17,7455304.37,6136710.77,34308.0,27419.0,171234.0,0.0,0.0,0.0,257,0,0
2017-06-18,7827068.5,6257008.19,32370.0,23780.0,143718.0,0.0,0.0,0.0,269,0,0
2017-06-19,7342525.83,5820728.91,33905.0,25119.0,108701.0,0.0,0.0,0.0,262,0,0
2017-06-20,8225238.75,6368214.24,34714.0,27073.0,188181.0,0.0,0.0,0.0,314,0,0
2017-06-21,10655514.59,8609715.32,35493.0,27221.0,143116.0,0.0,0.0,0.0,371,0,0
2017-06-22,9198620.13,7431185.52,35661.0,25646.0,158778.0,0.0,0.0,0.0,331,0,0
2017-06-23,6526283.84,5230359.86,33715.0,24358.0,120962.0,0.0,0.0,0.0,228,1,1
2017-06-24,7602436.11,6685562.91,35424.0,25113.0,130720.0,0.0,0.0,0.0,268,1,1
2017-06-25,7066545.51,6587328.34,36412.0,28892.0,119913.0,0.0,0.0,0.0,283,1,1
2017-06-26,7983541.46,7671373.55,30718.0,23077.0,136114.0,0.0,0.0,0.0,349,1,1
2017-06-27,9250037.34,9101777.72,35040.0,27683.0,132527.0,0.0,0.0,0.0,432,1,1
2017-06-28,11067229.74,10779722.88,42111.0,34054.0,146124.0,0.0,0.0,0.0,500,1,1
2017-06-29,14575854.67,14163551.21,37150.0,27468.0,120218.0,0.0,0.0,0.0,621,1,1
2017-06-30,10343460.86,10016805.64,35611.0,25213.0,157515.0,200.0038240917782,14788.0,373.0,489,1,1
2017-07-01,9399552.7,9077728.29,27145.0,22248.0,147955.0,0.0,0.0,0.0,390,1,1
2017-07-02,8465410.55,8425628.54,23645.0,16898.0,105672.0,0.0,0.0,0.0,379,1,1
2017-07-03,7335280.55,7353625.52,29634.0,22682.0,146736.0,0.0,0.0,0.0,280,1,1
2017-07-04,1548331.57,1505172.52,23817.0,17795.0,91606.0,0.0,0.0,0.0,67,1,1
2017-07-05,2498941.43,2468637.84,30269.0,22948.0,122353.0,0.0,0.0,0.0,106,1,1
2017-07-06,3806545.74,3785638.98,25118.0,18918.0,82615.0,0.0,0.0,0.0,163,1,1
2017-07-07,3910669.38,3735165.73,26598.0,18854.0,90748.0,0.0,0.0,0.0,139,1,1
2017-07-08,2775904.89,2709365.34,25459.0,19735.0,132902.0,0.0,0.0,0.0,114,1,1
2017-07-09,4305575.04,4091213.73,26766.0,20461.0,123557.0,0.0,0.0,0.0,160,1,1
2017-07-10,4406742.02,4296558.78,29237.0,23394.0,130703.0,0.0,0.0,0.0,170,1,1
2017-07-11,4944810.32,4863855.67,26995.0,20036.0,108610.0,0.0,0.0,0.0,191,1,1
2017-07-12,4751983.65,4543652.2,26508.0,20514.0,98051.0,0.0,0.0,0.0,203,1,1
2017-07-13,6163660.52,5965250.9,27766.0,21735.0,135675.0,0.0,0.0,0.0,248,1,1
2017-07-14,4470547.96,4429144.59,28660.0,22433.0,96760.0,0.0,0.0,0.0,202,1,1
2017-07-15,4914470.82,4964833.31,28075.0,20085.0,111258.0,0.0,0.0,0.0,205,1,1
2017-07-16,5679726.46,5555676.19,27449.0,19255.0,149747.0,0.0,0.0,0.0,229,1,1
2017-07-17,5903451.12,5721733.07,25338.0,19798.0,118388.0,0.0,0.0,0.0,233,1,1
2017-07-18,5722567.0,5454385.63,30601.0,24469.0,141407.0,0.0,0.0,0.0,229,1,1
2017-07-19,5823778.88,5343161.22,29232.0,23099.0,131517.0,0.0,0.0,0.0,241,1,1
2017-07-20,7767875.77,6983084.24,27033.0,19410.0,112947.0,0.0,0.0,0.0,319,1,1
2017-07-21,7742137.96,6801188.17,26517.0,19629.0,88480.0,0.0,0.0,0.0,271,1,1
2017-07-22,5031209.52,4280297.37,27599.0,20340.0,104019.0,0.0,0.0,0.0,179,1,1
2017-07-23,5822844.6,4618045.67,25790.0,18090.0,117908.0,0.0,0.0,0.0,205,0,0
2017-07-24,5657508.49,4478937.41,29863.0,22909.0,115978.0,0.0,0.0,0.0,192,0,0
2017-07-25,7277905.64,5735726.58,30138.0,21262.0,110196.0,0.0,0.0,0.0,217,0,0
2017-07-26,8323356.74,6749350.5,29732.0,22503.0,146625.0,0.0,0.0,0.0,265,0,0
2017-07-27,10162217.48,8082143.68,26209.0,19977.0,93723.0,0.0,0.0,0.0,355,0,0
2017-07-28,8483149.48,6878556.14,25463.0,19086.0,122555.0,0.0,0.0,0.0,276,0,0
2017-07-29,7623158.15,6127361.47,25990.0,18977.0,137669.0,0.0,0.0,0.0,243,0,0
2017-07-30,8808543.18,8256517.97,31426.0,23608.0,165188.0,0.0,0.0,0.0,325,1,1
2017-07-31,9466549.72,11128407.08,25165.0,19158.0,119787.0,203.8368932038835,9673.0,342.0,438,1,1
2017-08-01,7103485.92,8893176.14,28290.0,22258.0,146911.0,0.0,0.0,0.0,381,1,1
2017-08-02,6242432.38,8556480.36,26788.0,20979.0,114784.0,0.0,0.0,0.0,379,1,1
2017-08-03,6560878.74,8998020.07,31496.0,22536.0,143701.0,0.0,0.0,0.0,412,1,1
2017-08-04,5472043.99,7638550.59,30889.0,23962.0,151068.0,0.0,0.0,0.0,328,1,1
2017-08-05,1626028.13,2192300.16,34707.0,27103.0,183550.0,0.0,0.0,0.0,84,1,1
2017-08-06,2056024.63,2936220.92,35889.0,25345.0,116865.0,0.0,0.0,0.0,123,1,1
2017-08-07,2070918.21,2673620.96,31053.0,24200.0,119017.0,0.0,0.0,0.0,121,1,1
2017-08-08,2631383.27,3603508.2,30612.0,21678.0,109280.0,0.0,0.0,0.0,154,1,1
2017-08-09,2635632.31,3591835.02,31315.0,23629.0,161035.0,0.0,0.0,0.0,169,1,1
2017-08-10,3124252.01,4079777.28,33136.0,24768.0,140706.0,0.0,0.0,0.0,208,1,1
2017-08-11,3164344.57,4365179.69,30520.0,21870.0,130101.0,0.0,0.0,0.0,194,1,1
2017-08-12,2404905.33,3325606.06,31638.0,24053.0,168384.0,0.0,0.0,0.0,139,1,1
2017-08-13,2375693.54,3146463.17,33074.0,25703.0,134513.0,0.0,0.0,0.0,154,1,1
2017-08-14,3038574.28,4128458.45,34068.0,27358.0,160835.0,0.0,0.0,0.0,176,1,1
2017-08-15,2570726.93,3709393.15,35864.0,25366.0,115515.0,0.0,0.0,0.0,149,1,1
2017-08-16,3226436.89,4462853.41,33700.0,25872.0,170639.0,0.0,0.0,0.0,204,1,1
2017-08-17,4035498.92,5750566.25,28915.0,20843.0,111578.0,0.0,0.0,0.0,252,1,1
2017-08-18,3226338.29,4356894.77,30910.0,21663.0,162728.0,0.0,0.0,0.0,204,1,1
2017-08-19,2594209.32,3620782.22,32936.0,25133.0,134014.0,0.0,0.0,0.0,158,1,1
2017-08-20,2793076.6,3941814.02,33483.0,25702.0,121266.0,0.0,0.0,0.0,157,1,1
2017-08-21,2634922.72,3676913.21,30617.0,24399.0,136168.0,0.0,0.0,0.0,164,1,1
2017-08-22,3146373.54,4106696.92,34121.0,24435.0,178933.0,0.0,0.0,0.0,196,1,1
2017-08-23,3476965.73,4769850.97,34443.0,27665.0,164113.0,0.0,0.0,0.0,195,1,1
2017-08-24,4910360.99,6796852.79,31644.0,25469.0,118814.0,0.0,0.0,0.0,295,1,1
2017-08-25,3349335.96,4548124.98,33330.0,24632.0,156353.0,0.0,0.0,0.0,199,1,1
2017-08-26,2646726.51,3741666.75,32780.0,24563.0,144906.0,0.0,0.0,0.0,152,1,1
2017-08-27,2383553.18,3067888.41,35204.0,26254.0,132453.0,0.0,0.0,0.0,156,1,1
2017-08-28,3635080.01,5161278.75,28810.0,22222.0,120902.0,0.0,0.0,0.0,213,1,1
2017-08-29,7306573.99,9554867.54,32051.0,23655.0,174402.0,0.0,0.0,0.0,457,1,1
2017-08-30,6946636.36,9396255.8,30624.0,21466.0,126950.0,0.0,0.0,0.0,440,1,2
2017-08-31,7907948.51,10017576.0,31077.0,22060.0,161632.0,191.71978021978023,11285.0,358.0,478,1,2
2017-09-01,5962206.68,7605277.51,20846.0,16703.0,76000.0,0.0,0.0,0.0,365,1,2
2017-09-02,6245530.26,7453975.27,23091.0,18684.0,106469.0,0.0,0.0,0.0,335,1,2
2017-09-03,2366258.16,2028274.79,19088.0,13619.0,80620.0,0.0,0.0,0.0,87,1,1
2017-09-04,3110959.61,2696832.33,22223.0,17808.0,119084.0,0.0,0.0,0.0,95,1,1
2017-09-05,4156708.13,3697301.2,22874.0,17929.0,110468.0,0.0,0.0,0.0,150,1,1
2017-09-06,3962558.61,3470517.33,23093.0,18419.0,87810.0,0.0,0.0,0.0,153,1,1
2017-09-07,3177169.11,2911789.0,24979.0,18665.0,82315.0,0.0,0.0,0.0,103,1,1
2017-09-08,2758623.23,2466116.27,19331.0,15167.0,102782.0,0.0,0.0,0.0,107,1,1
2017-09-09,3407389.12,3057748.67,19179.0,15303.0,92723.0,0.0,0.0,0.0,123,1,1
2017-09-10,2833078.04,2447241.71,22223.0,15732.0,82195.0,0.0,0.0,0.0,103,1,1
2017-09-11,4351501.62,3874079.03,20980.0,15408.0,88063.0,0.0,0.0,0.0,163,1,1
2017-09-12,5272757.92,4657582.93,22613.0,15960.0,108189.0,0.0,0.0,0.0,195,1,1
2017-09-13,4375381.18,3897483.92,23911.0,16994.0,111917.0,0.0,0.0,0.0,171,1,1
2017-09-14,2944995.39,2598454.0,21462.0,15173.0,105722.0,0.0,0.0,0.0,120,1,1
2017-09-15,4050240.35,3493814.51,18682.0,14184.0,86802.0,0.0,0.0,0.0,135,1,1
2017-09-16,3998480.39,3572766.48,23441.0,17775.0,78852.0,0.0,0.0,0.0,156,1,1
2017-09-17,3646297.83,3324722.05,21658.0,16922.0,102167.0,0.0,0.0,0.0,140,1,1
2017-09-18,4708998.08,4108242.1,26686.0,20277.0,86684.0,0.0,0.0,0.0,178,1,1
2017-09-19,5863767.93,5193156.23,22505.0,16516.0,111810.0,0.0,0.0,0.0,219,1,1
2017-09-20,4348094.84,3813888.37,23533.0,18431.0,80584.0,0.0,0.0,0.0,171,1,1
2017-09-21,3941062.22,3437534.89,25061.0,18573.0,86344.0,0.0,0.0,0.0,145,1,1
2017-09-22,4296469.47,3871217.73,22964.0,18801.0,98691.0,0.0,0.0,0.0,160,1,1
2017-09-23,4068464.64,3622953.87,20569.0,16593.0,70094.0,0.0,0.0,0.0,169,1,1
2017-09-24,3893369.27,3496467.09,20937.0,15172.0,72188.0,0.0,0.0,0.0,161,1,1
2017-09-25,5274815.56,4684517.64,23029.0,18798.0,118847.0,0.0,0.0,0.0,201,1,1
2017-09-26,5803004.55,5062124.41,23233.0,18525.0,97864.0,0.0,0.0,0.0,251,1,1
2017-09-27,7446035.82,6568633.22,18923.0,13403.0,94972.0,0.0,0.0,0.0,292,1,1
2017-09-28,7777371.32,7033425.19,21195.0,16470.0,108775.0,0.0,0.0,0.0,295,1,1
2017-09-29,5297992.65,4816175.26,20000.0,16351.0,77127.0,0.0,0.0,0.0,231,1,1
2017-09-30,5604370.48,4849617.32,22021.0,16969.0,95903.0,208.87573964497042,7016.0,338.0,236,1,1
2017-10-01,4057941.88,3476480.87,17915.0,14178.0,59367.0,0.0,0.0,0.0,166,1,1
2017-10-02,2879522.46,2342981.57,16833.0,12837.0,82412.0,0.0,0.0,0.0,103,1,1
2017-10-03,2733645.95,2251158.64,18334.0,14736.0,66664.0,0.0,0.0,0.0,97,0,0
2017-10-04,3991921.57,3166198.46,17386.0,13879.0,59820.0,0.0,0.0,0.0,126,0,0
2017-10-05,3219806.7,2540926.63,17122.0,12358.0,80059.0,0.0,0.0,0.0,104,0,0
2017-10-06,2919860.88,2393697.54,15453.0,10992.0,79238.0,0.0,0.0,0.0,96,0,0
2017-10-07,3614512.4,2790501.3,19468.0,13738.0,96644.0,0.0,0.0,0.0,120,0,0
2017-10-08,3915909.65,3064193.34,16925.0,13107.0,66952.0,0.0,0.0,0.0,130,0,0
2017-10-09,3295589.64,2601027.16,18314.0,13255.0,83649.0,0.0,0.0,0.0,113,0,0
2017-10-10,3865996.54,3056078.01,16264.0,11813.0,65359.0,0.0,0.0,0.0,126,0,0
2017-10-11,5115944.9,4157714.79,17697.0,14266.0,67961.0,0.0,0.0,0.0,186,0,0
2017-10-12,4480692.67,3480805.66,17354.0,13593.0,92248.0,0.0,0.0,0.0,154,0,0
2017-10-13,3073492.71,2485145.78,19097.0,14182.0,78609.0,0.0,0.0,0.0,117,0,0
2017-10-14,3790006.69,2996354.65,17842.0,14135.0,58830.0,0.0,0.0,0.0,123,0,0
2017-10-15,3744243.63,2920145.88,15929.0,12116.0,79246.0,0.0,0.0,0.0,128,0,0
2017-10-16,4113305.99,3202804.6,18508.0,15059.0,79703.0,0.0,0.0,0.0,136,0,0
2017-10-17,4345077.6,3330124.96,14949.0,11039.0,59306.0,0.0,0.0,0.0,139,0,0
2017-10-18,6078621.94,4769081.72,19764.0,15554.0,71338.0,0.0,0.0,0.0,202,0,0
2017-10-19,3916465.28,3063562.45,17442.0,12576.0,80272.0,0.0,0.0,0.0,144,0,0
2017-10-20,3454637.53,2776840.51,17968.0,14229.0,95705.0,0.0,0.0,0.0,111,0,0
2017-10-21,3395571.6,2700303.7,18349.0,14662.0,66645.0,0.0,0.0,0.0,125,0,0
2017-10-22,3560322.33,2849008.19,18520.0,14092.0,73426.0,0.0,0.0,0.0,121,0,0
2017-10-23,3915143.5,3019168.91,16768.0,12376.0,70432.0,0.0,0.0,0.0,128,0,0
2017-10-24,3172297.01,2492929.42,17739.0,12781.0,65769.0,0.0,0.0,0.0,125,0,0
2017-10-25,6656072.71,5320570.98,19179.0,15268.0,72475.0,0.0,0.0,0.0,217,0,0
2017-10-26,5244501.34,4208554.22,19358.0,14916.0,98511.0,0.0,0.0,0.0,186,0,0
2017-10-27,3452345.34,2711681.12,17948.0,12685.0,93032.0,0.0,0.0,0.0,132,0,0
2017-10-28,3658997.27,2958790.37,18092.0,13116.0,88459.0,0.0,0.0,0.0,147,0,0
2017-10-29,7644126.36,6130363.53,19456.0,14861.0,97374.0,0.0,0.0,0.0,291,0,0
2017-10-30,7135440.35,5691818.99,16394.0,12277.0,56462.0,0.0,0.0,0.0,247,0,0
2017-10-31,7280919.6,5711548.55,17456.0,13639.0,85404.0,199.360153256705,6844.0,353.0,250,0,0
2017-11-01,7083914.55,5591633.48,14321.0,11372.0,51949.0,0.0,0.0,0.0,255,0,0
2017-11-02,5199936.08,4288675.49,12018.0,9483.0,44492.0,0.0,0.0,0.0,189,0,0
2017-11-03,1577128.76,1289906.6,15192.0,12008.0,52311.0,0.0,0.0,0.0,59,0,0
2017-11-04,1931786.56,1566251.33,13373.0,10254.0,64034.0,0.0,0.0,0.0,77,0,0
2017-11-05,2523519.9,2073018.57,13852.0,11242.0,56895.0,0.0,0.0,0.0,88,0,0
2017-11-06,3018330.58,2360833.81,14695.0,10725.0,75189.0,0.0,0.0,0.0,113,0,0
2017-11-07,4095990.43,3338509.96,14231.0,10696.0,72485.0,0.0,0.0,0.0,137,0,0
2017-11-08,4277782.67,3348300.89,15737.0,12892.0,70203.0,0.0,0.0,0.0,141,0,0
2017-11-09,2792998.33,2205753.88,14570.0,10374.0,71269.0,0.0,0.0,0.0,96,0,0
2017-11-10,3541249.75,2843011.6,12163.0,8640.0,46045.0,0.0,0.0,0.0,100,0,0
2017-11-11,2921904.65,2403613.27,14199.0,10391.0,69029.0,0.0,0.0,0.0,104,0,0
2017-11-12,3084484.33,2422146.93,16862.0,12751.0,72373.0,0.0,0.0,0.0,115,0,0
2017-11-13,3746234.93,2946152.31,15862.0,12395.0,55608.0,0.0,0.0,0.0,132,0,0
2017-11-14,4154076.39,3314644.14,14054.0,11085.0,48002.0,0.0,0.0,0.0,168,0,0
2017-11-15,3854132.18,3119546.66,17195.0,12430.0,84000.0,0.0,0.0,0.0,142,0,0
2017-11-16,3066706.38,2516030.25,16292.0,12647.0,89319.0,0.0,0.0,0.0,120,0,0
2017-11-17,2781968.82,2191402.04,15449.0,10944.0,60520.0,0.0,0.0,0.0,114,0,0
2017-11-18,2774765.8,2218818.06,13233.0,9863.0,59263.0,0.0,0.0,0.0,117,1,1
2017-11-19,3132539.58,2911417.5,17300.0,12388.0,88596.0,0.0,0.0,0.0,128,1,1
2017-11-20,2995966.89,2760945.71,14606.0,10292.0,59542.0,0.0,0.0,0.0,122,1,1
2017-11-21,2297213.47,2128140.16,12991.0,10410.0,66044.0,0.0,0.0,0.0,99,1,1
2017-11-22,2248567.69,2263677.12,16414.0,11974.0,54277.0,0.0,0.0,0.0,109,1,1
2017-11-23,1749357.29,1656734.06,16073.0,12474.0,84984.0,0.0,0.0,0.0,83,1,1
2017-11-24,1620958.87,1618303.7,16534.0,12308.0,76128.0,0.0,0.0,0.0,70,1,1
2017-11-25,2674533.14,2727514.77,13887.0,10739.0,47740.0,0.0,0.0,0.0,127,1,1
2017-11-26,2940959.43,2955583.74,15331.0,11878.0,56009.0,0.0,0.0,0.0,158,1,1
2017-11-27,3888410.38,3813390.96,15891.0,11381.0,78015.0,0.0,0.0,0.0,195,1,1
2017-11-28,5847881.51,5752351.51,14540.0,11330.0,46626.0,0.0,0.0,0.0,276,1,1
2017-11-29,4871438.96,4803864.88,14488.0,11480.0,59571.0,0.0,0.0,0.0,219,1,1
2017-11-30,4264134.96,4156136.15,15443.0,12167.0,53521.0,210.04848484848486,5838.0,345.0,214,1,1
2017-12-01,2565213.32,2510402.2,16368.0,12107.0,53712.0,0.0,0.0,0.0,136,1,1
2017-12-02,2798541.49,2818052.3,15521.0,10884.0,85143.0,0.0,0.0,0.0,140,1,1
2017-12-03,1410398.63,1318304.86,16466.0,11801.0,81064.0,0.0,0.0,0.0,60,1,1
2017-12-04,1209471.35,1144863.17,17262.0,13107.0,70326.0,0.0,0.0,0.0,71,1,1
2017-12-05,1723297.16,1680632.44,15001.0,11194.0,79075.0,0.0,0.0,0.0,79,1,1
2017-12-06,1875094.15,1865514.43,18173.0,14139.0,71724.0,0.0,0.0,0.0,97,1,1
2017-12-07,2133387.42,2193351.43,15975.0,12565.0,77815.0,0.0,0.0,0.0,110,1,1
2017-12-08,1553493.17,1488945.36,15992.0,12153.0,80340.0,0.0,0.0,0.0,82,1,1
2017-12-09,1605808.62,1631952.74,15565.0,11541.0,78310.0,0.0,0.0,0.0,96,1,1
2017-12-10,1836022.63,1769756.1,17215.0,13767.0,92344.0,0.0,0.0,0.0,105,1,1
2017-12-11,2040261.84,2142116.71,17260.0,12272.0,94346.0,0.0,0.0,0.0,114,1,1
2017-12-12,2636835.06,2612267.82,17386.0,13528.0,75549.0,0.0,0.0,0.0,131,1,1
2017-12-13,2887343.12,2845278.71,16360.0,12417.0,89686.0,0.0,0.0,0.0,161,1,1
2017-12-14,2544808.4,2511218.15,17626.0,12709.0,56746.0,0.0,0.0,0.0,159,1,1
2017-12-15,2615767.25,2602096.36,16696.0,12618.0,88119.0,0.0,0.0,0.0,136,1,1
2017-12-16,1895310.17,1824600.76,15380.0,12573.0,76990.0,0.0,0.0,0.0,127,1,1
2017-12-17,2997880.85,2962168.44,16427.0,12479.0,56203.0,0.0,0.0,0.0,148,1,1
2017-12-18,2575839.99,2572642.87,16764.0,13481.0,92034.0,0.0,0.0,0.0,137,1,1
2017-12-19,2830509.48,2835294.19,19770.0,14315.0,68091.0,0.0,0.0,0.0,164,1,1
2017-12-20,3950305.28,3962113.72,15328.0,12099.0,75750.0,0.0,0.0,0.0,221,1,1
2017-12-21,2446276.92,2392977.63,15794.0,12560.0,68764.0,0.0,0.0,0.0,183,1,1
2017-12-22,2423079.28,2383321.92,16334.0,12950.0,56385.0,0.0,0.0,0.0,149,1,1
2017-12-23,2343205.29,2302420.5,16850.0,12718.0,87565.0,0.0,0.0,0.0,146,1,1
2017-12-24,1582944.12,1537881.36,18787.0,13195.0,88138.0,0.0,0.0,0.0,95,1,1
2017-12-25,1888197.46,1829750.85,19152.0,14167.0,102672.0,0.0,0.0,0.0,123,1,1
2017-12-26,2701416.56,2654070.12,15201.0,11994.0,52565.0,0.0,0.0,0.0,167,1,1
2017-12-27,4103218.35,4112542.69,17541.0,13665.0,71457.0,0.0,0.0,0.0,284,1,1
2017-12-28,3545279.44,3453711.8,17951.0,13961.0,93009.0,0.0,0.0,0.0,254,1,1
2017-12-29,6520226.98,6483039.79,17291.0,12167.0,62258.0,0.0,0.0,0.0,391,1,1
2017-12-30,5342810.18,5371586.26,16564.0,13467.0,76662.0,0.0,0.0,0.0,321,1,1
2017-12-31,5157535.61,5013423.96,15712.0,11391.0,75745.0,208.713163064833,7671.0,352.0,305,1,1
2018-01-01,4076479.77,3905605.37,13904.0,10077.0,53381.0,0.0,0.0,0.0,209,1,1
2018-01-02,3624718.09,3245091.67,12928.0,10507.0,60337.0,0.0,0.0,0.0,179,1,1
2018-01-03,1228388.32,997328.86,14048.0,10822.0,47328.0,0.0,0.0,0.0,52,0,0
2018-01-04,1209588.0,943742.57,11481.0,9267.0,37524.0,0.0,0.0,0.0,48,0,0
2018-01-05,1515574.79,1226621.86,13547.0,9619.0,73673.0,0.0,0.0,0.0,51,0,0
2018-01-06,1836672.15,1424469.16,13294.0,10711.0,69884.0,0.0,0.0,0.0,62,0,0
2018-01-07,1476050.73,1224918.4,13866.0,9930.0,51120.0,0.0,0.0,0.0,65,0,0
2018-01-08,2536686.97,2085102.3,13310.0,9713.0,49025.0,0.0,0.0,0.0,84,0,0
2018-01-09,2729162.63,2140605.04,13582.0,9879.0,67305.0,0.0,0.0,0.0,97,0,0
2018-01-10,2434343.96,1884221.76,14394.0,10246.0,55185.0,0.0,0.0,0.0,78,0,0
2018-01-11,2183840.91,1845305.97,13327.0,10140.0,46271.0,0.0,0.0,0.0,77,0,0
2018-01-12,2862550.24,2341061.28,16056.0,12141.0,64034.0,0.0,0.0,0.0,82,0,0
2018-01-13,2753366.32,2271479.73,11440.0,8719.0,61413.0,0.0,0.0,0.0,96,0,0
2018-01-14,2226116.52,1762940.79,15058.0,11539.0,62934.0,0.0,0.0,0.0,73,0,0
2018-01-15,3128561.64,2520530.26,12203.0,9300.0,47063.0,0.0,0.0,0.0,109,0,0
2018-01-16,3770286.85,3022848.85,12004.0,9665.0,64845.0,0.0,0.0,0.0,137,0,0
2018-01-17,3240996.79,2645347.64,13315.0,10603.0,59094.0,0.0,0.0,0.0,95,0,0
2018-01-18,2110305.53,1667911.37,14303.0,10695.0,72093.0,0.0,0.0,0.0,77,0,0
2018-01-19,2086549.59,1700643.75,14149.0,10956.0,56631.0,0.0,0.0,0.0,69,0,0
2018-01-20,2418121.84,2008335.01,13626.0,10427.0,68278.0,0.0,0.0,0.0,84,0,0
2018-01-21,2484308.01,1971853.24,11820.0,9291.0,45315.0,0.0,0.0,0.0,89,0,0
2018-01-22,3315490.36,2730843.03,13976.0,10323.0,74019.0,0.0,0.0,0.0,111,0,0
2018-01-23,4611238.46,3755442.15,14031.0,10228.0,45833.0,0.0,0.0,0.0,151,0,0
2018-01-24,3270861.1,2653232.42,13276.0,9889.0,56881.0,0.0,0.0,0.0,103,0,0
2018-01-25,2275701.54,1820602.61,12850.0,9395.0,65032.0,0.0,0.0,0.0,69,0,0
2018-01-26,2897617.42,2400983.47,14225.0,10076.0,76115.0,0.0,0.0,0.0,105,0,0
2018-01-27,3617772.88,2965865.28,13116.0,9200.0,46423.0,0.0,0.0,0.0,105,0,0
2018-01-28,3128272.36,2453931.52,14338.0,10498.0,54629.0,0.0,0.0,0.0,106,0,0
2018-01-29,5197360.04,4086899.16,14330.0,11734.0,56472.0,0.0,0.0,0.0,181,0,0
2018-01-30,5706924.49,4618954.53,14184.0,10806.0,63903.0,0.0,0.0,0.0,202,0,0
2018-01-31,5009601.43,4199624.93,13111.0,10727.0,55626.0,215.1231732776618,4480.0,304.0,162,0,0
2018-02-01,3670728.79,3012405.31,18158.0,13551.0,99763.0,0.0,0.0,0.0,135,0,0
2018-02-02,4258063.02,3505527.95,20628.0,15815.0,77262.0,0.0,0.0,0.0,122,0,0
2018-02-03,1981564.16,1568068.11,17142.0,12608.0,84791.0,0.0,0.0,0.0,68,0,0
2018-02-04,2874335.62,2202119.84,21937.0,16156.0,71702.0,0.0,0.0,0.0,86,0,0
2018-02-05,3130745.66,2498095.83,20312.0,14559.0,94216.0,0.0,0.0,0.0,113,0,0
2018-02-06,3339473.15,2568216.59,20841.0,15923.0,93977.0,0.0,0.0,0.0,102,0,0
2018-02-07,2805812.6,2202832.26,22384.0,17511.0,84703.0,0.0,0.0,0.0,101,0,0
2018-02-08,2150875.76,1718669.78,19053.0,14537.0,77067.0,0.0,0.0,0.0,67,0,0
2018-02-09,2144621.01,1686060.42,23928.0,17973.0,97995.0,0.0,0.0,0.0,76,0,0
2018-02-10,2584198.15,2095864.1,17673.0,12439.0,84212.0,0.0,0.0,0.0,93,0,0
2018-02-11,2962791.58,2320546.01,19511.0,14638.0,89520.0,0.0,0.0,0.0,120,0,0
2018-02-12,3622566.63,2796978.04,21143.0,14809.0,68725.0,0.0,0.0,0.0,123,0,0
2018-02-13,4418784.14,3538184.9,20955.0,14914.0,105610.0,0.0,0.0,0.0,167,0,0
2018-02-14,4218153.95,3395697.77,22852.0,17086.0,124421.0,0.0,0.0,0.0,134,0,0
2018-02-15,3128927.36,2501462.4,21016.0,16188.0,93867.0,0.0,0.0,0.0,108,0,0
2018-02-16,3463265.1,2649618.11,18882.0,15239.0,64391.0,0.0,0.0,0.0,115,0,0
2018-02-17,4206774.3,3318989.93,19469.0,14949.0,76665.0,0.0,0.0,0.0,133,0,0
2018-02-18,3926304.19,3167573.08,21695.0,15462.0,109393.0,0.0,0.0,0.0,131,0,0
2018-02-19,4186201.52,3338454.11,17034.0,12909.0,62250.0,0.0,0.0,0.0,168,0,0
2018-02-20,5091061.73,4033905.61,20969.0,15753.0,89224.0,0.0,0.0,0.0,186,0,0
2018-02-21,3907743.08,3150049.7,18697.0,14423.0,60082.0,0.0,0.0,0.0,147,0,0
2018-02-22,3063440.84,2341066.15,16486.0,12941.0,66844.0,0.0,0.0,0.0,123,0,0
2018-02-23,3544367.16,2804587.84,20807.0,15501.0,82589.0,0.0,0.0,0.0,125,0,0
2018-02-24,3364498.21,2679591.94,18429.0,13700.0,81461.0,0.0,0.0,0.0,111,0,0
2018-02-25,4015454.83,3238625.9,19363.0,13575.0,70572.0,0.0,0.0,0.0,135,0,0
2018-02-26,7426597.23,5998758.22,17681.0,14289.0,93780.0,0.0,0.0,0.0,300,0,0
2018-02-27,8416365.51,6844455.72,21338.0,17159.0,70800.0,0.0,0.0,0.0,290,0,0
2018-02-28,8409092.75,6627677.09,23064.0,18450.0,121432.0,211.11776447105788,5861.0,331.0,280,0,0
2018-03-01,6963830.59,5570058.79,26962.0,20950.0,146189.0,0.0,0.0,0.0,231,0,0
2018-03-02,5613671.87,4371797.12,29092.0,23279.0,98813.0,0.0,0.0,0.0,194,0,0
2018-03-03,1177076.3,967531.27,27876.0,21526.0,149949.0,0.0,0.0,0.0,41,0,0
2018-03-04,2218712.31,1781519.01,30258.0,21870.0,124545.0,0.0,0.0,0.0,73,0,0
2018-03-05,2742871.53,2230053.99,26618.0,20081.0,104341.0,0.0,0.0,0.0,100,0,0
2018-03-06,3203122.41,2519131.06,29196.0,23434.0,122158.0,0.0,0.0,0.0,104,0,0
2018-03-07,4507553.37,3470623.71,26569.0,19335.0,94979.0,0.0,0.0,0.0,145,0,0
2018-03-08,3419972.83,2864363.46,34353.0,25095.0,155950.0,0.0,0.0,0.0,129,0,0
2018-03-09,3250890.44,2689334.35,29115.0,20468.0,127999.0,0.0,0.0,0.0,110,0,0
2018-03-10,3479853.91,2832299.24,25362.0,19672.0,85753.0,0.0,0.0,0.0,113,0,0
2018-03-11,4342360.28,3337146.36,26119.0,18591.0,111401.0,0.0,0.0,0.0,136,0,0
2018-03-12,3648185.26,2790754.99,27756.0,20759.0,148710.0,0.0,0.0,0.0,142,0,0
2018-03-13,5344808.38,4343953.93,26655.0,19160.0,112081.0,0.0,0.0,0.0,193,0,0
2018-03-14,6867137.98,5489756.33,27642.0,21968.0,141297.0,0.0,0.0,0.0,244,0,0
2018-03-15,6357153.0,4930724.06,31602.0,23640.0,167018.0,0.0,0.0,0.0,225,0,0
2018-03-16,4667689.08,3716263.52,28981.0,22332.0,104925.0,0.0,0.0,0.0,170,0,0
2018-03-17,6875294.96,5458868.53,28478.0,20529.0,153768.0,0.0,0.0,0.0,221,0,0
2018-03-18,5615859.9,4613908.21,33664.0,26103.0,120319.0,0.0,0.0,0.0,197,1,1
2018-03-19,5314373.17,4472182.88,29822.0,23760.0,120238.0,0.0,0.0,0.0,194,1,1
2018-03-20,6054738.37,5116787.38,26355.0,21495.0,128021.0,0.0,0.0,0.0,237,1,1
2018-03-21,6826815.9,5913005.8,30225.0,21804.0,161283.0,0.0,0.0,0.0,268,1,1
2018-03-22,5512035.33,4925778.06,28583.0,20430.0,141889.0,0.0,0.0,0.0,214,1,1
2018-03-23,4008326.65,3711085.6,24716.0,17705.0,100647.0,0.0,0.0,0.0,166,1,1
2018-03-24,5227586.74,4619965.13,26212.0,21135.0,127578.0,0.0,0.0,0.0,196,1,1
2018-03-25,4970364.06,4473153.96,23343.0,18573.0,126488.0,0.0,0.0,0.0,210,1,1
2018-03-26,6133670.91,5616024.38,25091.0,18621.0,119391.0,0.0,0.0,0.0,227,1,1
2018-03-27,6350306.2,5743746.71,30251.0,22878.0,115879.0,0.0,0.0,0.0,286,1,1
2018-03-28,8582287.61,7811323.78,30581.0,21506.0,167274.0,0.0,0.0,0.0,372,1,1
2018-03-29,7363015.35,6638405.71,25464.0,20112.0,101309.0,0.0,0.0,0.0,309,1,1
2018-03-30,12176690.89,10927925.46,29367.0,23066.0,155084.0,0.0,0.0,0.0,498,1,1
2018-03-31,11278748.95,10156610.77,28256.0,19940.0,102427.0,205.9140625,8083.0,349.0,473,1,1
2018-04-01,9326921.27,8552479.35,40226.0,29826.0,165701.0,0.0,0.0,0.0,387,1,1
2018-04-02,9532990.22,8745489.29,40849.0,31424.0,191170.0,0.0,0.0,0.0,374,1,1
2018-04-03,9176055.6,8274855.19,34758.0,28049.0,134893.0,0.0,0.0,0.0,374,1,1
2018-04-04,3771895.32,3451444.47,34281.0,25289.0,151738.0,0.0,0.0,0.0,149,1,1
2018-04-05,2915055.94,2584733.26,38153.0,28260.0,209383.0,0.0,0.0,0.0,115,1,1
2018-04-06,3716970.57,3290630.48,33990.0,27256.0,114295.0,0.0,0.0,0.0,140,1,1
2018-04-07,4650087.25,4137264.98,37970.0,26750.0,130583.0,0.0,0.0,0.0,162,1,1
2018-04-08,4317415.31,3833384.91,41237.0,30368.0,184076.0,0.0,0.0,0.0,170,1,1
2018-04-09,4916546.48,4479387.83,38879.0,29987.0,153130.0,0.0,0.0,0.0,224,1,1
2018-04-10,7060893.97,6323343.96,37779.0,30196.0,183909.0,0.0,0.0,0.0,294,1,1
2018-04-11,5719121.32,5144349.61,28383.0,21274.0,132116.0,0.0,0.0,0.0,238,1,1
2018-04-12,4925768.26,4274900.55,44218.0,33173.0,219615.0,0.0,0.0,0.0,183,1,1
2018-04-13,4955951.73,4445276.84,37055.0,25955.0,147670.0,0.0,0.0,0.0,199,1,1
2018-04-14,5934960.89,5111153.97,35319.0,26697.0,158222.0,0.0,0.0,0.0,238,1,1
2018-04-15,5904150.09,4782715.57,39032.0,28257.0,170493.0,0.0,0.0,0.0,219,1,1
2018-04-16,7603253.45,6190718.89,34822.0,27737.0,170463.0,0.0,0.0,0.0,275,1,1
2018-04-17,9179593.09,7283796.97,43094.0,34356.0,169578.0,0.0,0.0,0.0,347,1,1
2018-04-18,9507550.23,7504171.54,39902.0,31111.0,194491.0,0.0,0.0,0.0,288,0,0
2018-04-19,6670677.39,5141784.57,40961.0,33526.0,201133.0,0.0,0.0,0.0,225,0,0
2018-04-20,7753365.66,6032943.55,35604.0,27892.0,183788.0,0.0,0.0,0.0,278,0,0
2018-04-21,6793803.83,5216087.55,34335.0,24248.0,136326.0,0.0,0.0,0.0,237,0,0
2018-04-22,7058897.65,5480418.64,35770.0,27328.0,160066.0,0.0,0.0,0.0,244,0,0
2018-04-23,8991635.45,7095225.16,41030.0,31142.0,178894.0,0.0,0.0,0.0,306,0,0
2018-04-24,10052878.22,8047009.91,40760.0,29004.0,186444.0,0.0,0.0,0.0,371,0,0
2018-04-25,9547875.66,7562805.33,38340.0,27746.0,125240.0,0.0,0.0,0.0,323,0,0
2018-04-26,7281885.08,5826147.75,34008.0,25877.0,186139.0,0.0,0.0,0.0,259,0,0
2018-04-27,7916179.31,6291028.22,38475.0,29471.0,203546.0,0.0,0.0,0.0,291,0,0
2018-04-28,10502784.65,8150501.12,31176.0,22646.0,170784.0,0.0,0.0,0.0,372,0,0
2018-04-29,12074392.53,9758209.64,34533.0,28246.0,187174.0,0.0,0.0,0.0,479,0,0
2018-04-30,12464011.32,10080235.11,36513.0,29598.0,143406.0,198.99272727272728,11981.0,384.0,459,0,0
2018-05-01,13778926.53,10888681.41,27608.0,22557.0,145666.0,0.0,0.0,0.0,533,0,0
2018-05-02,12779953.62,10186293.15,39960.0,31187.0,153413.0,0.0,0.0,0.0,442,0,0
2018-05-03,9480205.54,7740627.05,32729.0,24929.0,163856.0,0.0,0.0,0.0,324,0,0
2018-05-04,3081716.09,2431808.71,33324.0,26152.0,114014.0,0.0,0.0,0.0,88,0,0
2018-05-05,4882374.55,3844333.13,36485.0,28172.0,122272.0,0.0,0.0,0.0,167,0,0
2018-05-06,4852630.6,3859217.33,41927.0,31062.0,200310.0,0.0,0.0,0.0,173,0,0
2018-05-07,5630735.57,4477313.26,36044.0,25587.0,146400.0,0.0,0.0,0.0,210,0,0
2018-05-08,5961711.29,4782188.47,34926.0,27779.0,120521.0,0.0,0.0,0.0,239,0,0
2018-05-09,8207932.76,6468074.72,35193.0,28654.0,165437.0,0.0,0.0,0.0,297,0,0
2018-05-10,7249267.2,5767724.99,35384.0,28150.0,151189.0,0.0,0.0,0.0,271,0,0
2018-05-11,5934039.42,4706572.43,34796.0,26089.0,143086.0,0.0,0.0,0.0,222,0,0
2018-05-12,5782619.05,4599452.28,34524.0,26447.0,111369.0,0.0,0.0,0.0,220,0,0
2018-05-13,5902938.45,4640987.62,31346.0,24540.0,121932.0,0.0,0.0,0.0,241,0,0
2018-05-14,7023913.46,5532477.08,41790.0,29502.0,160981.0,0.0,0.0,0.0,263,0,0
2018-05-15,8789772.31,6971865.67,37625.0,26932.0,151990.0,0.0,0.0,0.0,340,0,0
2018-05-16,9398231.32,7399830.54,34563.0,24230.0,171423.0,0.0,0.0,0.0,366,0,0
2018-05-17,9816742.13,7698242.57,36783.0,30142.0,138732.0,0.0,0.0,0.0,377,0,0
2018-05-18,7337944.43,5819237.35,34098.0,26485.0,161075.0,0.0,0.0,0.0,271,0,0
2018-05-19,6925640.35,5627670.43,36343.0,26694.0,154398.0,0.0,0.0,0.0,265,0,0
2018-05-20,8653992.04,6799995.97,34373.0,26804.0,112561.0,0.0,0.0,0.0,300,0,0
2018-05-21,6241809.14,4958178.74,34907.0,28015.0,113096.0,0.0,0.0,0.0,240,0,0
2018-05-22,7847121.97,6132458.54,39610.0,30329.0,172611.0,0.0,0.0,0.0,305,0,0
2018-05-23,11779004.94,9369180.79,29420.0,21478.0,150125.0,0.0,0.0,0.0,434,0,0
2018-05-24,9030397.74,7160269.86,36243.0,27824.0,194795.0,0.0,0.0,0.0,337,0,0
2018-05-25,6498399.18,5141245.68,37954.0,29878.0,178017.0,0.0,0.0,0.0,237,0,0
2018-05-26,5600677.63,4596266.34,38529.0,27569.0,177123.0,0.0,0.0,0.0,192,0,0
2018-05-27,6413198.63,5135755.4,34124.0,25951.0,126584.0,0.0,0.0,0.0,239,0,0
2018-05-28,7438573.25,5854231.41,38930.0,28999.0,151548.0,0.0,0.0,0.0,278,0,0
2018-05-29,10262818.32,7905889.83,31312.0,23118.0,116886.0,0.0,0.0,0.0,385,0,0
2018-05-30,20905271.35,16535857.67,39158.0,29293.0,202153.0,0.0,0.0,0.0,803,0,0
2018-05-31,19289944.12,15561846.1,35888.0,25472.0,120845.0,202.20462633451956,13080.0,385.0,782,0,0
2018-06-01,19245165.78,15287542.6,47179.0,37945.0,239522.0,0.0,0.0,0.0,725,0,0
2018-06-02,17529108.34,13707707.44,29884.0,22953.0,137345.0,0.0,0.0,0.0,646,0,0
2018-06-03,13779702.07,10827445.24,36288.0,28957.0,120447.0,0.0,0.0,0.0,552,0,0
2018-06-04,4373078.45,3458754.81,34071.0,24605.0,187212.0,0.0,0.0,0.0,190,0,0
2018-06-05,5537841.59,4323885.63,37927.0,28705.0,182011.0,0.0,0.0,0.0,234,0,0
2018-06-06,6238754.07,4903699.53,33776.0,26974.0,112758.0,0.0,0.0,0.0,245,0,0
2018-06-07,4523493.87,3579003.08,41500.0,29983.0,205089.0,0.0,0.0,0.0,180,0,0
2018-06-08,5863271.23,4570207.33,37564.0,28762.0,177882.0,0.0,0.0,0.0,225,0,0
2018-06-09,7018402.9,5469599.5,40097.0,31883.0,153368.0,0.0,0.0,0.0,260,0,0
2018-06-10,6333777.67,5115963.75,40800.0,31690.0,187618.0,0.0,0.0,0.0,239,0,0
2018-06-11,7812992.68,6338472.32,32986.0,24599.0,150352.0,0.0,0.0,0.0,298,0,0
2018-06-12,8959000.0,7232971.98,36251.0,28989.0,164285.0,0.0,0.0,0.0,370,0,0
2018-06-13,9047626.88,7216006.11,32938.0,23239.0,117179.0,0.0,0.0,0.0,345,0,0
2018-06-14,6994969.99,5361729.98,34917.0,27025.0,139828.0,0.0,0.0,0.0,268,0,0
2018-06-15,7278400.85,5850026.61,39046.0,31002.0,166369.0,0.0,0.0,0.0,283,0,0
2018-06-16,9653316.6,7581593.64,31765.0,23429.0,127180.0,0.0,0.0,0.0,329,0,0
2018-06-17,8270248.42,6473926.23,33962.0,26621.0,114192.0,0.0,0.0,0.0,311,0,0
2018-06-18,9578590.6,7481623.41,41049.0,31882.0,179211.0,0.0,0.0,0.0,369,0,0
2018-06-19,10591854.27,8526409.74,37705.0,28117.0,162384.0,0.0,0.0,0.0,408,0,0
2018-06-20,10442554.6,8340504.64,34798.0,28382.0,133347.0,0.0,0.0,0.0,369,0,0
2018-06-21,7960357.2,6345143.3,36911.0,29597.0,164959.0,0.0,0.0,0.0,278,0,0
2018-06-22,7890035.7,6262366.78,36318.0,26821.0,177512.0,0.0,0.0,0.0,300,0,0
2018-06-23,7919846.87,6623002.69,41607.0,31405.0,181887.0,0.0,0.0,0.0,308,1,1
2018-06-24,7114017.67,6244799.31,38453.0,28066.0,202524.0,0.0,0.0,0.0,296,1,1
2018-06-25,8744485.32,8162955.36,41673.0,31372.0,216679.0,0.0,0.0,0.0,386,1,1
2018-06-26,10888893.34,10123784.8,36493.0,25827.0,143130.0,0.0,0.0,0.0,501,1,1
2018-06-27,11081146.52,10874461.91,40418.0,30516.0,190692.0,0.0,0.0,0.0,488,1,1
2018-06-28,8513932.2,8332592.17,34949.0,26799.0,138918.0,0.0,0.0,0.0,425,1,1
2018-06-29,12484085.14,11945221.58,40113.0,28258.0,181229.0,0.0,0.0,0.0,563,1,1
2018-06-30,10005221.27,9784802.48,37244.0,26665.0,131397.0,208.61272727272728,15171.0,359.0,460,1,1
2018-07-01,8830377.17,8529895.83,27410.0,20843.0,103997.0,0.0,0.0,0.0,414,1,1
2018-07-02,8070014.23,7743177.14,30348.0,22779.0,162176.0,0.0,0.0,0.0,386,1,1
2018-07-03,9033060.75,8644208.55,28774.0,21475.0,109317.0,0.0,0.0,0.0,404,1,1
2018-07-04,2096565.2,2027736.06,28097.0,21531.0,130464.0,0.0,0.0,0.0,104,1,1
2018-07-05,2944993.36,2822619.07,28366.0,22351.0,105387.0,0.0,0.0,0.0,132,1,1
2018-07-06,2036989.14,2040145.8,29007.0,21919.0,141788.0,0.0,0.0,0.0,77,1,1
2018-07-07,3253556.07,3156576.31,29236.0,22150.0,105103.0,0.0,0.0,0.0,127,1,1
2018-07-08,2752144.2,2725199.41,30925.0,23904.0,121874.0,0.0,0.0,0.0,133,1,1
2018-07-09,4430764.61,4215804.43,25089.0,18234.0,99948.0,0.0,0.0,0.0,195,1,1
2018-07-10,5201122.72,4881351.11,27959.0,20801.0,142277.0,0.0,0.0,0.0,224,1,1
2018-07-11,6502831.07,6236313.66,28821.0,23357.0,125619.0,0.0,0.0,0.0,285,1,1
2018-07-12,6228668.47,6094439.16,27924.0,22230.0,145185.0,0.0,0.0,0.0,238,1,1
2018-07-13,4250921.4,4213700.8,29480.0,22174.0,149528.0,0.0,0.0,0.0,197,1,1
2018-07-14,4868504.46,4786402.77,25762.0,19665.0,103669.0,0.0,0.0,0.0,218,1,1
2018-07-15,5393026.83,5249791.03,26495.0,20800.0,137434.0,0.0,0.0,0.0,233,1,1
2018-07-16,4994805.9,4716050.05,25962.0,20845.0,116096.0,0.0,0.0,0.0,224,1,1
2018-07-17,5712604.18,5386803.9,29693.0,23265.0,157213.0,0.0,0.0,0.0,247,1,1
2018-07-18,7639039.23,7484190.04,29851.0,23324.0,133543.0,0.0,0.0,0.0,339,1,1
2018-07-19,6252432.84,5912775.72,30288.0,21242.0,113696.0,0.0,0.0,0.0,267,1,1
2018-07-20,5761282.54,5222554.73,26713.0,18765.0,109158.0,0.0,0.0,0.0,226,1,1
2018-07-21,4939690.9,4320031.79,29476.0,23535.0,120740.0,0.0,0.0,0.0,205,1,1
2018-07-22,5641320.53,4834937.23,27433.0,20277.0,105875.0,0.0,0.0,0.0,222,1,1
2018-07-23,6121614.15,4864263.18,27239.0,21660.0,112878.0,0.0,0.0,0.0,223,0,0
2018-07-24,6821739.77,5344675.82,30476.0,23773.0,162322.0,0.0,0.0,0.0,238,0,0
2018-07-25,7944998.65,6241710.94,34882.0,25462.0,165909.0,0.0,0.0,0.0,302,0,0
2018-07-26,6463508.32,5212368.25,31947.0,26072.0,140584.0,0.0,0.0,0.0,242,0,0
2018-07-27,5162979.4,4110689.88,28280.0,20923.0,151389.0,0.0,0.0,0.0,200,0,0
2018-07-28,6313222.5,5068784.77,25680.0,18188.0,124380.0,0.0,0.0,0.0,205,0,0
2018-07-29,6597216.94,5284529.74,27643.0,19432.0,122643.0,0.0,0.0,0.0,240,0,0
2018-07-30,7314460.76,5725898.93,31131.0,22315.0,112726.0,0.0,0.0,0.0,264,0,0
2018-07-31,12496367.04,9909115.53,27391.0,20528.0,142951.0,217.93822393822393,10632.0,350.0,441,0,0
2018-08-01,13786351.91,10884999.4,34337.0,26084.0,135710.0,0.0,0.0,0.0,462,0,0
2018-08-02,10106943.25,7999614.76,32655.0,26106.0,143131.0,0.0,0.0,0.0,368,0,0
2018-08-03,9026931.62,7058116.81,29494.0,21206.0,126311.0,0.0,0.0,0.0,290,0,0
2018-08-04,6859151.1,5490125.8,30114.0,22002.0,110771.0,0.0,0.0,0.0,253,0,0
2018-08-05,3117800.12,2491453.39,32477.0,26417.0,177486.0,0.0,0.0,0.0,113,0,0
2018-08-06,3924563.55,3048117.59,39013.0,30452.0,180333.0,0.0,0.0,0.0,130,0,0
2018-08-07,4212970.63,3334965.62,32519.0,25917.0,106275.0,0.0,0.0,0.0,153,0,0
2018-08-08,4647118.76,3610702.93,29424.0,23086.0,100598.0,0.0,0.0,0.0,156,0,0
2018-08-09,4946125.63,3977801.47,31580.0,23104.0,172112.0,0.0,0.0,0.0,170,0,0
2018-08-10,3705554.89,2859379.41,33078.0,25094.0,169398.0,0.0,0.0,0.0,134,0,0
2018-08-11,4591065.72,3598807.89,31058.0,21892.0,149625.0,0.0,0.0,0.0,148,0,0
2018-08-12,4030885.81,3179458.32,26034.0,19446.0,140718.0,0.0,0.0,0.0,138,0,0
2018-08-13,4244815.28,3284829.91,30743.0,22138.0,144336.0,0.0,0.0,0.0,156,0,0
2018-08-14,6041631.13,4766947.5,30362.0,22819.0,153338.0,0.0,0.0,0.0,184,0,0
2018-08-15,6058071.07,4807626.36,32052.0,23837.0,162434.0,0.0,0.0,0.0,210,0,0
2018-08-16,5333680.81,4015767.27,27297.0,19987.0,138459.0,0.0,0.0,0.0,191,0,0
2018-08-17,4314679.61,3455461.38,31433.0,23332.0,161030.0,0.0,0.0,0.0,148,0,0
2018-08-18,4960825.43,3902500.12,33012.0,23808.0,111264.0,0.0,0.0,0.0,164,0,0
2018-08-19,4978431.53,3847035.88,39488.0,31318.0,132972.0,0.0,0.0,0.0,170,0,0
2018-08-20,4896843.63,3837284.3,38268.0,28430.0,207495.0,0.0,0.0,0.0,173,0,0
2018-08-21,5971341.33,4692653.97,34313.0,25553.0,133424.0,0.0,0.0,0.0,206,0,0
2018-08-22,7086185.79,5662221.43,32336.0,25361.0,165802.0,0.0,0.0,0.0,224,0,0
2018-08-23,5392520.44,4260217.92,35869.0,27145.0,119929.0,0.0,0.0,0.0,167,0,0
2018-08-24,3329330.38,2630754.1,36561.0,29845.0,129066.0,0.0,0.0,0.0,120,0,0
2018-08-25,4716376.41,3836954.01,32544.0,25889.0,127834.0,0.0,0.0,0.0,141,0,0
2018-08-26,4717920.92,3744613.34,31686.0,25282.0,144816.0,0.0,0.0,0.0,155,0,0
2018-08-27,6151109.31,4800826.49,34463.0,25911.0,179758.0,0.0,0.0,0.0,187,0,0
2018-08-28,12207075.48,9954369.46,33919.0,27739.0,133606.0,0.0,0.0,0.0,384,0,0
2018-08-29,10330752.34,8329694.93,37620.0,28926.0,122447.0,0.0,0.0,0.0,359,0,0
2018-08-30,10819458.93,8497693.47,30458.0,21439.0,158311.0,0.0,0.0,0.0,350,1,1
2018-08-31,9769233.6,7975907.3,33256.0,25137.0,154605.0,214.88323917137475,9411.0,354.0,306,1,1
2018-09-01,8834290.53,7236711.56,21853.0,17413.0,85618.0,0.0,0.0,0.0,300,1,1
2018-09-02,2926208.13,2475973.31,26234.0,21116.0,100063.0,0.0,0.0,0.0,121,1,1
2018-09-03,3730127.97,3250956.11,23328.0,16937.0,101305.0,0.0,0.0,0.0,125,1,1
2018-09-04,2895558.56,2566039.59,20499.0,15360.0,107914.0,0.0,0.0,0.0,89,1,1
2018-09-05,2683914.3,2352008.69,25916.0,19961.0,99437.0,0.0,0.0,0.0,89,1,1
2018-09-06,2220736.04,1976596.92,23575.0,17588.0,98789.0,0.0,0.0,0.0,82,1,1
2018-09-07,2737800.42,2305499.6,24675.0,18579.0,111428.0,0.0,0.0,0.0,110,1,1
2018-09-08,3138040.11,2844198.87,21499.0,15749.0,93009.0,0.0,0.0,0.0,107,1,1
2018-09-09,4428844.18,3809539.78,24572.0,19429.0,126340.0,0.0,0.0,0.0,172,1,1
2018-09-10,3518686.76,3115017.21,23077.0,16331.0,84070.0,0.0,0.0,0.0,131,1,1
2018-09-11,2737148.82,2457613.39,22565.0,16306.0,114735.0,0.0,0.0,0.0,98,1,1
2018-09-12,3907657.89,3473624.08,22982.0,17271.0,81255.0,0.0,0.0,0.0,124,1,1
2018-09-13,3198359.98,2826009.39,20905.0,15542.0,103260.0,0.0,0.0,0.0,104,1,1
2018-09-14,3759913.17,3409768.94,22390.0,16009.0,91293.0,0.0,0.0,0.0,118,1,1
2018-09-15,3182906.62,2708850.83,22602.0,16440.0,120105.0,0.0,0.0,0.0,139,1,1
2018-09-16,4513878.02,4134396.21,20769.0,15024.0,107735.0,0.0,0.0,0.0,158,1,1
2018-09-17,3684035.33,3185261.69,22065.0,16173.0,117402.0,0.0,0.0,0.0,137,1,1
2018-09-18,3511249.8,3093197.05,21571.0,16801.0,113374.0,0.0,0.0,0.0,120,1,1
2018-09-19,3203671.41,2850137.86,25224.0,19107.0,122166.0,0.0,0.0,0.0,116,1,1
2018-09-20,2967505.47,2634513.81,25444.0,19205.0,132990.0,0.0,0.0,0.0,113,1,1
2018-09-21,3391440.87,3055926.25,26491.0,19068.0,135595.0,0.0,0.0,0.0,111,1,1
2018-09-22,3067943.56,2653342.07,24669.0,17919.0,86950.0,0.0,0.0,0.0,114,1,1
2018-09-23,4892505.92,4455722.87,20624.0,14669.0,86285.0,0.0,0.0,0.0,173,1,1
2018-09-24,4916532.68,4394814.48,20102.0,15393.0,101632.0,0.0,0.0,0.0,148,1,1
2018-09-25,3834324.5,3363603.04,24408.0,19735.0,107389.0,0.0,0.0,0.0,120,1,1
2018-09-26,4727732.71,4050861.46,24321.0,17845.0,96118.0,0.0,0.0,0.0,161,1,1
2018-09-27,5609192.49,4998150.71,22241.0,17169.0,112579.0,0.0,0.0,0.0,197,1,1
2018-09-28,5221949.72,4643296.21,20002.0,15966.0,77655.0,0.0,0.0,0.0,185,1,1
2018-09-29,5089871.44,4351327.13,22427.0,17112.0,115587.0,0.0,0.0,0.0,179,1,1
2018-09-30,5437181.81,4591821.05,23354.0,18129.0,116452.0,232.21442885771543,5671.0,318.0,188,1,1
2018-10-01,4742181.64,4115311.14,17446.0,13969.0,65445.0,0.0,0.0,0.0,163,1,1
2018-10-02,1807247.84,1354070.12,20271.0,15969.0,70112.0,0.0,0.0,0.0,64,0,0
2018-10-03,1798411.4,1414782.3,19658.0,15280.0,105418.0,0.0,0.0,0.0,57,0,0
2018-10-04,2726313.6,2140614.37,18539.0,14197.0,96559.0,0.0,0.0,0.0,67,0,0
2018-10-05,2484898.47,1911895.45,20697.0,16077.0,73261.0,0.0,0.0,0.0,82,0,0
2018-10-06,2157385.6,1668290.7,16653.0,12906.0,80971.0,0.0,0.0,0.0,83,0,0
2018-10-07,2767415.65,2075893.96,17138.0,13053.0,57506.0,0.0,0.0,0.0,89,0,0
2018-10-08,3075660.75,2408923.48,19068.0,13677.0,65463.0,0.0,0.0,0.0,104,0,0
2018-10-09,2768213.46,2199027.83,19974.0,16002.0,90108.0,0.0,0.0,0.0,87,0,0
2018-10-10,1759060.3,1352309.05,17449.0,12425.0,61769.0,0.0,0.0,0.0,56,0,0
2018-10-11,2288675.28,1804152.97,19030.0,14401.0,90502.0,0.0,0.0,0.0,70,0,0
2018-10-12,3801607.19,3093283.75,18202.0,13618.0,64683.0,0.0,0.0,0.0,110,0,0
2018-10-13,3486645.25,2756384.22,19872.0,15725.0,80948.0,0.0,0.0,0.0,97,0,0
2018-10-14,3516624.21,2744217.98,20239.0,14377.0,69632.0,0.0,0.0,0.0,104,0,0
2018-10-15,3593428.63,2809961.8,17769.0,13147.0,75308.0,0.0,0.0,0.0,126,0,0
2018-10-16,4126610.48,3221862.51,19688.0,14863.0,91384.0,0.0,0.0,0.0,132,0,0
2018-10-17,2193280.79,1721100.93,19552.0,14296.0,99335.0,0.0,0.0,0.0,74,0,0
2018-10-18,2364712.74,1825738.91,19459.0,14580.0,100285.0,0.0,0.0,0.0,72,0,0
2018-10-19,2753648.17,2191447.61,20461.0,14643.0,94374.0,0.0,0.0,0.0,96,0,0
2018-10-20,3067392.26,2428564.0,18986.0,13449.0,102852.0,0.0,0.0,0.0,94,0,0
2018-10-21,2965006.46,2322786.28,16474.0,13416.0,72338.0,0.0,0.0,0.0,123,0,0
2018-10-22,3760345.32,3093167.35,16423.0,12464.0,56130.0,0.0,0.0,0.0,118,0,0
2018-10-23,3210408.93,2590626.71,18758.0,14397.0,102111.0,0.0,0.0,0.0,118,0,0
2018-10-24,2388950.39,1810211.59,19856.0,16190.0,91843.0,0.0,0.0,0.0,85,0,0
2018-10-25,2281239.32,1789602.98,20502.0,15589.0,76666.0,0.0,0.0,0.0,79,0,0
2018-10-26,2925667.62,2326884.75,20468.0,16548.0,96900.0,0.0,0.0,0.0,99,0,0
2018-10-27,3517566.83,2788248.35,17633.0,14288.0,87551.0,0.0,0.0,0.0,121,0,0
2018-10-28,5148086.02,4236118.44,18790.0,14337.0,74564.0,0.0,0.0,0.0,165,0,0
2018-10-29,6121160.36,4854267.79,16800.0,12522.0,83164.0,0.0,0.0,0.0,197,0,0
2018-10-30,5647021.76,4534254.48,20762.0,15120.0,98114.0,0.0,0.0,0.0,161,0,0
2018-10-31,5340696.76,4313400.22,18241.0,13224.0,62125.0,241.0266393442623,4517.0,308.0,170,0,0
2018-11-01,4100504.23,3207191.36,15431.0,12049.0,57107.0,0.0,0.0,0.0,130,0,0
2018-11-02,1332091.2,973346.43,13047.0,9573.0,43887.0,0.0,0.0,0.0,49,0,0
2018-11-03,1775113.55,1429465.35,14646.0,11622.0,77355.0,0.0,0.0,0.0,65,0,0
2018-11-04,2595301.17,2110463.11,16325.0,12263.0,85351.0,0.0,0.0,0.0,80,0,0
2018-11-05,2667990.75,2059523.3,13853.0,9904.0,50174.0,0.0,0.0,0.0,87,0,0
2018-11-06,2019349.93,1662050.67,15092.0,12371.0,58135.0,0.0,0.0,0.0,61,0,0
2018-11-07,2141247.67,1769789.01,16607.0,12795.0,90142.0,0.0,0.0,0.0,63,0,0
2018-11-08,1913450.02,1511722.76,17730.0,13648.0,64345.0,0.0,0.0,0.0,60,0,0
2018-11-09,2619129.29,2039164.75,14879.0,12155.0,53499.0,0.0,0.0,0.0,73,0,0
2018-11-10,2402388.27,1910373.68,15586.0,11264.0,81426.0,0.0,0.0,0.0,71,0,0
2018-11-11,3568388.14,2844379.91,18244.0,14668.0,98163.0,0.0,0.0,0.0,111,0,0
2018-11-12,2517159.72,2054634.4,15697.0,11542.0,78287.0,0.0,0.0,0.0,90,0,0
2018-11-13,1925203.6,1550255.36,15702.0,11307.0,84018.0,0.0,0.0,0.0,64,0,0
2018-11-14,1687382.45,1226935.5,16436.0,12825.0,87206.0,0.0,0.0,0.0,71,0,0
2018-11-15,2055680.2,1571568.0,14003.0,10197.0,49244.0,0.0,0.0,0.0,70,0,0
2018-11-16,2040967.69,1635316.04,15836.0,11472.0,82918.0,0.0,0.0,0.0,87,0,0
2018-11-17,2025956.74,1601361.16,15104.0,12205.0,57142.0,0.0,0.0,0.0,71,0,0
2018-11-18,3630560.3,3005034.69,15009.0,11168.0,79389.0,0.0,0.0,0.0,128,1,1
2018-11-19,2171786.9,1822847.47,15077.0,12273.0,60967.0,0.0,0.0,0.0,70,1,1
2018-11-20,2495899.61,2196442.6,17846.0,14400.0,87533.0,0.0,0.0,0.0,84,1,1
2018-11-21,1870994.01,1826252.29,15276.0,12136.0,79255.0,0.0,0.0,0.0,75,1,1
2018-11-22,1690197.81,1647708.27,15961.0,11888.0,67405.0,0.0,0.0,0.0,73,1,1
2018-11-23,1647035.11,1656826.5,17599.0,14309.0,82555.0,0.0,0.0,0.0,72,1,1
2018-11-24,1991985.26,1889498.02,17089.0,12539.0,58015.0,0.0,0.0,0.0,88,1,1
2018-11-25,2085511.05,2029509.86,17558.0,12870.0,90020.0,0.0,0.0,0.0,101,1,1
2018-11-26,2543960.96,2433523.18,15157.0,11521.0,51414.0,0.0,0.0,0.0,104,1,1
2018-11-27,2369522.33,2218838.51,15933.0,11620.0,54362.0,0.0,0.0,0.0,116,1,1
2018-11-28,1733474.59,1753556.92,15834.0,12045.0,51498.0,0.0,0.0,0.0,81,1,1
2018-11-29,2226459.09,2127649.92,17179.0,13078.0,82000.0,0.0,0.0,0.0,116,1,1
2018-11-30,2058963.14,2054767.53,15350.0,12215.0,73651.0,247.05429864253395,3502.0,299.0,107,1,1
2018-12-01,1216044.13,1211686.23,18574.0,14254.0,99528.0,0.0,0.0,0.0,82,1,1
2018-12-02,977052.29,950959.05,19511.0,14644.0,80313.0,0.0,0.0,0.0,59,1,1
2018-12-03,1855981.25,1750191.91,15506.0,11009.0,64657.0,0.0,0.0,0.0,86,1,1
2018-12-04,1606060.57,1508604.3,17005.0,13022.0,74402.0,0.0,0.0,0.0,67,1,1
2018-12-05,1085024.44,1036671.25,16108.0,12734.0,75172.0,0.0,0.0,0.0,50,1,1
2018-12-06,942014.91,946159.68,18794.0,13315.0,64401.0,0.0,0.0,0.0,51,1,1
2018-12-07,1200649.15,1205634.51,16317.0,12500.0,53866.0,0.0,0.0,0.0,68,1,1
2018-12-08,1453175.2,1434521.0,19012.0,14291.0,82685.0,0.0,0.0,0.0,67,1,1
2018-12-09,1834112.01,1791856.09,20477.0,15247.0,109812.0,0.0,0.0,0.0,88,1,1
2018-12-10,1719022.37,1695031.78,20449.0,16320.0,78059.0,0.0,0.0,0.0,88,1,1
2018-12-11,1670763.83,1670771.64,16690.0,12758.0,71698.0,0.0,0.0,0.0,89,1,1
2018-12-12,1416824.27,1409602.12,19810.0,14513.0,106078.0,0.0,0.0,0.0,81,1,1
2018-12-13,1605917.55,1631146.11,16278.0,12050.0,84818.0,0.0,0.0,0.0,92,1,1
2018-12-14,1986080.6,1901692.62,17277.0,14024.0,71847.0,0.0,0.0,0.0,79,1,1
2018-12-15,1761139.67,1649696.47,16953.0,12495.0,82434.0,0.0,0.0,0.0,94,1,1
2018-12-16,1956185.08,1973002.66,17668.0,13728.0,81437.0,0.0,0.0,0.0,94,1,1
2018-12-17,1975625.37,2012021.47,19993.0,14961.0,82231.0,0.0,0.0,0.0,124,1,1
2018-12-18,1917848.83,1813056.96,17386.0,14023.0,73775.0,0.0,0.0,0.0,124,1,1
2018-12-19,1548668.19,1537872.76,19880.0,14317.0,99436.0,0.0,0.0,0.0,78,1,1
2018-12-20,2111859.13,1955020.76,16785.0,12570.0,86527.0,0.0,0.0,0.0,100,1,1
2018-12-21,1795780.71,1747996.02,17089.0,13989.0,75369.0,0.0,0.0,0.0,99,1,1
2018-12-22,1497206.71,1451328.96,19131.0,15097.0,92396.0,0.0,0.0,0.0,96,1,1
2018-12-23,1221387.72,1203158.82,18677.0,14418.0,67357.0,0.0,0.0,0.0,86,1,1
2018-12-24,2110373.43,2051630.86,18196.0,14167.0,81305.0,0.0,0.0,0.0,116,1,1
2018-12-25,1398293.31,1329598.03,18220.0,13502.0,82734.0,0.0,0.0,0.0,87,1,1
2018-12-26,1989426.16,1906954.63,16195.0,11429.0,85129.0,0.0,0.0,0.0,115,1,1
2018-12-27,2379859.2,2336594.02,20352.0,14676.0,96078.0,0.0,0.0,0.0,128,1,1
2018-12-28,4637468.16,4553417.55,16913.0,12431.0,77764.0,0.0,0.0,0.0,230,1,1
2018-12-29,4597405.16,4592577.25,18932.0,15491.0,81645.0,0.0,0.0,0.0,230,1,1
2018-12-30,3975279.59,3817470.28,16773.0,12407.0,59562.0,0.0,0.0,0.0,211,1,1
2018-12-31,3827364.78,3811034.54,17432.0,12802.0,79582.0,230.42616033755274,5132.0,317.0,182,1,1
2019-01-01,2430742.1,2422276.45,13010.0,10036.0,51325.0,0.0,0.0,0.0,119,1,1
2019-01-02,857486.8,611460.51,12737.0,9001.0,48341.0,0.0,0.0,0.0,35,1,1
2019-01-03,1095516.84,931676.57,13152.0,9372.0,68314.0,0.0,0.0,0.0,40,0,0
2019-01-04,1356732.44,1032253.29,15690.0,11339.0,79556.0,0.0,0.0,0.0,50,0,0
2019-01-05,1752585.71,1344358.95,14519.0,11859.0,75716.0,0.0,0.0,0.0,72,0,0
2019-01-06,1660128.37,1324455.7,14231.0,10763.0,49759.0,0.0,0.0,0.0,67,0,0
2019-01-07,1936096.71,1554210.1,15866.0,12380.0,77357.0,0.0,0.0,0.0,51,0,0
2019-01-08,1715399.79,1347590.83,15100.0,11084.0,66828.0,0.0,0.0,0.0,59,0,0
2019-01-09,1858318.85,1516237.67,15325.0,11547.0,55452.0,0.0,0.0,0.0,57,0,0
2019-01-10,1259650.79,1032558.86,16076.0,12915.0,67366.0,0.0,0.0,0.0,38,0,0
2019-01-11,2153841.45,1671962.72,13433.0,9721.0,57341.0,0.0,0.0,0.0,69,0,0
2019-01-12,2073990.81,1674370.35,14383.0,11480.0,57737.0,0.0,0.0,0.0,58,0,0
2019-01-13,3354624.45,2671314.89,16540.0,12051.0,79348.0,0.0,0.0,0.0,92,0,0
2019-01-14,2361690.18,1807957.6,13279.0,10415.0,53209.0,0.0,0.0,0.0,65,0,0
2019-01-15,1504083.3,1181548.42,13831.0,10313.0,63195.0,0.0,0.0,0.0,48,0,0
2019-01-16,1724908.79,1349961.65,15512.0,12091.0,66027.0,0.0,0.0,0.0,58,0,0
2019-01-17,2280332.07,1816414.62,14437.0,11002.0,52900.0,0.0,0.0,0.0,64,0,0
2019-01-18,1474326.17,1227149.16,12024.0,8525.0,58167.0,0.0,0.0,0.0,45,0,0
2019-01-19,1754206.62,1335367.18,14677.0,11769.0,67428.0,0.0,0.0,0.0,64,0,0
2019-01-20,3160071.59,2517012.51,15110.0,11469.0,60771.0,0.0,0.0,0.0,91,0,0
2019-01-21,2299476.91,1856585.16,15061.0,11446.0,64174.0,0.0,0.0,0.0,73,0,0
2019-01-22,2108562.98,1708188.75,12987.0,9617.0,49093.0,0.0,0.0,0.0,60,0,0
2019-01-23,1826741.5,1369479.14,14097.0,10037.0,57611.0,0.0,0.0,0.0,64,0,0
2019-01-24,2523490.79,2014906.08,13164.0,9414.0,42251.0,0.0,0.0,0.0,71,0,0
2019-01-25,2014411.34,1674040.36,12789.0,9244.0,55846.0,0.0,0.0,0.0,64,0,0
2019-01-26,2940618.52,2385985.7,13361.0,10817.0,55817.0,0.0,0.0,0.0,89,0,0
2019-01-27,4391507.1,3459322.38,12775.0,10329.0,44948.0,0.0,0.0,0.0,148,0,0
2019-01-28,4748349.69,3779471.66,15400.0,11899.0,70499.0,0.0,0.0,0.0,156,0,0
2019-01-29,4822586.51,3839462.75,14448.0,11220.0,68530.0,0.0,0.0,0.0,150,0,0
2019-01-30,3962494.16,3161585.88,14923.0,12073.0,63324.0,0.0,0.0,0.0,137,1,1
2019-01-31,3557233.24,2914824.87,14374.0,10316.0,64100.0,240.02212389380531,3287.0,290.0,124,1,1
2019-02-01,2922884.32,2311260.65,21456.0,16332.0,74218.0,0.0,0.0,0.0,102,1,1
2019-02-02,1988116.58,1648391.91,26402.0,20797.0,84827.0,0.0,0.0,0.0,67,1,1
2019-02-03,2075616.33,1663159.13,21455.0,15621.0,73729.0,0.0,0.0,0.0,73,1,1
2019-02-04,1690969.52,1412906.86,21022.0,14913.0,102651.0,0.0,0.0,0.0,68,1,1
2019-02-05,1648913.11,1341931.74,21983.0,15429.0,118103.0,0.0,0.0,0.0,61,1,1
2019-02-06,2019237.55,1620812.0,17637.0,13730.0,89322.0,0.0,0.0,0.0,90,1,1
2019-02-07,1807804.86,1498934.77,20404.0,16004.0,102948.0,0.0,0.0,0.0,77,1,1
2019-02-08,1887002.96,1514639.32,18850.0,15216.0,78104.0,0.0,0.0,0.0,85,1,1
2019-02-09,2204244.85,1794590.32,21447.0,17104.0,87018.0,0.0,0.0,0.0,87,1,1
2019-02-10,2992194.41,2405467.55,22210.0,15951.0,97571.0,0.0,0.0,0.0,119,1,1
2019-02-11,3050258.51,2505704.13,19672.0,14175.0,70067.0,0.0,0.0,0.0,98,1,1
2019-02-12,2270445.76,1865294.51,21591.0,17277.0,81267.0,0.0,0.0,0.0,75,1,1
2019-02-13,2305149.57,1875958.77,22905.0,16771.0,80895.0,0.0,0.0,0.0,75,1,1
2019-02-14,2959207.82,2441504.63,20533.0,15357.0,68715.0,0.0,0.0,0.0,90,1,1
2019-02-15,2813189.48,2241015.21,26260.0,19148.0,97929.0,0.0,0.0,0.0,96,1,1
2019-02-16,2890421.0,2337140.26,18875.0,14265.0,67908.0,0.0,0.0,0.0,102,1,1
2019-02-17,3658575.54,2895275.54,20194.0,15177.0,107514.0,0.0,0.0,0.0,115,1,1
2019-02-18,4680433.34,3760557.76,21547.0,16824.0,87633.0,0.0,0.0,0.0,124,1,1
2019-02-19,1783513.49,1498699.8,21342.0,16787.0,100305.0,0.0,0.0,0.0,68,1,1
2019-02-20,3142305.74,2556936.4,20880.0,16896.0,110379.0,0.0,0.0,0.0,97,1,1
2019-02-21,3225995.91,2685076.1,21342.0,16968.0,99918.0,0.0,0.0,0.0,107,1,1
2019-02-22,2981029.98,2400898.37,22545.0,16491.0,102964.0,0.0,0.0,0.0,95,1,1
2019-02-23,3243671.03,2744035.42,21323.0,16835.0,101099.0,0.0,0.0,0.0,106,1,1
2019-02-24,4659488.7,3774721.6,19867.0,16186.0,90727.0,0.0,0.0,0.0,152,1,1
2019-02-25,6710330.49,5461991.46,25657.0,20787.0,98848.0,0.0,0.0,0.0,191,1,1
2019-02-26,5143906.53,4181682.12,20019.0,14720.0,95647.0,0.0,0.0,0.0,165,1,1
2019-02-27,4911504.39,3881267.76,24095.0,17580.0,87711.0,0.0,0.0,0.0,155,1,1
2019-02-28,3391644.13,2722597.05,19085.0,15002.0,93981.0,226.75157894736842,4163.0,314.0,113,1,1
2019-03-01,2228532.66,1861831.11,29754.0,24115.0,108657.0,0.0,0.0,0.0,69,1,1
2019-03-02,662215.74,563992.66,29578.0,23227.0,102551.0,0.0,0.0,0.0,22,0,0
2019-03-03,925441.51,757846.4,29633.0,23779.0,153733.0,0.0,0.0,0.0,29,0,0
2019-03-04,1915592.53,1559541.64,32652.0,23117.0,116494.0,0.0,0.0,0.0,49,0,0
2019-03-05,2386338.6,1912200.04,30840.0,24990.0,162661.0,0.0,0.0,0.0,62,0,0
2019-03-06,3341337.75,2745260.51,32515.0,26584.0,134079.0,0.0,0.0,0.0,101,0,0
2019-03-07,2432557.33,1818192.91,27794.0,20646.0,127956.0,0.0,0.0,0.0,81,0,0
2019-03-08,2666858.91,2181539.6,29339.0,23224.0,159152.0,0.0,0.0,0.0,75,0,0
2019-03-09,3019892.33,2454977.33,30100.0,22854.0,150323.0,0.0,0.0,0.0,79,0,0
2019-03-10,2681616.97,2134676.6,26432.0,19667.0,92021.0,0.0,0.0,0.0,83,0,0
2019-03-11,2420084.85,1983304.37,29213.0,21897.0,131049.0,0.0,0.0,0.0,83,0,0
2019-03-12,3925730.26,3314125.8,29197.0,22060.0,129430.0,0.0,0.0,0.0,115,0,0
2019-03-13,5148543.25,4034220.49,27971.0,19772.0,93737.0,0.0,0.0,0.0,162,0,0
2019-03-14,4367141.68,3458729.41,30018.0,23278.0,124240.0,0.0,0.0,0.0,127,0,0
2019-03-15,3296671.21,2596766.78,30390.0,22699.0,156640.0,0.0,0.0,0.0,98,0,0
2019-03-16,2593942.24,2020686.01,29509.0,22694.0,122642.0,0.0,0.0,0.0,85,0,0
2019-03-17,3647905.41,2976722.37,30650.0,21468.0,106652.0,0.0,0.0,0.0,109,0,0
2019-03-18,4462652.85,3659897.03,28762.0,21021.0,140215.0,0.0,0.0,0.0,128,1,1
2019-03-19,4580736.76,3861332.4,29335.0,21958.0,149400.0,0.0,0.0,0.0,136,1,1
2019-03-20,5766530.12,4960357.22,27405.0,20656.0,138092.0,0.0,0.0,0.0,182,1,1
2019-03-21,4408617.11,3962414.33,29272.0,23169.0,143683.0,0.0,0.0,0.0,159,1,1
2019-03-22,3610928.89,3304221.4,27607.0,20415.0,98682.0,0.0,0.0,0.0,123,1,1
2019-03-23,3582976.25,3279702.06,31744.0,22838.0,143568.0,0.0,0.0,0.0,126,1,1
2019-03-24,4240123.5,3766823.0,28415.0,23292.0,140934.0,0.0,0.0,0.0,148,1,1
2019-03-25,4446564.37,4012232.01,30897.0,22658.0,150146.0,0.0,0.0,0.0,162,1,1
2019-03-26,5345042.2,4766707.57,31738.0,25563.0,104496.0,0.0,0.0,0.0,204,1,1
2019-03-27,6535411.89,5978075.49,29291.0,22963.0,143666.0,0.0,0.0,0.0,257,1,1
2019-03-28,5315964.12,4667097.61,27780.0,22281.0,106871.0,0.0,0.0,0.0,205,1,1
2019-03-29,4309156.23,3848197.98,32668.0,24576.0,161268.0,0.0,0.0,0.0,176,1,1
2019-03-30,9442671.99,8583254.53,25372.0,18591.0,115629.0,0.0,0.0,0.0,334,1,1
2019-03-31,7501232.88,6774268.33,29648.0,21628.0,136636.0,233.65762004175366,4906.0,318.0,260,1,1
2019-04-01,7842271.08,7122821.67,44576.0,34666.0,212249.0,0.0,0.0,0.0,249,1,1
2019-04-02,6799630.38,6231069.37,38298.0,28561.0,174559.0,0.0,0.0,0.0,245,1,1
2019-04-03,6787287.3,6224164.42,37654.0,27054.0,206297.0,0.0,0.0,0.0,234,1,1
2019-04-04,2048272.63,1722283.77,40892.0,31638.0,200895.0,0.0,0.0,0.0,79,1,1
2019-04-05,1919484.59,1795248.81,35912.0,27354.0,180193.0,0.0,0.0,0.0,64,1,1
2019-04-06,2259659.48,2043470.72,37338.0,29048.0,187574.0,0.0,0.0,0.0,81,1,1
2019-04-07,2241076.34,2042622.76,36099.0,28975.0,138367.0,0.0,0.0,0.0,91,1,1
2019-04-08,3104721.28,2774939.49,46874.0,35394.0,212734.0,0.0,0.0,0.0,119,1,1
2019-04-09,3989319.25,3630481.23,41659.0,29802.0,224000.0,0.0,0.0,0.0,147,1,1
2019-04-10,3426420.13,3160123.01,43127.0,35165.0,161086.0,0.0,0.0,0.0,120,1,1
2019-04-11,3579994.96,3276911.01,38911.0,29838.0,167168.0,0.0,0.0,0.0,116,1,1
2019-04-12,3059845.93,2753429.2,40148.0,28212.0,213820.0,0.0,0.0,0.0,107,1,1
2019-04-13,3248777.0,3006192.84,44228.0,31397.0,187646.0,0.0,0.0,0.0,118,1,1
2019-04-14,4002434.76,3635296.53,40040.0,32744.0,184887.0,0.0,0.0,0.0,137,1,1
2019-04-15,3468600.1,3009772.87,44505.0,33791.0,196936.0,0.0,0.0,0.0,136,1,1
2019-04-16,5005921.07,4277532.29,41567.0,33382.0,161203.0,0.0,0.0,0.0,163,1,1
2019-04-17,4866105.58,3844447.57,43808.0,31816.0,223025.0,0.0,0.0,0.0,153,1,1
2019-04-18,3458407.78,2689432.07,42723.0,34260.0,201707.0,0.0,0.0,0.0,102,0,0
2019-04-19,3282803.64,2507866.68,38066.0,27093.0,156489.0,0.0,0.0,0.0,109,0,0
2019-04-20,3583833.11,2817340.98,46440.0,36613.0,170991.0,0.0,0.0,0.0,130,0,0
2019-04-21,4280648.65,3400564.11,38052.0,27648.0,145134.0,0.0,0.0,0.0,128,0,0
2019-04-22,5111723.35,4071500.83,41414.0,31022.0,171318.0,0.0,0.0,0.0,148,0,0
2019-04-23,6076381.37,4899064.86,40730.0,29395.0,153580.0,0.0,0.0,0.0,182,0,0
2019-04-24,6020945.99,4856675.57,43102.0,30805.0,204218.0,0.0,0.0,0.0,196,0,0
2019-04-25,4244369.27,3305396.09,38511.0,27906.0,132039.0,0.0,0.0,0.0,131,0,0
2019-04-26,3983588.88,3067018.69,42329.0,30400.0,142532.0,0.0,0.0,0.0,126,0,0
2019-04-27,4765470.57,3742260.25,38950.0,30294.0,186718.0,0.0,0.0,0.0,152,0,0
2019-04-28,5579108.13,4391470.92,40314.0,31509.0,150802.0,0.0,0.0,0.0,178,0,0
2019-04-29,9634257.78,7639657.66,38891.0,28675.0,130645.0,0.0,0.0,0.0,321,0,0
2019-04-30,8059929.99,6487250.52,37656.0,29583.0,124370.0,204.8252427184466,6745.0,345.0,263,0,0
2019-05-01,8442603.96,6897673.92,38270.0,31120.0,163918.0,0.0,0.0,0.0,256,0,0
2019-05-02,7808399.68,6038961.99,40890.0,32732.0,174072.0,0.0,0.0,0.0,226,0,0
2019-05-03,4022286.5,3234443.01,33869.0,24127.0,159855.0,0.0,0.0,0.0,140,0,0
2019-05-04,2045383.76,1603260.81,40801.0,32941.0,153355.0,0.0,0.0,0.0,64,0,0
2019-05-05,2460393.45,1889099.54,43470.0,31878.0,145614.0,0.0,0.0,0.0,90,0,0
2019-05-06,3089088.99,2546015.45,38954.0,29248.0,128267.0,0.0,0.0,0.0,88,0,0
2019-05-07,3216799.62,2460959.9,38311.0,27298.0,156221.0,0.0,0.0,0.0,103,0,0
2019-05-08,3179618.97,2549583.11,36951.0,26620.0,161456.0,0.0,0.0,0.0,109,0,0
2019-05-09,3478743.01,2820877.92,31426.0,25738.0,101030.0,0.0,0.0,0.0,117,0,0
2019-05-10,3379956.2,2669556.82,35218.0,28849.0,175528.0,0.0,0.0,0.0,98,0,0
2019-05-11,3223254.17,2537597.46,42448.0,32625.0,208628.0,0.0,0.0,0.0,104,0,0
2019-05-12,3692378.28,2866716.95,33210.0,25645.0,133895.0,0.0,0.0,0.0,121,0,0
2019-05-13,4792349.11,3788342.27,35644.0,29007.0,191085.0,0.0,0.0,0.0,139,0,0
2019-05-14,4862166.63,3833993.27,35531.0,27439.0,133228.0,0.0,0.0,0.0,159,0,0
2019-05-15,5013097.75,3959824.14,39361.0,30634.0,144469.0,0.0,0.0,0.0,178,0,0
2019-05-16,4763396.54,3739102.59,34486.0,27697.0,187184.0,0.0,0.0,0.0,161,0,0
2019-05-17,4890006.38,3947766.75,37582.0,29636.0,185076.0,0.0,0.0,0.0,139,0,0
2019-05-18,4212074.41,3390993.32,42600.0,31147.0,183594.0,0.0,0.0,0.0,131,0,0
2019-05-19,3110577.15,2404869.12,36971.0,27994.0,139333.0,0.0,0.0,0.0,105,0,0
2019-05-20,4833855.83,3883813.76,33598.0,24840.0,175466.0,0.0,0.0,0.0,143,0,0
2019-05-21,4376980.41,3545197.6,40671.0,32416.0,170943.0,0.0,0.0,0.0,150,0,0
2019-05-22,5873623.7,4676076.56,38160.0,28709.0,122146.0,0.0,0.0,0.0,200,0,0
2019-05-23,5059289.39,4065945.82,37448.0,29299.0,136767.0,0.0,0.0,0.0,166,0,0
2019-05-24,4257574.66,3427856.53,39257.0,29905.0,132206.0,0.0,0.0,0.0,136,0,0
2019-05-25,2703860.17,2041659.91,42312.0,31516.0,205258.0,0.0,0.0,0.0,90,0,0
2019-05-26,3290638.14,2614660.18,37448.0,29153.0,134959.0,0.0,0.0,0.0,106,0,0
2019-05-27,3692587.25,3103910.35,34961.0,24499.0,177796.0,0.0,0.0,0.0,129,0,0
2019-05-28,4649913.83,3737938.55,37280.0,27314.0,163509.0,0.0,0.0,0.0,167,0,0
2019-05-29,6694197.08,5100391.64,34893.0,24699.0,113956.0,0.0,0.0,0.0,235,0,0
2019-05-30,10560540.55,8440357.87,35571.0,27779.0,145299.0,0.0,0.0,0.0,340,0,0
2019-05-31,8767512.49,6975728.64,36407.0,28343.0,128081.0,223.01138519924098,6650.0,363.0,299,0,0
2019-06-01,8443797.15,6772402.64,35963.0,25401.0,152872.0,0.0,0.0,0.0,283,0,0
2019-06-02,7455195.67,6102711.18,36512.0,28207.0,156568.0,0.0,0.0,0.0,265,0,0
2019-06-03,6200836.36,4928192.22,41523.0,30131.0,182954.0,0.0,0.0,0.0,207,0,0
2019-06-04,3657388.71,2889750.29,40229.0,32190.0,185194.0,0.0,0.0,0.0,123,0,0
2019-06-05,3116184.22,2354873.53,46601.0,35608.0,188669.0,0.0,0.0,0.0,98,0,0
2019-06-06,3413543.4,2707745.48,41559.0,29193.0,188443.0,0.0,0.0,0.0,96,0,0
2019-06-07,2810118.57,2267280.87,37857.0,27285.0,143379.0,0.0,0.0,0.0,99,0,0
2019-06-08,3253725.42,2576270.0,38349.0,27319.0,172622.0,0.0,0.0,0.0,122,0,0
2019-06-09,4254903.93,3456557.9,36665.0,26939.0,146871.0,0.0,0.0,0.0,130,0,0
2019-06-10,4783133.64,3750235.77,38109.0,30915.0,139539.0,0.0,0.0,0.0,145,0,0
2019-06-11,4164146.71,3288307.35,38309.0,29446.0,138808.0,0.0,0.0,0.0,147,0,0
2019-06-12,4780123.09,3862755.17,39967.0,28872.0,162871.0,0.0,0.0,0.0,155,0,0
2019-06-13,3141446.63,2434324.12,40245.0,31843.0,155119.0,0.0,0.0,0.0,104,0,0
2019-06-14,3321275.31,2699480.09,44684.0,32193.0,214740.0,0.0,0.0,0.0,113,0,0
2019-06-15,4401658.94,3526274.43,43528.0,34973.0,164124.0,0.0,0.0,0.0,135,0,0
2019-06-16,3952891.26,3206561.32,38327.0,30471.0,137920.0,0.0,0.0,0.0,134,0,0
2019-06-17,4164327.54,3246799.45,41752.0,33966.0,199738.0,0.0,0.0,0.0,147,0,0
2019-06-18,5036738.58,4114695.79,35478.0,25009.0,127409.0,0.0,0.0,0.0,180,0,0
2019-06-19,5640058.49,4485935.07,35784.0,26499.0,126141.0,0.0,0.0,0.0,176,0,0
2019-06-20,4189605.48,3314789.57,40522.0,30027.0,211063.0,0.0,0.0,0.0,138,0,0
2019-06-21,3812450.83,3058079.55,40287.0,30805.0,164957.0,0.0,0.0,0.0,128,0,0
2019-06-22,4550924.39,3531072.86,41557.0,33705.0,158285.0,0.0,0.0,0.0,142,0,0
2019-06-23,3568419.01,3068943.59,40377.0,29710.0,160716.0,0.0,0.0,0.0,129,1,1
2019-06-24,3996277.5,3433419.57,42129.0,32514.0,163901.0,0.0,0.0,0.0,146,1,1
2019-06-25,5688790.13,5142260.13,37671.0,27919.0,129819.0,0.0,0.0,0.0,220,1,1
2019-06-26,5662278.62,5280030.26,38408.0,28743.0,163129.0,0.0,0.0,0.0,215,1,1
2019-06-27,3630711.11,3603596.44,39168.0,27618.0,169449.0,0.0,0.0,0.0,154,1,1
2019-06-28,4670111.28,4617792.03,38207.0,28841.0,177868.0,0.0,0.0,0.0,181,1,1
2019-06-29,7024746.69,6925205.4,36838.0,26350.0,181925.0,0.0,0.0,0.0,267,1,1
2019-06-30,4945041.75,4627222.46,33931.0,27510.0,166764.0,220.84291187739464,6494.0,361.0,197,1,1
2019-07-01,4925285.45,4871863.28,30649.0,22435.0,108659.0,0.0,0.0,0.0,193,1,1
2019-07-02,4873332.05,4786134.47,31146.0,23463.0,121588.0,0.0,0.0,0.0,202,1,1
2019-07-03,4886424.07,4756249.61,30229.0,24504.0,151719.0,0.0,0.0,0.0,192,1,1
2019-07-04,1489388.03,1415805.18,33700.0,24759.0,149794.0,0.0,0.0,0.0,60,1,1
2019-07-05,1841931.9,1789551.81,28053.0,20725.0,142813.0,0.0,0.0,0.0,62,1,1
2019-07-06,1673667.75,1672504.8,30267.0,24108.0,98786.0,0.0,0.0,0.0,63,1,1
2019-07-07,2108446.49,2118852.35,26042.0,18496.0,95916.0,0.0,0.0,0.0,81,1,1
2019-07-08,2671803.54,2584413.1,28853.0,21400.0,123844.0,0.0,0.0,0.0,112,1,1
2019-07-09,2568480.24,2386535.86,32447.0,26102.0,174380.0,0.0,0.0,0.0,117,1,1
2019-07-10,2970737.48,2920183.57,34463.0,25057.0,159621.0,0.0,0.0,0.0,129,1,1
2019-07-11,3613434.66,3602172.41,36925.0,28683.0,119806.0,0.0,0.0,0.0,121,1,1
2019-07-12,2385921.03,2226726.44,31992.0,23290.0,134627.0,0.0,0.0,0.0,92,1,1
2019-07-13,2098969.4,1932133.96,31461.0,23123.0,109485.0,0.0,0.0,0.0,96,1,1
2019-07-14,2644124.5,2456787.05,30689.0,23107.0,126201.0,0.0,0.0,0.0,104,1,1
2019-07-15,2978181.99,2929468.55,33584.0,24679.0,123317.0,0.0,0.0,0.0,121,1,1
2019-07-16,3187013.74,3153087.05,32949.0,25163.0,106127.0,0.0,0.0,0.0,126,1,1
2019-07-17,3959202.82,3896487.16,27662.0,22207.0,118197.0,0.0,0.0,0.0,162,1,1
2019-07-18,3615222.41,3550288.82,33180.0,24421.0,175720.0,0.0,0.0,0.0,138,1,1
2019-07-19,2386618.42,2254762.11,33359.0,24768.0,162683.0,0.0,0.0,0.0,101,1,1
2019-07-20,3483966.92,3119293.47,31303.0,25386.0,126631.0,0.0,0.0,0.0,118,1,1
2019-07-21,2833440.98,2457034.76,27249.0,20931.0,129731.0,0.0,0.0,0.0,93,1,1
2019-07-22,3439033.06,2731287.61,35006.0,27980.0,166673.0,0.0,0.0,0.0,114,1,1
2019-07-23,3417186.56,2643724.49,30275.0,23514.0,121949.0,0.0,0.0,0.0,124,0,0
2019-07-24,4684554.37,3722991.01,34123.0,25043.0,132316.0,0.0,0.0,0.0,148,0,0
2019-07-25,4181297.47,3389253.8,25491.0,18121.0,120516.0,0.0,0.0,0.0,137,0,0
2019-07-26,2974387.4,2282672.9,28454.0,23032.0,106488.0,0.0,0.0,0.0,113,0,0
2019-07-27,2400455.83,1937294.99,25171.0,20184.0,93475.0,0.0,0.0,0.0,92,0,0
2019-07-28,3130479.33,2444819.96,29673.0,22489.0,125620.0,0.0,0.0,0.0,105,0,0
2019-07-29,3105749.62,2493332.47,29279.0,21774.0,139901.0,0.0,0.0,0.0,104,0,0
2019-07-30,3330499.22,3199104.79,34258.0,24978.0,140557.0,0.0,0.0,0.0,138,1,1
2019-07-31,5525632.29,6089074.09,32965.0,24945.0,136757.0,230.53073770491804,5322.0,321.0,226,1,1
2019-08-01,4455488.15,5321254.35,37760.0,28566.0,205970.0,0.0,0.0,0.0,212,1,1
2019-08-02,3938923.04,4562144.93,36313.0,26157.0,152843.0,0.0,0.0,0.0,189,1,1
2019-08-03,2470651.33,3392027.67,37071.0,26418.0,194543.0,0.0,0.0,0.0,142,1,1
2019-08-04,2494912.22,3600849.09,29902.0,22329.0,136233.0,0.0,0.0,0.0,124,1,1
2019-08-05,1043419.2,1459268.06,44223.0,32371.0,155964.0,0.0,0.0,0.0,63,1,1
2019-08-06,1858125.18,2640605.83,33817.0,26222.0,161936.0,0.0,0.0,0.0,90,1,1
2019-08-07,2612652.22,3641188.5,34145.0,25373.0,182511.0,0.0,0.0,0.0,125,1,1
2019-08-08,2075506.82,2794288.53,37036.0,29698.0,127464.0,0.0,0.0,0.0,110,1,1
2019-08-09,1373112.09,1937571.87,32288.0,26460.0,173586.0,0.0,0.0,0.0,81,1,1
2019-08-10,1564845.37,2196994.14,34327.0,26840.0,138077.0,0.0,0.0,0.0,84,1,1
2019-08-11,2346475.31,3292514.02,36705.0,26339.0,188312.0,0.0,0.0,0.0,114,1,1
2019-08-12,1668045.94,2290560.15,34577.0,26641.0,160627.0,0.0,0.0,0.0,92,1,1
2019-08-13,1490813.69,2171947.13,31269.0,23166.0,141471.0,0.0,0.0,0.0,94,1,1
2019-08-14,3101196.53,4169515.66,30200.0,23338.0,143432.0,0.0,0.0,0.0,167,1,1
2019-08-15,2478038.89,3512738.3,30521.0,22191.0,121686.0,0.0,0.0,0.0,136,1,1
2019-08-16,1829640.99,2493094.05,37711.0,26507.0,123132.0,0.0,0.0,0.0,112,1,1
2019-08-17,2003878.36,2733913.19,33680.0,27542.0,183308.0,0.0,0.0,0.0,107,1,1
2019-08-18,1947390.84,2839386.72,32176.0,23289.0,152259.0,0.0,0.0,0.0,112,1,1
2019-08-19,2333967.14,3290384.64,31023.0,23243.0,119218.0,0.0,0.0,0.0,124,1,1
2019-08-20,2278154.51,3059344.57,38795.0,29098.0,167871.0,0.0,0.0,0.0,121,1,1
2019-08-21,2902500.19,3975109.52,32523.0,24417.0,117226.0,0.0,0.0,0.0,160,1,1
2019-08-22,3279690.88,4303594.26,32699.0,25763.0,139482.0,0.0,0.0,0.0,162,1,1
2019-08-23,1923531.37,2481146.96,34981.0,26845.0,172585.0,0.0,0.0,0.0,93,1,1
2019-08-24,1741999.11,2380723.06,31736.0,23983.0,163423.0,0.0,0.0,0.0,110,1,1
2019-08-25,2343821.96,2973037.78,32083.0,23744.0,103964.0,0.0,0.0,0.0,125,1,1
2019-08-26,1566162.85,2092259.75,33250.0,25753.0,150733.0,0.0,0.0,0.0,88,1,1
2019-08-27,2452198.24,3395896.49,32833.0,26446.0,117571.0,0.0,0.0,0.0,142,1,1
2019-08-28,5201709.9,7205663.14,31563.0,25463.0,159479.0,0.0,0.0,0.0,294,1,1
2019-08-29,4504012.62,6055206.11,35811.0,26356.0,156979.0,0.0,0.0,0.0,280,1,1
2019-08-30,5157053.02,6765323.43,35419.0,28771.0,178660.0,0.0,0.0,0.0,281,1,2
2019-08-31,5057671.9,6368386.98,32891.0,23627.0,144581.0,220.22368421052633,6315.0,365.0,257,1,2
2019-09-01,4505538.06,5575548.49,26185.0,18902.0,87206.0,0.0,0.0,0.0,227,1,2
2019-09-02,1524133.27,1524323.94,29060.0,21406.0,104211.0,0.0,0.0,0.0,65,1,2
2019-09-03,1594821.11,1372800.55,25072.0,17728.0,119670.0,0.0,0.0,0.0,61,1,1
2019-09-04,870213.71,795474.98,25524.0,18515.0,100727.0,0.0,0.0,0.0,30,1,1
2019-09-05,1849227.68,1737296.3,23170.0,16840.0,117129.0,0.0,0.0,0.0,61,1,1
2019-09-06,2055566.63,1816545.14,26547.0,20170.0,89760.0,0.0,0.0,0.0,64,1,1
2019-09-07,2056135.02,1821442.12,23733.0,16764.0,98671.0,0.0,0.0,0.0,74,1,1
2019-09-08,2799308.76,2590587.34,23398.0,17237.0,92683.0,0.0,0.0,0.0,91,1,1
2019-09-09,3586421.12,3025750.34,24789.0,19384.0,116234.0,0.0,0.0,0.0,115,1,1
2019-09-10,2327550.31,2102928.06,22230.0,17279.0,115152.0,0.0,0.0,0.0,86,1,1
2019-09-11,2579418.47,2224939.94,21840.0,17146.0,95983.0,0.0,0.0,0.0,92,1,1
2019-09-12,2239528.24,2055638.17,22702.0,16686.0,104922.0,0.0,0.0,0.0,91,1,1
2019-09-13,2602979.12,2360984.02,23488.0,17017.0,100424.0,0.0,0.0,0.0,85,1,1
2019-09-14,2471379.44,2104170.27,26005.0,18611.0,114445.0,0.0,0.0,0.0,86,1,1
2019-09-15,2704686.82,2355376.75,25814.0,19980.0,100825.0,0.0,0.0,0.0,104,1,1
2019-09-16,3377677.52,3056070.46,20819.0,16137.0,98569.0,0.0,0.0,0.0,104,1,1
2019-09-17,2208634.91,1901278.99,24520.0,18925.0,93825.0,0.0,0.0,0.0,82,1,1
2019-09-18,2218355.01,1872520.36,24614.0,18392.0,108688.0,0.0,0.0,0.0,67,1,1
2019-09-19,2750834.47,2383301.79,24003.0,18510.0,124057.0,0.0,0.0,0.0,97,1,1
2019-09-20,1849923.37,1616131.82,24393.0,19784.0,99499.0,0.0,0.0,0.0,84,1,1
2019-09-21,3723308.64,3312576.87,26707.0,19063.0,124922.0,0.0,0.0,0.0,112,1,1
2019-09-22,3164897.45,2715456.74,25255.0,19571.0,98526.0,0.0,0.0,0.0,123,1,1
2019-09-23,3099449.09,2787237.94,23138.0,16246.0,115705.0,0.0,0.0,0.0,116,1,1
2019-09-24,2947408.34,2515101.0,24793.0,18883.0,113116.0,0.0,0.0,0.0,96,1,1
2019-09-25,2898334.29,2483117.25,24933.0,18860.0,97407.0,0.0,0.0,0.0,95,1,1
2019-09-26,2908501.91,2610054.46,24782.0,20223.0,113023.0,0.0,0.0,0.0,113,1,1
2019-09-27,3950186.78,3564014.93,24131.0,18595.0,129342.0,0.0,0.0,0.0,146,1,1
2019-09-28,3814692.18,3453282.93,23264.0,18976.0,118938.0,0.0,0.0,0.0,146,1,1
2019-09-29,4292493.62,3763429.08,22213.0,16984.0,98269.0,0.0,0.0,0.0,172,1,1
2019-09-30,4319120.35,3566624.12,24111.0,17588.0,128187.0,241.36122448979592,4045.0,310.0,141,1,1
2019-10-01,3461580.0,2846842.32,20710.0,16324.0,82106.0,0.0,0.0,0.0,109,1,1
2019-10-02,1385364.76,1073130.28,17131.0,13716.0,78304.0,0.0,0.0,0.0,42,0,0
2019-10-03,1326788.68,1033086.86,20821.0,17046.0,86216.0,0.0,0.0,0.0,44,0,0
2019-10-04,1866207.62,1478185.6,20576.0,16713.0,81640.0,0.0,0.0,0.0,67,0,0
2019-10-05,1911023.55,1500730.35,18690.0,13716.0,68234.0,0.0,0.0,0.0,59,0,0
2019-10-06,2387439.44,1819262.68,16470.0,12583.0,57553.0,0.0,0.0,0.0,74,0,0
2019-10-07,1999285.69,1511800.84,21559.0,15495.0,70372.0,0.0,0.0,0.0,76,0,0
2019-10-08,1470915.7,1203719.05,18757.0,13854.0,77286.0,0.0,0.0,0.0,52,0,0
2019-10-09,1397689.65,1162543.67,21553.0,16339.0,77208.0,0.0,0.0,0.0,42,0,0
2019-10-10,1458507.56,1177103.47,18506.0,14673.0,94049.0,0.0,0.0,0.0,48,0,0
2019-10-11,2040409.76,1602691.87,20156.0,14880.0,88486.0,0.0,0.0,0.0,64,0,0
2019-10-12,1557560.26,1243446.67,18926.0,14454.0,76157.0,0.0,0.0,0.0,48,0,0
2019-10-13,2002257.12,1582043.04,18905.0,14766.0,75139.0,0.0,0.0,0.0,61,0,0
2019-10-14,1775994.7,1462978.37,19857.0,15369.0,108752.0,0.0,0.0,0.0,69,0,0
2019-10-15,2018887.59,1548517.17,20545.0,15329.0,80622.0,0.0,0.0,0.0,70,0,0
2019-10-16,1464108.41,1141541.16,22893.0,16393.0,74138.0,0.0,0.0,0.0,52,0,0
2019-10-17,1372058.65,1046890.17,21970.0,16687.0,119810.0,0.0,0.0,0.0,42,0,0
2019-10-18,1653633.26,1278811.6,19452.0,14179.0,93419.0,0.0,0.0,0.0,49,0,0
2019-10-19,2811323.63,2269521.38,21807.0,16138.0,82880.0,0.0,0.0,0.0,80,0,0
2019-10-20,2844841.01,2392660.05,19580.0,14473.0,80338.0,0.0,0.0,0.0,93,0,0
2019-10-21,2711153.32,2148763.37,21522.0,15193.0,110079.0,0.0,0.0,0.0,86,0,0
2019-10-22,2214683.33,1838977.01,20491.0,16450.0,107786.0,0.0,0.0,0.0,81,0,0
2019-10-23,1759141.45,1358481.77,21124.0,15901.0,77921.0,0.0,0.0,0.0,66,0,0
2019-10-24,2022900.04,1666320.71,20281.0,16545.0,105059.0,0.0,0.0,0.0,65,0,0
2019-10-25,3187144.16,2421364.94,18601.0,13821.0,86414.0,0.0,0.0,0.0,88,0,0
2019-10-26,2566324.34,2091249.47,19825.0,15837.0,101548.0,0.0,0.0,0.0,81,0,0
2019-10-27,2753908.73,2215124.51,19575.0,13980.0,72485.0,0.0,0.0,0.0,81,0,0
2019-10-28,4549329.18,3685783.91,20661.0,15063.0,76738.0,0.0,0.0,0.0,164,0,0
2019-10-29,4173624.95,3482498.58,21438.0,15871.0,83688.0,0.0,0.0,0.0,134,0,0
2019-10-30,4011152.34,3303293.41,22429.0,17198.0,103431.0,0.0,0.0,0.0,134,0,0
2019-10-31,3902622.14,3200919.46,20678.0,15942.0,89297.0,232.1954261954262,3320.0,344.0,124,0,0
2019-11-01,2457372.77,1859550.39,16216.0,12680.0,70987.0,0.0,0.0,0.0,95,0,0
2019-11-02,1251673.78,1011108.33,15412.0,12610.0,61693.0,0.0,0.0,0.0,43,0,0
2019-11-03,1429798.26,1038587.83,16872.0,12686.0,57144.0,0.0,0.0,0.0,35,0,0
2019-11-04,1262571.36,995581.04,16316.0,12784.0,53263.0,0.0,0.0,0.0,48,0,0
2019-11-05,1612667.27,1321321.71,18603.0,13193.0,87384.0,0.0,0.0,0.0,44,0,0
2019-11-06,1293265.9,977612.75,16846.0,12017.0,54649.0,0.0,0.0,0.0,39,0,0
2019-11-07,1946539.7,1520179.67,17897.0,13725.0,62005.0,0.0,0.0,0.0,51,0,0
2019-11-08,1109713.24,903061.67,15016.0,11357.0,81893.0,0.0,0.0,0.0,41,0,0
2019-11-09,2311380.72,1875909.56,17759.0,13193.0,58639.0,0.0,0.0,0.0,77,0,0
2019-11-10,3011648.48,2352435.67,16198.0,11722.0,76482.0,0.0,0.0,0.0,99,0,0
2019-11-11,2092297.23,1711092.76,15632.0,11764.0,78188.0,0.0,0.0,0.0,69,0,0
2019-11-12,2105090.82,1720904.41,17758.0,12899.0,85445.0,0.0,0.0,0.0,60,0,0
2019-11-13,2427345.64,1997625.77,16622.0,12057.0,76134.0,0.0,0.0,0.0,75,0,0
2019-11-14,2269908.4,1766713.41,18465.0,13954.0,82870.0,0.0,0.0,0.0,74,0,0
2019-11-15,2141001.63,1662947.41,16484.0,11680.0,66649.0,0.0,0.0,0.0,69,0,0
2019-11-16,1941582.58,1536690.27,14701.0,10502.0,69673.0,0.0,0.0,0.0,61,0,0
2019-11-17,2590750.35,2104287.3,17634.0,14336.0,90795.0,0.0,0.0,0.0,83,0,0
2019-11-18,2099691.1,1835944.86,17442.0,13837.0,71670.0,0.0,0.0,0.0,81,1,1
2019-11-19,1303736.25,1077699.56,14815.0,11638.0,74691.0,0.0,0.0,0.0,47,1,1
2019-11-20,1211508.93,1056017.89,18980.0,13952.0,102357.0,0.0,0.0,0.0,50,1,1
2019-11-21,1758120.57,1675422.59,15257.0,12502.0,55603.0,0.0,0.0,0.0,71,1,1
2019-11-22,1717259.82,1683212.87,17609.0,12533.0,74838.0,0.0,0.0,0.0,77,1,1
2019-11-23,1275541.97,1314745.82,14811.0,11576.0,65070.0,0.0,0.0,0.0,60,1,1
2019-11-24,1513582.11,1601636.32,17751.0,13674.0,69044.0,0.0,0.0,0.0,74,1,1
2019-11-25,1823713.36,1796200.75,17758.0,14100.0,57719.0,0.0,0.0,0.0,79,1,1
2019-11-26,1658805.72,1632988.64,16661.0,12533.0,78488.0,0.0,0.0,0.0,68,1,1
2019-11-27,1673862.79,1730384.96,17350.0,13306.0,74658.0,0.0,0.0,0.0,93,1,1
2019-11-28,2283224.58,2385990.97,17918.0,13179.0,94176.0,0.0,0.0,0.0,90,1,1
2019-11-29,1727675.92,1763358.52,17362.0,12161.0,57698.0,0.0,0.0,0.0,93,1,1
2019-11-30,1706944.78,1590980.52,15642.0,11420.0,64710.0,260.1217183770883,2912.0,272.0,85,1,1
2019-12-01,1570052.1,1541270.84,19995.0,16006.0,99403.0,0.0,0.0,0.0,77,1,1
2019-12-02,939051.09,913949.28,17602.0,13704.0,91031.0,0.0,0.0,0.0,48,1,1
2019-12-03,1049432.49,1050128.15,19623.0,15744.0,98361.0,0.0,0.0,0.0,58,1,1
2019-12-04,808148.29,776278.66,15760.0,12799.0,83900.0,0.0,0.0,0.0,46,1,1
2019-12-05,584316.21,549261.88,17788.0,13672.0,91763.0,0.0,0.0,0.0,33,1,1
2019-12-06,1028672.61,965955.9,17654.0,13969.0,66287.0,0.0,0.0,0.0,53,1,1
2019-12-07,1004670.88,991134.01,19994.0,14532.0,85994.0,0.0,0.0,0.0,47,1,1
2019-12-08,992442.58,1015934.13,17943.0,13548.0,58328.0,0.0,0.0,0.0,62,1,1
2019-12-09,1419175.87,1414450.62,18695.0,13953.0,93438.0,0.0,0.0,0.0,79,1,1
2019-12-10,902926.09,843652.61,21835.0,15963.0,75243.0,0.0,0.0,0.0,60,1,1
2019-12-11,1013400.28,984737.87,17449.0,14297.0,63628.0,0.0,0.0,0.0,49,1,1
2019-12-12,928048.97,925066.67,16323.0,13286.0,67289.0,0.0,0.0,0.0,67,1,1
2019-12-13,1377941.74,1350365.69,18670.0,13126.0,92613.0,0.0,0.0,0.0,78,1,1
2019-12-14,1133983.1,1100467.71,18848.0,13682.0,82793.0,0.0,0.0,0.0,70,1,1
2019-12-15,1178357.1,1177403.13,19212.0,14987.0,93259.0,0.0,0.0,0.0,71,1,1
2019-12-16,2441615.29,2435335.9,20895.0,15311.0,91106.0,0.0,0.0,0.0,133,1,1
2019-12-17,1509802.09,1466889.03,18457.0,14943.0,93219.0,0.0,0.0,0.0,91,1,1
2019-12-18,1081751.46,1118946.01,17942.0,12982.0,91808.0,0.0,0.0,0.0,66,1,1
2019-12-19,1755344.65,1729566.17,19761.0,14933.0,97788.0,0.0,0.0,0.0,85,1,1
2019-12-20,1591897.49,1519651.21,18225.0,14257.0,97011.0,0.0,0.0,0.0,83,1,1
2019-12-21,1604411.0,1557139.8,19198.0,13494.0,68642.0,0.0,0.0,0.0,94,1,1
2019-12-22,1998393.15,2053342.91,19601.0,15485.0,107238.0,0.0,0.0,0.0,116,1,1
2019-12-23,1553261.7,1489890.38,20796.0,16515.0,81832.0,0.0,0.0,0.0,115,1,1
2019-12-24,1516895.67,1497007.31,20496.0,15631.0,78628.0,0.0,0.0,0.0,100,1,1
2019-12-25,1299670.93,1288364.93,18623.0,13537.0,68299.0,0.0,0.0,0.0,76,1,1
2019-12-26,962186.25,831064.78,18490.0,13914.0,68585.0,0.0,0.0,0.0,55,1,1
2019-12-27,2014300.3,2077708.75,17267.0,14116.0,56100.0,0.0,0.0,0.0,116,1,1
2019-12-28,3502828.06,3565984.26,20807.0,16864.0,71257.0,0.0,0.0,0.0,210,1,1
2019-12-29,3313547.73,3269447.73,18470.0,13891.0,87451.0,0.0,0.0,0.0,184,1,1
2019-12-30,3576704.95,3493583.35,19587.0,15615.0,77129.0,0.0,0.0,0.0,202,1,1
2019-12-31,2778326.07,2777906.18,17631.0,12430.0,69915.0,245.6813186813187,4326.0,302.0,150,1,1
2020-01-01,1871817.88,1823332.03,14183.0,10830.0,59821.0,0.0,0.0,0.0,98,1,1
2020-01-02,306693.87,273455.38,16808.0,13069.0,56038.0,0.0,0.0,0.0,13,1,1
2020-01-03,766406.86,609099.87,14810.0,10936.0,74913.0,0.0,0.0,0.0,28,0,0
2020-01-04,888245.03,704147.35,16059.0,12341.0,62293.0,0.0,0.0,0.0,35,0,0
2020-01-05,1285208.07,1020467.61,15361.0,10835.0,53135.0,0.0,0.0,0.0,45,0,0
2020-01-06,970782.47,779316.08,14973.0,10599.0,80579.0,0.0,0.0,0.0,38,0,0
2020-01-07,764267.46,602605.56,16117.0,11670.0,54952.0,0.0,0.0,0.0,32,0,0
2020-01-08,1107287.26,894624.14,15280.0,11720.0,61929.0,0.0,0.0,0.0,34,0,0
2020-01-09,1056334.6,871321.63,16062.0,12523.0,52322.0,0.0,0.0,0.0,34,0,0
2020-01-10,1052535.45,809623.15,16265.0,12991.0,82186.0,0.0,0.0,0.0,37,0,0
2020-01-11,1482481.4,1217653.88,14483.0,10776.0,65105.0,0.0,0.0,0.0,37,0,0
2020-01-12,1377373.92,1076992.76,14569.0,10490.0,63747.0,0.0,0.0,0.0,50,0,0
2020-01-13,1823598.04,1448101.5,15740.0,11719.0,60162.0,0.0,0.0,0.0,54,0,0
2020-01-14,1243925.22,978766.56,15663.0,12749.0,79142.0,0.0,0.0,0.0,31,0,0
2020-01-15,1380005.06,1018100.72,18706.0,15192.0,99480.0,0.0,0.0,0.0,36,0,0
2020-01-16,1030944.9,795470.95,15738.0,12305.0,85999.0,0.0,0.0,0.0,35,0,0
2020-01-17,1830660.94,1431085.31,15987.0,11481.0,62173.0,0.0,0.0,0.0,48,0,0
2020-01-18,1766837.19,1324243.87,15401.0,11821.0,49765.0,0.0,0.0,0.0,46,0,0
2020-01-19,1524971.65,1235381.65,16878.0,13764.0,60169.0,0.0,0.0,0.0,57,0,0
2020-01-20,1754063.39,1357099.14,13852.0,11183.0,58603.0,0.0,0.0,0.0,53,0,0
2020-01-21,1339757.99,1058996.46,17442.0,13197.0,56199.0,0.0,0.0,0.0,39,0,0
2020-01-22,1519425.6,1259362.61,16279.0,12193.0,73513.0,0.0,0.0,0.0,49,0,0
2020-01-23,1004242.27,765471.69,13978.0,10732.0,60429.0,0.0,0.0,0.0,39,0,0
2020-01-24,1704378.2,1375285.81,13647.0,11168.0,70273.0,0.0,0.0,0.0,44,0,0
2020-01-25,1822074.98,1406914.83,12842.0,9859.0,55792.0,0.0,0.0,0.0,55,0,0
2020-01-26,2456410.62,1973809.59,16293.0,12595.0,71297.0,0.0,0.0,0.0,75,0,0
2020-01-27,3063079.4,2398030.81,15354.0,12334.0,70501.0,0.0,0.0,0.0,104,0,0
2020-01-28,2756106.46,2116903.62,15279.0,12244.0,72585.0,0.0,0.0,0.0,85,0,0
2020-01-29,2649423.01,2056424.25,15896.0,12685.0,64117.0,0.0,0.0,0.0,86,0,0
2020-01-30,2487204.75,2078176.85,15257.0,12504.0,53575.0,0.0,0.0,0.0,77,0,0
2020-01-31,1641713.06,1229647.19,16198.0,13199.0,53495.0,273.91122715404697,2118.0,246.0,43,0,0
2020-02-01,1463943.76,1142123.1,22962.0,16893.0,99895.0,0.0,0.0,0.0,42,0,0
2020-02-02,1093114.88,845764.23,20865.0,14896.0,68465.0,0.0,0.0,0.0,41,0,0
2020-02-03,1316072.4,1043180.49,23887.0,18397.0,121862.0,0.0,0.0,0.0,43,0,0
2020-02-04,1029616.88,806175.81,24648.0,18028.0,94634.0,0.0,0.0,0.0,35,0,0
2020-02-05,1584431.42,1282491.8,22633.0,17914.0,73734.0,0.0,0.0,0.0,42,0,0
2020-02-06,1426441.72,1176781.21,20899.0,16979.0,103321.0,0.0,0.0,0.0,48,0,0
2020-02-07,1459386.86,1149577.39,22577.0,16793.0,76631.0,0.0,0.0,0.0,42,0,0
2020-02-08,2184212.09,1826022.53,19524.0,15196.0,101952.0,0.0,0.0,0.0,70,0,0
2020-02-09,2055783.58,1523755.95,23566.0,16662.0,79695.0,0.0,0.0,0.0,62,0,0
2020-02-10,2291998.17,1847054.74,23762.0,16895.0,88113.0,0.0,0.0,0.0,69,0,0
2020-02-11,1213349.37,971610.69,21057.0,15893.0,70561.0,0.0,0.0,0.0,39,0,0
2020-02-12,1321005.73,1096334.73,22053.0,17470.0,91247.0,0.0,0.0,0.0,43,0,0
2020-02-13,1581431.75,1352362.12,23540.0,16928.0,95846.0,0.0,0.0,0.0,48,0,0
2020-02-14,2037539.68,1651978.34,19576.0,14700.0,71906.0,0.0,0.0,0.0,60,0,0
2020-02-15,2021731.66,1579252.08,23915.0,18996.0,123972.0,0.0,0.0,0.0,62,0,0
2020-02-16,2850540.94,2254151.72,23340.0,16388.0,118409.0,0.0,0.0,0.0,88,0,0
2020-02-17,3027388.85,2358428.94,19557.0,13818.0,95153.0,0.0,0.0,0.0,87,0,0
2020-02-18,1906269.53,1488503.07,23688.0,19373.0,121108.0,0.0,0.0,0.0,58,0,0
2020-02-19,2587869.93,2040282.29,21506.0,15170.0,105681.0,0.0,0.0,0.0,62,0,0
2020-02-20,2179252.94,1655887.69,22647.0,16715.0,120782.0,0.0,0.0,0.0,79,0,0
2020-02-21,1875282.27,1484938.15,21432.0,16694.0,88624.0,0.0,0.0,0.0,71,0,0
2020-02-22,2816611.42,2298912.93,24980.0,18996.0,110375.0,0.0,0.0,0.0,90,0,0
2020-02-23,3660447.62,2943311.48,21963.0,16277.0,115618.0,0.0,0.0,0.0,105,0,0
2020-02-24,4913668.98,3894010.08,24177.0,18165.0,91019.0,0.0,0.0,0.0,133,0,0
2020-02-25,3883383.17,3094926.07,20953.0,16499.0,105764.0,0.0,0.0,0.0,110,0,0
2020-02-26,3776016.2,3155920.72,22835.0,18087.0,77810.0,0.0,0.0,0.0,96,0,0
2020-02-27,2799802.2,2267130.6,21063.0,16238.0,67946.0,0.0,0.0,0.0,73,0,0
2020-02-28,1651589.28,1198881.14,20116.0,15109.0,93423.0,0.0,0.0,0.0,44,0,0
2020-02-29,440505.08,389641.44,20524.0,15914.0,100329.0,253.9131455399061,2612.0,285.0,8,0,0
2020-03-01,574193.42,436323.03,36014.0,29488.0,146247.0,0.0,0.0,0.0,19,0,0
2020-03-02,723891.53,597321.16,30765.0,24633.0,99703.0,0.0,0.0,0.0,27,0,0
2020-03-03,943222.71,762767.07,34111.0,24045.0,136681.0,0.0,0.0,0.0,30,0,0
2020-03-04,1909614.63,1505586.81,30135.0,23498.0,131222.0,0.0,0.0,0.0,65,0,0
2020-03-05,2333220.72,1843371.65,31540.0,24232.0,142833.0,0.0,0.0,0.0,69,0,0
2020-03-06,1511362.89,1171921.71,30909.0,23375.0,129691.0,0.0,0.0,0.0,49,0,0
2020-03-07,1871812.61,1532326.46,29059.0,20692.0,159126.0,0.0,0.0,0.0,50,0,0
2020-03-08,2407053.63,1849597.49,35044.0,24718.0,166817.0,0.0,0.0,0.0,63,0,0
2020-03-09,2614688.4,2090705.98,29433.0,22867.0,103715.0,0.0,0.0,0.0,77,0,0
2020-03-10,2160515.74,1668007.68,27971.0,20293.0,135928.0,0.0,0.0,0.0,67,0,0
2020-03-11,3433278.78,2692451.6,35255.0,24851.0,118816.0,0.0,0.0,0.0,104,0,0
2020-03-12,4588363.52,3791750.44,35504.0,25961.0,146780.0,0.0,0.0,0.0,127,0,0
2020-03-13,3021810.51,2369481.88,29460.0,21021.0,136446.0,0.0,0.0,0.0,92,0,0
2020-03-14,2973651.06,2401421.48,35810.0,29278.0,172678.0,0.0,0.0,0.0,90,0,0
2020-03-15,3221293.98,2639677.91,33227.0,25808.0,175710.0,0.0,0.0,0.0,104,0,0
2020-03-16,3825962.41,3158330.02,30813.0,23661.0,127284.0,0.0,0.0,0.0,104,0,0
2020-03-17,3337087.52,2593918.94,27849.0,19600.0,141749.0,0.0,0.0,0.0,112,0,0
2020-03-18,4361415.01,3636509.4,36760.0,29877.0,197335.0,0.0,0.0,0.0,135,1,1
2020-03-19,4192556.63,3408251.62,28411.0,21646.0,120110.0,0.0,0.0,0.0,136,1,1
2020-03-20,4714923.6,4026187.52,31181.0,23354.0,159941.0,0.0,0.0,0.0,144,1,1
2020-03-21,3786624.27,3364585.08,36509.0,28725.0,155361.0,0.0,0.0,0.0,117,1,1
2020-03-22,3660217.49,3308325.46,30641.0,24575.0,107852.0,0.0,0.0,0.0,125,1,1
2020-03-23,4599846.79,4217636.5,30524.0,24293.0,144878.0,0.0,0.0,0.0,147,1,1
2020-03-24,3777061.29,3491500.34,37460.0,28572.0,181911.0,0.0,0.0,0.0,130,1,1
2020-03-25,5473119.8,4913905.47,30774.0,23044.0,99989.0,0.0,0.0,0.0,172,1,1
2020-03-26,4976074.87,4486016.71,32870.0,23721.0,177471.0,0.0,0.0,0.0,190,1,1
2020-03-27,5292649.55,4770553.08,31899.0,23483.0,172870.0,0.0,0.0,0.0,195,1,1
2020-03-28,4107108.15,3626441.43,35000.0,26800.0,161378.0,0.0,0.0,0.0,133,1,1
2020-03-29,4853424.1,4204693.19,29090.0,21411.0,93775.0,0.0,0.0,0.0,169,1,1
2020-03-30,8661154.35,7724558.44,33713.0,25286.0,117283.0,0.0,0.0,0.0,304,1,1
2020-03-31,7897174.25,7105527.86,28802.0,21651.0,93574.0,230.04674796747966,4463.0,330.0,289,1,1
2020-04-01,8755809.46,7957568.75,49172.0,39353.0,197352.0,0.0,0.0,0.0,292,1,1
2020-04-02,7577709.18,6681340.51,45580.0,37275.0,190144.0,0.0,0.0,0.0,279,1,1
2020-04-03,6784809.88,6004344.42,43034.0,32921.0,186089.0,0.0,0.0,0.0,248,1,1
2020-04-04,2596249.84,2421613.19,44615.0,33264.0,158048.0,0.0,0.0,0.0,89,1,1
2020-04-05,2270549.35,2115323.24,45794.0,33390.0,205475.0,0.0,0.0,0.0,90,1,1
2020-04-06,2174513.69,1986210.77,48680.0,39248.0,247194.0,0.0,0.0,0.0,92,1,1
2020-04-07,2970609.75,2686271.15,40824.0,30012.0,205218.0,0.0,0.0,0.0,111,1,1
2020-04-08,4245321.13,3850661.27,45660.0,37027.0,183509.0,0.0,0.0,0.0,137,1,1
2020-04-09,3887991.65,3427172.36,40459.0,31759.0,204289.0,0.0,0.0,0.0,118,1,1
2020-04-10,3023393.36,2760209.97,38738.0,30010.0,136534.0,0.0,0.0,0.0,116,1,1
2020-04-11,3732689.24,3332780.74,43287.0,34063.0,143745.0,0.0,0.0,0.0,114,1,1
2020-04-12,2907846.49,2591717.12,37270.0,28399.0,139570.0,0.0,0.0,0.0,119,1,1
2020-04-13,3947462.22,3605060.08,46241.0,37526.0,154891.0,0.0,0.0,0.0,142,1,1
2020-04-14,3808658.46,3373247.72,45655.0,32667.0,202854.0,0.0,0.0,0.0,146,1,1
2020-04-15,4628778.3,3891917.12,46469.0,34882.0,219857.0,0.0,0.0,0.0,168,1,1
2020-04-16,4375989.59,3596667.75,42897.0,30686.0,223797.0,0.0,0.0,0.0,160,1,1
2020-04-17,4558971.27,3709799.59,41040.0,30521.0,161118.0,0.0,0.0,0.0,135,1,1
2020-04-18,3884483.75,3074401.15,48136.0,34468.0,216916.0,0.0,0.0,0.0,119,0,0
2020-04-19,5420905.61,4354985.3,36756.0,27931.0,187408.0,0.0,0.0,0.0,146,0,0
2020-04-20,3709374.1,2922517.52,46424.0,35176.0,187668.0,0.0,0.0,0.0,125,0,0
2020-04-21,3772726.0,2994859.61,38518.0,30134.0,142168.0,0.0,0.0,0.0,142,0,0
2020-04-22,5657450.97,4439369.34,41307.0,32775.0,200929.0,0.0,0.0,0.0,192,0,0
2020-04-23,5173024.12,4119922.93,44106.0,34167.0,170615.0,0.0,0.0,0.0,165,0,0
2020-04-24,3753095.45,2970279.3,37916.0,27243.0,145799.0,0.0,0.0,0.0,122,0,0
2020-04-25,3664845.35,2858437.84,45937.0,32490.0,245372.0,0.0,0.0,0.0,121,0,0
2020-04-26,4605371.55,3664887.11,38854.0,30987.0,129370.0,0.0,0.0,0.0,147,0,0
2020-04-27,5455531.12,4305091.4,48189.0,38503.0,216284.0,0.0,0.0,0.0,161,0,0
2020-04-28,5014129.21,3953650.56,41682.0,30068.0,227421.0,0.0,0.0,0.0,163,0,0
2020-04-29,10020939.03,8067774.24,39749.0,32484.0,210714.0,0.0,0.0,0.0,298,0,0
2020-04-30,7581421.63,6073119.3,43195.0,33699.0,226414.0,219.08424908424908,6873.0,373.0,250,0,0
2020-05-01,6232298.35,4980016.59,37248.0,29202.0,154828.0,0.0,0.0,0.0,209,0,0
2020-05-02,4883269.9,3978529.52,44006.0,34850.0,232584.0,0.0,0.0,0.0,157,0,0
2020-05-03,4614868.43,3622251.36,33774.0,27599.0,156949.0,0.0,0.0,0.0,137,0,0
2020-05-04,1696650.37,1285985.68,34999.0,25988.0,162964.0,0.0,0.0,0.0,47,0,0
2020-05-05,2127409.75,1664266.24,46233.0,36589.0,201181.0,0.0,0.0,0.0,66,0,0
2020-05-06,2719040.36,2101438.95,39877.0,32361.0,201329.0,0.0,0.0,0.0,87,0,0
2020-05-07,3735794.57,3081283.21,40887.0,31237.0,206054.0,0.0,0.0,0.0,119,0,0
2020-05-08,3885246.63,3057670.15,40215.0,30642.0,151119.0,0.0,0.0,0.0,115,0,0
2020-05-09,2045722.89,1564919.31,34391.0,26650.0,180223.0,0.0,0.0,0.0,76,0,0
2020-05-10,3584812.06,2817308.7,34872.0,25181.0,142645.0,0.0,0.0,0.0,109,0,0
2020-05-11,2782658.98,2126531.87,45289.0,36515.0,227803.0,0.0,0.0,0.0,85,0,0
2020-05-12,3333481.33,2554876.05,42203.0,32796.0,149231.0,0.0,0.0,0.0,100,0,0
2020-05-13,3150929.25,2367805.02,42210.0,32669.0,194109.0,0.0,0.0,0.0,99,0,0
2020-05-14,4015255.86,3222738.56,42689.0,33006.0,174672.0,0.0,0.0,0.0,141,0,0
2020-05-15,5094966.3,4205637.32,40677.0,32433.0,199382.0,0.0,0.0,0.0,140,0,0
2020-05-16,3808061.0,3113947.78,41763.0,33618.0,147559.0,0.0,0.0,0.0,121,0,0
2020-05-17,3532524.59,2826498.79,48316.0,36687.0,169311.0,0.0,0.0,0.0,110,0,0
2020-05-18,3000875.02,2429735.03,39843.0,31462.0,175578.0,0.0,0.0,0.0,114,0,0
2020-05-19,3027466.21,2447172.14,42163.0,32186.0,169388.0,0.0,0.0,0.0,112,0,0
2020-05-20,3689172.21,3019892.02,35075.0,28365.0,157795.0,0.0,0.0,0.0,117,0,0
2020-05-21,4498828.44,3647887.78,37203.0,26829.0,195525.0,0.0,0.0,0.0,156,0,0
2020-05-22,5108046.04,3839020.41,45512.0,34966.0,170596.0,0.0,0.0,0.0,158,0,0
2020-05-23,4015420.66,3313265.28,43072.0,32884.0,203926.0,0.0,0.0,0.0,122,0,0
2020-05-24,4700650.04,3764671.03,36563.0,29881.0,164483.0,0.0,0.0,0.0,125,0,0
2020-05-25,4378883.27,3340216.53,45355.0,37154.0,224944.0,0.0,0.0,0.0,135,0,0
2020-05-26,3938416.11,3225312.26,38796.0,29243.0,125978.0,0.0,0.0,0.0,131,0,0
2020-05-27,4400378.84,3586763.01,37058.0,26964.0,160786.0,0.0,0.0,0.0,150,0,0
2020-05-28,7125254.26,5586999.34,36672.0,27937.0,151505.0,0.0,0.0,0.0,240,0,0
2020-05-29,8058075.78,6156826.89,33780.0,27094.0,176373.0,0.0,0.0,0.0,254,0,0
2020-05-30,8571150.17,6917398.63,40115.0,28229.0,185694.0,0.0,0.0,0.0,262,0,0
2020-05-31,7068160.11,5722407.19,42489.0,33872.0,155192.0,223.87638376383765,6132.0,357.0,227,0,0
2020-06-01,7434640.87,6007912.51,43625.0,34300.0,175784.0,0.0,0.0,0.0,226,0,0
2020-06-02,3295138.19,2630884.15,38550.0,27223.0,207470.0,0.0,0.0,0.0,138,0,0
2020-06-03,3497127.32,2854677.4,44126.0,33550.0,167992.0,0.0,0.0,0.0,121,0,0
2020-06-04,2962471.81,2212520.77,43162.0,33001.0,179895.0,0.0,0.0,0.0,89,0,0
2020-06-05,2452274.28,2042840.96,41289.0,30313.0,212140.0,0.0,0.0,0.0,66,0,0
2020-06-06,2258600.23,1840555.75,37001.0,28500.0,129323.0,0.0,0.0,0.0,77,0,0
2020-06-07,2693731.83,2065838.19,43638.0,31329.0,148158.0,0.0,0.0,0.0,79,0,0
2020-06-08,3084455.23,2459766.38,45005.0,32086.0,171951.0,0.0,0.0,0.0,87,0,0
2020-06-09,3331413.85,2608681.96,42655.0,31413.0,156535.0,0.0,0.0,0.0,94,0,0
2020-06-10,3810023.86,3037801.06,44003.0,34775.0,223530.0,0.0,0.0,0.0,119,0,0
2020-06-11,4027121.39,3106482.9,42916.0,33063.0,167050.0,0.0,0.0,0.0,115,0,0
2020-06-12,2833219.35,2245340.12,44428.0,32076.0,201234.0,0.0,0.0,0.0,89,0,0
2020-06-13,2840132.87,2324352.25,40898.0,29407.0,172585.0,0.0,0.0,0.0,92,0,0
2020-06-14,3797554.63,3078986.36,43306.0,35000.0,211437.0,0.0,0.0,0.0,121,0,0
2020-06-15,3921468.12,3112876.56,42980.0,32920.0,138712.0,0.0,0.0,0.0,130,0,0
2020-06-16,3620819.64,2950472.85,35345.0,28859.0,181042.0,0.0,0.0,0.0,119,0,0
2020-06-17,4864660.1,3741174.91,36067.0,26295.0,197255.0,0.0,0.0,0.0,152,0,0
2020-06-18,4188150.34,3329563.04,41392.0,32075.0,180184.0,0.0,0.0,0.0,131,0,0
2020-06-19,2960897.79,2329260.25,48502.0,38712.0,166918.0,0.0,0.0,0.0,94,0,0
2020-06-20,2189006.74,1795056.75,42409.0,33875.0,208518.0,0.0,0.0,0.0,82,0,0
2020-06-21,3477329.48,2740967.86,44397.0,31865.0,205562.0,0.0,0.0,0.0,105,0,0
2020-06-22,3068801.79,2472668.81,43423.0,33381.0,183887.0,0.0,0.0,0.0,104,0,0
2020-06-23,3277142.11,2715748.0,46640.0,36915.0,203779.0,0.0,0.0,0.0,99,1,1
2020-06-24,4983800.13,4272479.54,43528.0,30569.0,211079.0,0.0,0.0,0.0,170,1,1
2020-06-25,4480875.32,3949301.47,43580.0,34017.0,151493.0,0.0,0.0,0.0,147,1,1
2020-06-26,3538964.96,3128909.95,40569.0,30872.0,186283.0,0.0,0.0,0.0,118,1,1
2020-06-27,2952009.99,2893474.01,37310.0,30590.0,182508.0,0.0,0.0,0.0,99,1,1
2020-06-28,4033143.22,4037949.63,39395.0,28416.0,150566.0,0.0,0.0,0.0,142,1,1
2020-06-29,5223388.62,5021085.51,40040.0,29410.0,185068.0,0.0,0.0,0.0,205,1,1
2020-06-30,5506677.04,5509880.9,42180.0,29724.0,170415.0,230.93253968253967,4747.0,355.0,199,1,1
2020-07-01,4785799.65,4637675.06,30595.0,24077.0,99837.0,0.0,0.0,0.0,206,1,1
2020-07-02,4866951.38,4707883.99,27460.0,21481.0,146044.0,0.0,0.0,0.0,206,1,1
2020-07-03,3696972.88,3771036.88,30149.0,22578.0,101564.0,0.0,0.0,0.0,158,1,1
2020-07-04,706367.78,665027.87,36231.0,25655.0,167563.0,0.0,0.0,0.0,37,1,1
2020-07-05,1406074.5,1343687.36,32159.0,23960.0,164511.0,0.0,0.0,0.0,51,1,1
2020-07-06,2077312.99,1986626.45,31155.0,21955.0,120153.0,0.0,0.0,0.0,82,1,1
2020-07-07,2024009.16,2068227.77,31719.0,22876.0,131244.0,0.0,0.0,0.0,71,1,1
2020-07-08,1848400.71,1796794.0,34532.0,27716.0,127995.0,0.0,0.0,0.0,80,1,1
2020-07-09,2881762.16,2884926.26,31532.0,23016.0,144420.0,0.0,0.0,0.0,120,1,1
2020-07-10,2456330.77,2270775.74,33515.0,26879.0,138606.0,0.0,0.0,0.0,104,1,1
2020-07-11,2777782.43,2617463.18,32050.0,26172.0,133615.0,0.0,0.0,0.0,88,1,1
2020-07-12,2353469.99,2352864.85,27495.0,20220.0,150199.0,0.0,0.0,0.0,93,1,1
2020-07-13,2674159.75,2528820.54,35078.0,28181.0,148375.0,0.0,0.0,0.0,85,1,1
2020-07-14,2241406.69,2199143.63,32527.0,23555.0,137331.0,0.0,0.0,0.0,85,1,1
2020-07-15,2628917.79,2573366.47,32171.0,25881.0,161809.0,0.0,0.0,0.0,98,1,1
2020-07-16,3496916.1,3417273.9,30941.0,22516.0,125983.0,0.0,0.0,0.0,134,1,1
2020-07-17,2963494.21,2910103.21,33050.0,25526.0,151997.0,0.0,0.0,0.0,112,1,1
2020-07-18,2167217.41,2102740.45,27761.0,21602.0,151543.0,0.0,0.0,0.0,88,1,1
2020-07-19,2598183.41,2439859.2,34393.0,26947.0,145541.0,0.0,0.0,0.0,80,1,1
2020-07-20,2378509.49,2153084.64,37632.0,29503.0,155007.0,0.0,0.0,0.0,73,1,1
2020-07-21,3060145.15,2555988.41,35054.0,27530.0,126216.0,0.0,0.0,0.0,97,1,1
2020-07-22,3102912.51,2421357.03,29644.0,22426.0,125613.0,0.0,0.0,0.0,101,1,1
2020-07-23,3882974.91,3066175.92,31569.0,25229.0,159907.0,0.0,0.0,0.0,136,0,0
2020-07-24,3897982.79,3118044.81,27412.0,21601.0,122794.0,0.0,0.0,0.0,139,0,0
2020-07-25,2726776.18,2185291.86,31945.0,23339.0,162927.0,0.0,0.0,0.0,84,0,0
2020-07-26,2852671.37,2228931.73,34829.0,25520.0,177075.0,0.0,0.0,0.0,83,0,0
2020-07-27,2831486.13,2289596.5,35833.0,27052.0,192786.0,0.0,0.0,0.0,96,0,0
2020-07-28,2395619.59,1857411.18,34319.0,24787.0,128819.0,0.0,0.0,0.0,76,0,0
2020-07-29,3158908.2,2317187.54,26016.0,18447.0,110402.0,0.0,0.0,0.0,99,0,0
2020-07-30,4151632.35,3350026.58,31271.0,24555.0,159400.0,0.0,0.0,0.0,133,0,0
2020-07-31,5610491.95,4496247.74,31816.0,23266.0,112511.0,243.87909836065575,4472.0,318.0,198,0,0
2020-08-01,6132541.37,4909626.33,37813.0,28331.0,199410.0,0.0,0.0,0.0,176,0,0
2020-08-02,5345584.67,4186394.94,35863.0,28452.0,153799.0,0.0,0.0,0.0,173,0,0
2020-08-03,4397713.48,3443554.44,38720.0,29089.0,177199.0,0.0,0.0,0.0,138,0,0
2020-08-04,3298352.62,2591360.98,34620.0,26378.0,139818.0,0.0,0.0,0.0,115,0,0
2020-08-05,2223462.81,1734678.05,36418.0,26253.0,187350.0,0.0,0.0,0.0,64,0,0
2020-08-06,2991469.99,2308279.85,35171.0,25902.0,161966.0,0.0,0.0,0.0,91,0,0
2020-08-07,3277756.91,2547914.06,41155.0,32438.0,133104.0,0.0,0.0,0.0,92,0,0
2020-08-08,2449651.51,2088845.7,35669.0,27251.0,145029.0,0.0,0.0,0.0,68,0,0
2020-08-09,2935305.67,2352528.07,37676.0,26741.0,164147.0,0.0,0.0,0.0,69,0,0
2020-08-10,2914723.92,2318822.04,35228.0,25251.0,153470.0,0.0,0.0,0.0,81,0,0
2020-08-11,2533038.45,2110648.66,37719.0,27782.0,200458.0,0.0,0.0,0.0,93,0,0
2020-08-12,4245177.97,3574622.62,39180.0,28426.0,215466.0,0.0,0.0,0.0,105,0,0
2020-08-13,3438121.83,2662240.38,40215.0,29520.0,205003.0,0.0,0.0,0.0,107,0,0
2020-08-14,3685522.51,2879232.79,35760.0,26734.0,166236.0,0.0,0.0,0.0,103,0,0
2020-08-15,2556409.43,2072000.19,33356.0,26180.0,178584.0,0.0,0.0,0.0,88,0,0
2020-08-16,2596444.46,2077063.06,37006.0,29530.0,157212.0,0.0,0.0,0.0,79,0,0
2020-08-17,3646382.12,2892437.08,34854.0,28022.0,118396.0,0.0,0.0,0.0,95,0,0
2020-08-18,3240488.83,2493505.46,37531.0,28605.0,203174.0,0.0,0.0,0.0,103,0,0
2020-08-19,3279887.27,2543910.75,34147.0,27810.0,185856.0,0.0,0.0,0.0,98,0,0
2020-08-20,3569013.59,2909846.44,36424.0,26616.0,182461.0,0.0,0.0,0.0,119,0,0
2020-08-21,3939388.46,3133654.06,33606.0,25978.0,109747.0,0.0,0.0,0.0,122,0,0
2020-08-22,2465099.71,2000862.66,30963.0,23305.0,154853.0,0.0,0.0,0.0,72,0,0
2020-08-23,2832425.22,2280579.88,39987.0,31388.0,209083.0,0.0,0.0,0.0,90,0,0
2020-08-24,3217603.07,2631929.43,33539.0,26264.0,119660.0,0.0,0.0,0.0,96,0,0
2020-08-25,2428315.18,1917538.84,32268.0,26443.0,160031.0,0.0,0.0,0.0,83,0,0
2020-08-26,3194953.82,2616197.98,35762.0,25302.0,185700.0,0.0,0.0,0.0,96,0,0
2020-08-27,4445347.68,3675387.97,38266.0,28828.0,200768.0,0.0,0.0,0.0,136,0,0
2020-08-28,7296538.72,5928088.7,38993.0,30032.0,174686.0,0.0,0.0,0.0,232,0,0
2020-08-29,7517051.79,6089417.86,36212.0,26931.0,191116.0,0.0,0.0,0.0,229,0,0
2020-08-30,8480394.59,6775599.46,36313.0,27199.0,161767.0,0.0,0.0,0.0,251,1,1
2020-08-31,7490849.71,6294569.34,30899.0,23108.0,120249.0,229.01828153564898,5280.0,367.0,210,1,1
2020-09-01,6047477.92,5072223.86,25779.0,19525.0,82568.0,0.0,0.0,0.0,179,1,1
2020-09-02,1434923.77,1282633.72,25740.0,20239.0,87892.0,0.0,0.0,0.0,41,1,1
2020-09-03,1557705.54,1435356.63,21880.0,16243.0,72566.0,0.0,0.0,0.0,41,1,1
2020-09-04,1425115.38,1249060.77,26341.0,18688.0,125151.0,0.0,0.0,0.0,48,1,1
2020-09-05,1581867.47,1449235.72,27061.0,21025.0,109833.0,0.0,0.0,0.0,54,1,1
2020-09-06,2654105.11,2377874.42,27527.0,21630.0,108802.0,0.0,0.0,0.0,75,1,1
2020-09-07,2479133.84,2159138.36,24662.0,17883.0,108662.0,0.0,0.0,0.0,83,1,1
2020-09-08,2542645.13,2183405.0,22647.0,18442.0,121854.0,0.0,0.0,0.0,90,1,1
2020-09-09,1979410.07,1799215.01,23534.0,16840.0,84994.0,0.0,0.0,0.0,69,1,1
2020-09-10,3146008.14,2761931.92,24599.0,17738.0,105977.0,0.0,0.0,0.0,82,1,1
2020-09-11,1990335.39,1821328.74,25825.0,19056.0,95585.0,0.0,0.0,0.0,72,1,1
2020-09-12,2806228.3,2605429.08,25785.0,19681.0,123384.0,0.0,0.0,0.0,79,1,1
2020-09-13,2240095.92,1957201.32,21475.0,15123.0,95840.0,0.0,0.0,0.0,88,1,1
2020-09-14,2832905.03,2603630.98,28528.0,21280.0,108347.0,0.0,0.0,0.0,101,1,1
2020-09-15,2914536.51,2476205.19,30267.0,22450.0,113275.0,0.0,0.0,0.0,107,1,1
2020-09-16,1994638.41,1821831.75,26144.0,19196.0,86584.0,0.0,0.0,0.0,57,1,1
2020-09-17,1827659.24,1626961.14,27837.0,19900.0,114571.0,0.0,0.0,0.0,62,1,1
2020-09-18,2600220.08,2233677.06,21105.0,15784.0,100383.0,0.0,0.0,0.0,74,1,1
2020-09-19,1806587.98,1582702.76,23948.0,17545.0,83188.0,0.0,0.0,0.0,61,1,1
2020-09-20,2334885.81,2132834.58,29247.0,22547.0,115136.0,0.0,0.0,0.0,67,1,1
2020-09-21,3082015.84,2723671.97,29246.0,22025.0,136066.0,0.0,0.0,0.0,101,1,1
2020-09-22,2827707.7,2426080.5,27835.0,20293.0,106244.0,0.0,0.0,0.0,93,1,1
2020-09-23,2254030.17,2095482.45,28929.0,21337.0,145147.0,0.0,0.0,0.0,72,1,1
2020-09-24,2021614.99,1879290.21,22265.0,17768.0,114577.0,0.0,0.0,0.0,71,1,1
2020-09-25,2587034.31,2341681.4,30621.0,24702.0,109054.0,0.0,0.0,0.0,77,1,1
2020-09-26,2219447.23,2025784.18,25054.0,18036.0,118576.0,0.0,0.0,0.0,71,1,1
2020-09-27,3907778.93,3495826.9,29837.0,23097.0,142121.0,0.0,0.0,0.0,138,1,1
2020-09-28,4681424.38,4163962.01,28965.0,22114.0,125634.0,0.0,0.0,0.0,155,1,1
2020-09-29,3862957.51,3418321.41,27997.0,19870.0,137528.0,0.0,0.0,0.0,135,1,1
2020-09-30,3185317.6,2835582.57,23089.0,16405.0,113390.0,242.69677419354838,3339.0,322.0,100,1,1
2020-10-01,2053948.94,1801442.13,21266.0,16930.0,76549.0,0.0,0.0,0.0,78,1,1
2020-10-02,844947.12,672777.16,18119.0,14852.0,77416.0,0.0,0.0,0.0,19,0,0
2020-10-03,1819620.17,1400911.62,20645.0,14636.0,67383.0,0.0,0.0,0.0,46,0,0
2020-10-04,1305849.84,1031248.84,19416.0,14262.0,73170.0,0.0,0.0,0.0,39,0,0
2020-10-05,1476045.28,1106750.78,24911.0,19722.0,131231.0,0.0,0.0,0.0,47,0,0
2020-10-06,2225510.95,1785750.97,23347.0,19051.0,99243.0,0.0,0.0,0.0,64,0,0
2020-10-07,2084609.48,1633404.7,21132.0,15554.0,84375.0,0.0,0.0,0.0,64,0,0
2020-10-08,1798621.9,1415449.28,20037.0,16325.0,64298.0,0.0,0.0,0.0,52,0,0
2020-10-09,1682037.65,1404182.57,22199.0,17432.0,101056.0,0.0,0.0,0.0,46,0,0
2020-10-10,2023437.43,1582185.76,20615.0,15266.0,103142.0,0.0,0.0,0.0,53,0,0
2020-10-11,1446988.51,1177371.98,20115.0,14199.0,93659.0,0.0,0.0,0.0,46,0,0
2020-10-12,1856496.7,1470316.91,20896.0,16465.0,72670.0,0.0,0.0,0.0,57,0,0
2020-10-13,3071390.97,2435896.58,20981.0,16932.0,82348.0,0.0,0.0,0.0,92,0,0
2020-10-14,2627129.58,2030216.9,21476.0,16150.0,80061.0,0.0,0.0,0.0,72,0,0
2020-10-15,1826480.99,1499468.55,20834.0,16576.0,105217.0,0.0,0.0,0.0,44,0,0
2020-10-16,2213689.11,1814772.4,21601.0,16609.0,104505.0,0.0,0.0,0.0,67,0,0
2020-10-17,2024181.52,1623856.95,21266.0,15812.0,71380.0,0.0,0.0,0.0,61,0,0
2020-10-18,2416150.55,2000897.4,20371.0,16113.0,78229.0,0.0,0.0,0.0,62,0,0
2020-10-19,1798941.77,1455468.16,19438.0,15597.0,66703.0,0.0,0.0,0.0,46,0,0
2020-10-20,2361849.87,1800189.76,19028.0,15363.0,64480.0,0.0,0.0,0.0,77,0,0
2020-10-21,2168284.88,1762213.02,23461.0,18428.0,125439.0,0.0,0.0,0.0,72,0,0
2020-10-22,2384359.77,1939167.59,19036.0,14034.0,92719.0,0.0,0.0,0.0,61,0,0
2020-10-23,1313373.58,984874.54,22434.0,17640.0,111878.0,0.0,0.0,0.0,53,0,0
2020-10-24,2435210.66,1935814.16,22947.0,18684.0,96280.0,0.0,0.0,0.0,71,0,0
2020-10-25,2045855.5,1595051.09,19591.0,14128.0,93877.0,0.0,0.0,0.0,63,0,0
2020-10-26,2383306.02,1881515.76,21875.0,17852.0,75409.0,0.0,0.0,0.0,75,0,0
2020-10-27,3242319.66,2668015.76,22036.0,16781.0,78948.0,0.0,0.0,0.0,101,0,0
2020-10-28,4138715.4,3246854.44,20859.0,15866.0,66974.0,0.0,0.0,0.0,122,0,0
2020-10-29,3361148.04,2777298.73,21829.0,16036.0,95302.0,0.0,0.0,0.0,109,0,0
2020-10-30,2606337.42,2045887.36,22356.0,17201.0,94204.0,0.0,0.0,0.0,87,0,0
2020-10-31,3099623.67,2419274.6,23949.0,18930.0,111408.0,263.1191011235955,2835.0,287.0,96,0,0
2020-11-01,2000351.9,1651707.88,18245.0,12972.0,61204.0,0.0,0.0,0.0,56,0,0
2020-11-02,1609265.54,1276568.22,19551.0,14750.0,64224.0,0.0,0.0,0.0,47,0,0
2020-11-03,1148970.3,951051.1,17361.0,12559.0,82603.0,0.0,0.0,0.0,37,0,0
2020-11-04,1475675.48,1140886.92,16277.0,12255.0,56661.0,0.0,0.0,0.0,48,0,0
2020-11-05,1340308.97,1063954.02,15813.0,12731.0,64934.0,0.0,0.0,0.0,47,0,0
2020-11-06,717152.89,537123.9,16918.0,12621.0,85878.0,0.0,0.0,0.0,27,0,0
2020-11-07,1261006.58,1012158.51,17082.0,12711.0,79468.0,0.0,0.0,0.0,38,0,0
2020-11-08,1462906.75,1152752.12,18445.0,13486.0,81091.0,0.0,0.0,0.0,48,0,0
2020-11-09,1841341.67,1500031.86,17701.0,12953.0,76286.0,0.0,0.0,0.0,58,0,0
2020-11-10,1423817.05,1131446.53,19293.0,13687.0,77336.0,0.0,0.0,0.0,50,0,0
2020-11-11,1850484.56,1510899.02,18790.0,14166.0,76190.0,0.0,0.0,0.0,47,0,0
2020-11-12,1742209.81,1490266.12,17856.0,12841.0,86498.0,0.0,0.0,0.0,50,0,0
2020-11-13,1874908.56,1475799.13,17396.0,12776.0,77474.0,0.0,0.0,0.0,54,0,0
2020-11-14,1505407.33,1170919.18,17694.0,12793.0,72612.0,0.0,0.0,0.0,39,0,0
2020-11-15,1822943.34,1452200.16,14260.0,10406.0,61122.0,0.0,0.0,0.0,51,0,0
2020-11-16,1677772.33,1289405.39,18092.0,14243.0,97390.0,0.0,0.0,0.0,58,0,0
2020-11-17,1698265.63,1375791.27,16039.0,12068.0,67477.0,0.0,0.0,0.0,59,0,0
2020-11-18,1708292.62,1460231.18,16491.0,11715.0,73039.0,0.0,0.0,0.0,51,1,1
2020-11-19,1389140.38,1147069.41,16250.0,13117.0,59654.0,0.0,0.0,0.0,48,1,1
2020-11-20,1761075.99,1653768.63,17855.0,13458.0,79186.0,0.0,0.0,0.0,61,1,1
2020-11-21,1277317.49,1191035.2,17079.0,12036.0,83706.0,0.0,0.0,0.0,55,1,1
2020-11-22,1402812.95,1422457.39,16764.0,12087.0,75792.0,0.0,0.0,0.0,56,1,1
2020-11-23,1254495.47,1331674.56,15370.0,11896.0,81227.0,0.0,0.0,0.0,55,1,1
2020-11-24,1234768.03,1251831.61,18796.0,13402.0,84515.0,0.0,0.0,0.0,46,1,1
2020-11-25,1016787.85,1011073.66,15420.0,10841.0,54787.0,0.0,0.0,0.0,34,1,1
2020-11-26,1003033.14,1066907.31,16733.0,13329.0,79614.0,0.0,0.0,0.0,39,1,1
2020-11-27,2064673.72,2076697.24,17323.0,13271.0,92052.0,0.0,0.0,0.0,83,1,1
2020-11-28,2102733.52,2118368.35,18543.0,13712.0,71710.0,0.0,0.0,0.0,76,1,1
2020-11-29,1696662.48,1642786.66,18159.0,14657.0,98612.0,0.0,0.0,0.0,77,1,1
2020-11-30,1376299.12,1423882.94,17824.0,13249.0,69923.0,275.1194029850746,2202.0,270.0,68,1,1
2020-12-01,1160032.88,1083886.83,19647.0,14036.0,101454.0,0.0,0.0,0.0,65,1,1
2020-12-02,370653.23,366277.85,20023.0,16101.0,69321.0,0.0,0.0,0.0,20,1,1
2020-12-03,528608.48,509665.44,20422.0,15573.0,85659.0,0.0,0.0,0.0,25,1,1
2020-12-04,645703.05,632473.93,16123.0,12162.0,75877.0,0.0,0.0,0.0,27,1,1
2020-12-05,653591.96,700683.81,19449.0,13722.0,102800.0,0.0,0.0,0.0,34,1,1
2020-12-06,755648.75,731905.7,19233.0,15083.0,87799.0,0.0,0.0,0.0,33,1,1
2020-12-07,832522.38,856716.78,17942.0,14544.0,75482.0,0.0,0.0,0.0,45,1,1
2020-12-08,1297656.34,1226584.15,18946.0,14954.0,83991.0,0.0,0.0,0.0,60,1,1
2020-12-09,1154833.63,1135523.17,19732.0,14464.0,64921.0,0.0,0.0,0.0,63,1,1
2020-12-10,696601.42,694712.49,16485.0,13246.0,64712.0,0.0,0.0,0.0,40,1,1
2020-12-11,708701.4,714731.83,16188.0,11995.0,58965.0,0.0,0.0,0.0,44,1,1
2020-12-12,1122552.93,1114505.97,16777.0,13540.0,71386.0,0.0,0.0,0.0,67,1,1
2020-12-13,937152.62,894184.44,16467.0,12133.0,58632.0,0.0,0.0,0.0,56,1,1
2020-12-14,1601200.69,1536265.51,19160.0,14625.0,69801.0,0.0,0.0,0.0,84,1,1
2020-12-15,1355809.66,1345601.61,20367.0,15824.0,98777.0,0.0,0.0,0.0,83,1,1
2020-12-16,1368150.26,1378715.06,19278.0,15286.0,93923.0,0.0,0.0,0.0,70,1,1
2020-12-17,1104685.57,1105268.19,19854.0,14704.0,70559.0,0.0,0.0,0.0,46,1,1
2020-12-18,1251306.12,1173503.24,20218.0,14273.0,75635.0,0.0,0.0,0.0,57,1,1
2020-12-19,1648432.09,1604918.15,20038.0,15556.0,91258.0,0.0,0.0,0.0,67,1,1
2020-12-20,1777867.4,1748875.07,20214.0,16185.0,71596.0,0.0,0.0,0.0,82,1,1
2020-12-21,2040125.86,2025685.77,18862.0,15018.0,79432.0,0.0,0.0,0.0,99,1,1
2020-12-22,2050706.5,1957791.36,18707.0,13230.0,83873.0,0.0,0.0,0.0,117,1,1
2020-12-23,1964805.24,2036033.68,19179.0,14954.0,95061.0,0.0,0.0,0.0,82,1,1
2020-12-24,1223063.47,1196024.1,20374.0,15600.0,88847.0,0.0,0.0,0.0,69,1,1
2020-12-25,1200258.49,1181002.97,19207.0,14605.0,70159.0,0.0,0.0,0.0,59,1,1
2020-12-26,1099988.0,1121806.33,19934.0,15114.0,93736.0,0.0,0.0,0.0,78,1,1
2020-12-27,1517374.4,1548752.98,22306.0,16526.0,92481.0,0.0,0.0,0.0,89,1,1
2020-12-28,3627797.75,3660309.96,18063.0,14637.0,96451.0,0.0,0.0,0.0,179,1,1
2020-12-29,2940732.69,2915164.04,21080.0,15731.0,90633.0,0.0,0.0,0.0,154,1,1
2020-12-30,2881135.64,2881761.18,20533.0,16778.0,69320.0,0.0,0.0,0.0,124,1,1
2020-12-31,2153864.87,2157011.11,17767.0,13361.0,93445.0,264.02017937219733,3358.0,285.0,89,1,1
2021-01-01,1553431.51,1547553.58,14570.0,11040.0,49430.0,0.0,0.0,0.0,69,1,1
2021-01-02,378420.41,311258.46,13267.0,10265.0,60079.0,0.0,0.0,0.0,17,0,0
2021-01-03,677894.56,516308.19,14741.0,11620.0,73963.0,0.0,0.0,0.0,22,0,0
2021-01-04,819877.04,631242.67,14929.0,10471.0,52523.0,0.0,0.0,0.0,26,0,0
2021-01-05,1174326.91,961163.6,16138.0,12708.0,53744.0,0.0,0.0,0.0,42,0,0
2021-01-06,1114251.05,906466.26,16334.0,12369.0,83419.0,0.0,0.0,0.0,22,0,0
2021-01-07,837846.02,690390.14,16711.0,11962.0,91756.0,0.0,0.0,0.0,30,0,0
2021-01-08,1023293.14,849565.94,16364.0,13392.0,62434.0,0.0,0.0,0.0,32,0,0
2021-01-09,853729.27,699954.28,16343.0,11944.0,64540.0,0.0,0.0,0.0,23,0,0
2021-01-10,1180728.66,984866.85,13484.0,9896.0,58053.0,0.0,0.0,0.0,36,0,0
2021-01-11,1515387.6,1201417.37,16493.0,11978.0,55382.0,0.0,0.0,0.0,39,0,0
2021-01-12,1062807.64,869052.09,15881.0,11461.0,69707.0,0.0,0.0,0.0,35,0,0
2021-01-13,1070756.5,856031.34,15076.0,10739.0,53234.0,0.0,0.0,0.0,33,0,0
2021-01-14,764427.24,629061.31,16537.0,11936.0,53246.0,0.0,0.0,0.0,30,0,0
2021-01-15,977003.78,779003.57,15763.0,11957.0,60315.0,0.0,0.0,0.0,29,0,0
2021-01-16,1185774.61,916210.38,15667.0,11566.0,78596.0,0.0,0.0,0.0,32,0,0
2021-01-17,1224098.2,966990.57,16227.0,13003.0,67057.0,0.0,0.0,0.0,37,0,0
2021-01-18,2502006.18,1916159.06,15948.0,11290.0,59449.0,0.0,0.0,0.0,61,0,0
2021-01-19,2011018.39,1652010.17,16117.0,12572.0,68303.0,0.0,0.0,0.0,64,0,0
2021-01-20,1595354.2,1216527.62,15543.0,11545.0,69867.0,0.0,0.0,0.0,38,0,0
2021-01-21,1698207.91,1250048.47,15673.0,11090.0,61671.0,0.0,0.0,0.0,46,0,0
2021-01-22,1620041.5,1267935.48,16747.0,12024.0,55374.0,0.0,0.0,0.0,40,0,0
2021-01-23,1744298.27,1412867.08,16160.0,12050.0,61099.0,0.0,0.0,0.0,58,0,0
2021-01-24,1862707.42,1491339.57,15728.0,11746.0,57187.0,0.0,0.0,0.0,60,0,0
2021-01-25,2346216.5,1913189.53,17059.0,12064.0,85576.0,0.0,0.0,0.0,71,0,0
2021-01-26,2993616.58,2282478.29,16118.0,12581.0,57820.0,0.0,0.0,0.0,78,0,0
2021-01-27,2258351.94,1690062.59,17898.0,14011.0,68989.0,0.0,0.0,0.0,65,0,0
2021-01-28,2405871.45,1845885.39,14112.0,9931.0,72021.0,0.0,0.0,0.0,67,0,0
2021-01-29,2246568.53,1778946.6,15601.0,11768.0,66036.0,0.0,0.0,0.0,64,0,0
2021-01-30,2167603.39,1754979.72,16213.0,12103.0,85859.0,0.0,0.0,0.0,55,1,1
2021-01-31,1607178.02,1317474.79,14307.0,10979.0,54842.0,279.2572944297082,1882.0,254.0,51,1,1
2021-02-01,1551374.11,1281321.59,24811.0,19041.0,121401.0,0.0,0.0,0.0,55,1,1
2021-02-02,958876.9,764858.08,25619.0,18057.0,116068.0,0.0,0.0,0.0,35,1,1
2021-02-03,1095535.11,933310.92,24601.0,19055.0,96562.0,0.0,0.0,0.0,39,1,1
2021-02-04,1345207.17,1009834.12,24393.0,17316.0,85004.0,0.0,0.0,0.0,37,1,1
2021-02-05,1749418.05,1399602.15,23162.0,16799.0,89702.0,0.0,0.0,0.0,47,1,1
2021-02-06,1240787.91,940727.48,28524.0,20728.0,141994.0,0.0,0.0,0.0,38,1,1
2021-02-07,1814367.53,1394396.68,25884.0,19478.0,129366.0,0.0,0.0,0.0,47,1,1
2021-02-08,1325809.68,1131072.08,22937.0,17347.0,83607.0,0.0,0.0,0.0,44,1,1
2021-02-09,1448124.96,1194857.77,22393.0,18180.0,108739.0,0.0,0.0,0.0,52,1,1
2021-02-10,1851743.73,1575581.32,21106.0,16559.0,98582.0,0.0,0.0,0.0,54,1,1
2021-02-11,1689417.95,1396084.38,23164.0,18564.0,120219.0,0.0,0.0,0.0,47,1,1
2021-02-12,1983824.96,1679342.84,20050.0,15090.0,103675.0,0.0,0.0,0.0,55,1,1
2021-02-13,1986462.63,1556559.62,20675.0,16310.0,86780.0,0.0,0.0,0.0,63,1,1
2021-02-14,2942830.48,2472928.79,19107.0,14102.0,97327.0,0.0,0.0,0.0,75,1,1
2021-02-15,3142099.08,2531323.24,21007.0,16081.0,68470.0,0.0,0.0,0.0,93,1,1
2021-02-16,1874868.49,1645455.89,24988.0,18787.0,98983.0,0.0,0.0,0.0,69,1,1
2021-02-17,2468895.03,1948858.13,27259.0,21684.0,107385.0,0.0,0.0,0.0,74,1,1
2021-02-18,1729200.62,1374282.0,23888.0,19308.0,121845.0,0.0,0.0,0.0,60,1,1
2021-02-19,2485137.46,1894234.27,20136.0,15365.0,97088.0,0.0,0.0,0.0,63,1,1
2021-02-20,2510521.11,1978226.96,22514.0,16093.0,81093.0,0.0,0.0,0.0,70,1,1
2021-02-21,2673937.37,2158355.9,24929.0,19918.0,113473.0,0.0,0.0,0.0,82,1,1
2021-02-22,3295922.4,2680528.93,21488.0,16743.0,88253.0,0.0,0.0,0.0,106,1,1
2021-02-23,4952064.84,3886168.63,23227.0,17758.0,110633.0,0.0,0.0,0.0,123,1,1
2021-02-24,2880648.13,2377495.5,24814.0,18311.0,109543.0,0.0,0.0,0.0,86,1,1
2021-02-25,5675843.97,4598510.35,25641.0,19004.0,117903.0,0.0,0.0,0.0,165,1,1
2021-02-26,3813868.44,3118356.14,20529.0,16603.0,85164.0,0.0,0.0,0.0,120,1,1
2021-02-27,3241854.71,2733660.27,22079.0,15987.0,117948.0,0.0,0.0,0.0,102,1,1
2021-02-28,2348995.75,1901704.24,26771.0,19046.0,121825.0,257.12045454545455,2797.0,288.0,75,1,1
2021-03-01,1942260.67,1595206.21,30058.0,23636.0,139274.0,0.0,0.0,0.0,68,1,1
2021-03-02,679248.37,536287.19,34281.0,27865.0,150636.0,0.0,0.0,0.0,14,0,0
2021-03-03,1202803.22,982110.07,37125.0,27617.0,174633.0,0.0,0.0,0.0,42,0,0
2021-03-04,2188811.67,1718125.54,34850.0,24960.0,180481.0,0.0,0.0,0.0,77,0,0
2021-03-05,1350969.16,1101818.84,34458.0,27269.0,136717.0,0.0,0.0,0.0,55,0,0
2021-03-06,1702498.76,1385168.73,33670.0,27371.0,133076.0,0.0,0.0,0.0,58,0,0
2021-03-07,2475099.15,2022240.35,36948.0,28600.0,157069.0,0.0,0.0,0.0,87,0,0
2021-03-08,2765984.78,2054703.58,35780.0,27855.0,140464.0,0.0,0.0,0.0,89,0,0
2021-03-09,2910840.37,2318282.64,31141.0,22131.0,156070.0,0.0,0.0,0.0,88,0,0
2021-03-10,2793536.43,2183321.72,37934.0,26752.0,195688.0,0.0,0.0,0.0,103,0,0
2021-03-11,4291688.17,3434300.04,34349.0,26011.0,168223.0,0.0,0.0,0.0,131,0,0
2021-03-12,4134860.06,3361961.81,32364.0,23561.0,105747.0,0.0,0.0,0.0,137,0,0
2021-03-13,2417371.88,1968099.73,31175.0,24629.0,112065.0,0.0,0.0,0.0,87,0,0
2021-03-14,2889680.59,2334076.0,30999.0,25273.0,114789.0,0.0,0.0,0.0,97,0,0
2021-03-15,3654509.31,2866925.36,31562.0,23684.0,161584.0,0.0,0.0,0.0,117,0,0
2021-03-16,4008350.11,3320217.27,30694.0,24351.0,159810.0,0.0,0.0,0.0,122,0,0
2021-03-17,4400411.89,3480694.63,31897.0,25392.0,170214.0,0.0,0.0,0.0,141,0,0
2021-03-18,5516765.31,4537155.51,35408.0,28839.0,182242.0,0.0,0.0,0.0,189,1,1
2021-03-19,3614457.51,2975958.79,34760.0,28067.0,120473.0,0.0,0.0,0.0,138,1,1
2021-03-20,3232018.55,2766387.35,31417.0,24295.0,126393.0,0.0,0.0,0.0,103,1,1
2021-03-21,2822145.24,2475231.8,34445.0,26647.0,124002.0,0.0,0.0,0.0,103,1,1
2021-03-22,3923103.49,3698730.81,33491.0,26683.0,121744.0,0.0,0.0,0.0,143,1,1
2021-03-23,4222620.69,3768846.71,28368.0,20831.0,105036.0,0.0,0.0,0.0,147,1,1
2021-03-24,4003647.57,3639438.17,28378.0,21514.0,109227.0,0.0,0.0,0.0,141,1,1
2021-03-25,4847687.37,4322456.49,36949.0,28753.0,161932.0,0.0,0.0,0.0,189,1,1
2021-03-26,4034615.27,3623284.41,31567.0,22349.0,122036.0,0.0,0.0,0.0,162,1,1
2021-03-27,3612774.77,3405524.2,32631.0,23595.0,147924.0,0.0,0.0,0.0,135,1,1
2021-03-28,3528929.89,3193051.24,30890.0,23435.0,161355.0,0.0,0.0,0.0,147,1,1
2021-03-29,4090090.6,3735223.94,34658.0,26535.0,185511.0,0.0,0.0,0.0,180,1,1
2021-03-30,10795905.35,9875208.04,27851.0,21589.0,134872.0,0.0,0.0,0.0,368,1,1
2021-03-31,9220320.43,8547874.84,30899.0,22549.0,126799.0,220.1306715063521,5113.0,362.0,348,1,1
2021-04-01,9027075.84,8225391.38,41841.0,33400.0,158113.0,0.0,0.0,0.0,338,1,1
2021-04-02,7866035.23,7228630.89,44123.0,31584.0,214010.0,0.0,0.0,0.0,307,1,1
2021-04-03,7594752.42,7064149.71,41643.0,30558.0,161901.0,0.0,0.0,0.0,253,1,1
2021-04-04,1720555.46,1597615.49,39805.0,28128.0,200899.0,0.0,0.0,0.0,61,1,1
2021-04-05,2665962.66,2489752.36,47943.0,35534.0,209958.0,0.0,0.0,0.0,87,1,1
2021-04-06,2627509.32,2395678.58,44337.0,34814.0,229084.0,0.0,0.0,0.0,76,1,1
2021-04-07,3504391.02,3200078.0,42648.0,32357.0,157589.0,0.0,0.0,0.0,114,1,1
2021-04-08,3026850.22,2768519.33,46956.0,35299.0,239902.0,0.0,0.0,0.0,95,1,1
2021-04-09,3110153.27,2714930.73,45568.0,33443.0,193914.0,0.0,0.0,0.0,93,1,1
2021-04-10,2505766.01,2142941.81,42541.0,34382.0,205786.0,0.0,0.0,0.0,88,1,1
2021-04-11,2755337.37,2528446.54,43154.0,32111.0,138797.0,0.0,0.0,0.0,97,1,1
2021-04-12,3206411.87,3006280.88,47621.0,35359.0,182817.0,0.0,0.0,0.0,116,1,1
2021-04-13,3231903.43,2897501.76,43787.0,33075.0,237704.0,0.0,0.0,0.0,121,1,1
2021-04-14,5218947.03,4826353.96,41868.0,33201.0,218893.0,0.0,0.0,0.0,166,1,1
2021-04-15,4270735.63,3783812.65,46066.0,36105.0,162617.0,0.0,0.0,0.0,141,1,1
2021-04-16,3735241.12,3308841.35,43728.0,33236.0,155174.0,0.0,0.0,0.0,109,1,1
2021-04-17,3800876.52,3259298.49,47170.0,34731.0,171205.0,0.0,0.0,0.0,113,1,1
2021-04-18,4448113.81,3495208.68,42920.0,32739.0,155375.0,0.0,0.0,0.0,120,0,0
2021-04-19,3468512.12,2925337.15,48473.0,38183.0,183223.0,0.0,0.0,0.0,109,0,0
2021-04-20,4030055.78,3186833.6,42582.0,31626.0,150485.0,0.0,0.0,0.0,128,0,0
2021-04-21,5244905.44,4141247.89,37415.0,28122.0,137412.0,0.0,0.0,0.0,152,0,0
2021-04-22,4635126.49,3691630.05,44828.0,33107.0,221933.0,0.0,0.0,0.0,138,0,0
2021-04-23,2503702.41,1966755.8,41069.0,30398.0,194843.0,0.0,0.0,0.0,96,0,0
2021-04-24,3966260.92,3199689.13,45034.0,36788.0,211215.0,0.0,0.0,0.0,126,0,0
2021-04-25,4545990.29,3630097.75,50274.0,40430.0,254833.0,0.0,0.0,0.0,131,0,0
2021-04-26,4718077.11,3814996.18,40077.0,31568.0,164581.0,0.0,0.0,0.0,140,0,0
2021-04-27,5303542.87,4355535.28,43799.0,31642.0,206019.0,0.0,0.0,0.0,160,0,0
2021-04-28,5606431.49,4335482.99,47571.0,33983.0,212630.0,0.0,0.0,0.0,193,0,0
2021-04-29,9535515.05,7714922.63,46907.0,33983.0,162107.0,0.0,0.0,0.0,272,0,0
2021-04-30,6962149.33,5622679.65,50714.0,40411.0,194628.0,221.65693430656935,6404.0,373.0,206,0,0
2021-05-01,6555221.49,5276005.92,38587.0,27949.0,180978.0,0.0,0.0,0.0,182,0,0
2021-05-02,5301495.07,4383106.98,39941.0,31361.0,128241.0,0.0,0.0,0.0,167,0,0
2021-05-03,3778243.02,3051862.47,47936.0,36124.0,207575.0,0.0,0.0,0.0,119,0,0
2021-05-04,1930133.97,1605646.92,40128.0,32736.0,172741.0,0.0,0.0,0.0,60,0,0
2021-05-05,2491751.76,1992920.65,42121.0,33188.0,224669.0,0.0,0.0,0.0,75,0,0
2021-05-06,3090364.98,2462408.5,38251.0,30338.0,146607.0,0.0,0.0,0.0,101,0,0
2021-05-07,3099539.75,2583097.98,40597.0,32930.0,186760.0,0.0,0.0,0.0,82,0,0
2021-05-08,2448108.31,2024581.03,42180.0,30797.0,202495.0,0.0,0.0,0.0,79,0,0
2021-05-09,3801718.87,3192875.3,47574.0,36687.0,221606.0,0.0,0.0,0.0,104,0,0
2021-05-10,3546216.71,2807669.46,40689.0,28723.0,146918.0,0.0,0.0,0.0,106,0,0
2021-05-11,3323078.36,2752138.51,41632.0,30068.0,216979.0,0.0,0.0,0.0,100,0,0
2021-05-12,4782841.68,3847828.01,40035.0,31679.0,173943.0,0.0,0.0,0.0,147,0,0
2021-05-13,5666923.8,4709813.19,44172.0,33131.0,145415.0,0.0,0.0,0.0,184,0,0
2021-05-14,5250104.11,4258778.21,41669.0,29288.0,220903.0,0.0,0.0,0.0,164,0,0
2021-05-15,3858160.76,3146686.62,44877.0,32359.0,163408.0,0.0,0.0,0.0,114,0,0
2021-05-16,3981359.06,3199505.04,46038.0,32930.0,178309.0,0.0,0.0,0.0,125,0,0
2021-05-17,4684806.7,3826508.17,40445.0,29227.0,133550.0,0.0,0.0,0.0,134,0,0
2021-05-18,3549112.31,2889339.05,40506.0,32133.0,144075.0,0.0,0.0,0.0,109,0,0
2021-05-19,4795038.58,3840346.57,40499.0,31915.0,191765.0,0.0,0.0,0.0,135,0,0
2021-05-20,5057797.75,4088691.43,48008.0,34549.0,234218.0,0.0,0.0,0.0,156,0,0
2021-05-21,5434543.62,4271132.76,40494.0,30867.0,207787.0,0.0,0.0,0.0,157,0,0
2021-05-22,4310539.38,3526722.84,36963.0,28930.0,152131.0,0.0,0.0,0.0,128,0,0
2021-05-23,3846392.54,3086892.89,45854.0,34982.0,172164.0,0.0,0.0,0.0,122,0,0
2021-05-24,3987573.28,3177252.48,44500.0,33428.0,223584.0,0.0,0.0,0.0,113,0,0
2021-05-25,3822459.48,3142554.15,40082.0,28264.0,149247.0,0.0,0.0,0.0,109,0,0
2021-05-26,4915453.17,4056932.97,45774.0,37206.0,211861.0,0.0,0.0,0.0,151,0,0
2021-05-27,7320510.07,6048379.93,35745.0,28000.0,177423.0,0.0,0.0,0.0,206,0,0
2021-05-28,6925957.27,5561587.62,41259.0,31125.0,152716.0,0.0,0.0,0.0,201,0,0
2021-05-29,4630943.52,3787091.31,30460.0,22820.0,165532.0,0.0,0.0,0.0,139,0,0
2021-05-30,8887935.6,7274840.31,36841.0,26242.0,147220.0,0.0,0.0,0.0,265,0,0
2021-05-31,7996369.9,6466327.4,44156.0,33751.0,169380.0,239.14867617107942,5446.0,348.0,233,0,0
2021-06-01,7479521.04,6141761.22,40847.0,32094.0,213982.0,0.0,0.0,0.0,214,0,0
2021-06-02,6960798.21,5572082.02,42831.0,31013.0,182212.0,0.0,0.0,0.0,214,0,0
2021-06-03,6367799.03,5139667.32,48600.0,38637.0,184769.0,0.0,0.0,0.0,188,0,0
2021-06-04,2524112.16,2097669.41,44701.0,32417.0,226819.0,0.0,0.0,0.0,70,0,0
2021-06-05,2884765.01,2262050.61,46818.0,37746.0,238843.0,0.0,0.0,0.0,87,0,0
2021-06-06,3795966.84,3084551.9,40909.0,32161.0,150967.0,0.0,0.0,0.0,107,0,0
2021-06-07,3757477.99,3136794.28,46202.0,33516.0,198783.0,0.0,0.0,0.0,116,0,0
2021-06-08,3948452.32,3177527.58,45781.0,37084.0,219913.0,0.0,0.0,0.0,105,0,0
2021-06-09,3733884.76,3009506.21,34088.0,27887.0,130269.0,0.0,0.0,0.0,124,0,0
2021-06-10,3994102.54,3220973.51,44249.0,32430.0,217077.0,0.0,0.0,0.0,120,0,0
2021-06-11,3221511.31,2622379.46,44246.0,32772.0,164717.0,0.0,0.0,0.0,91,0,0
2021-06-12,3618435.07,2920008.48,44378.0,35506.0,154157.0,0.0,0.0,0.0,116,0,0
2021-06-13,3349171.43,2778202.9,42050.0,31300.0,215993.0,0.0,0.0,0.0,99,0,0
2021-06-14,4007931.92,3159812.63,46537.0,36237.0,246126.0,0.0,0.0,0.0,116,0,0
2021-06-15,4162142.95,3326425.2,44310.0,31547.0,210222.0,0.0,0.0,0.0,127,0,0
2021-06-16,4740156.23,3752544.13,44337.0,35817.0,229232.0,0.0,0.0,0.0,155,0,0
2021-06-17,5807751.43,4698668.17,47460.0,37553.0,238402.0,0.0,0.0,0.0,160,0,0
2021-06-18,4316861.14,3463681.18,43011.0,34964.0,202414.0,0.0,0.0,0.0,110,0,0
2021-06-19,3596996.21,3016398.92,43105.0,35045.0,148637.0,0.0,0.0,0.0,101,0,0
2021-06-20,3113780.62,2502341.31,45601.0,33536.0,218671.0,0.0,0.0,0.0,99,0,0
2021-06-21,3454322.45,2831163.45,50225.0,40208.0,255212.0,0.0,0.0,0.0,100,0,0
2021-06-22,3814525.81,3072656.32,44414.0,35172.0,231173.0,0.0,0.0,0.0,113,0,0
2021-06-23,5129834.24,4258385.56,40031.0,31413.0,139944.0,0.0,0.0,0.0,155,1,1
2021-06-24,5015283.26,4491924.42,46126.0,36500.0,189683.0,0.0,0.0,0.0,140,1,1
2021-06-25,3255836.16,2807033.14,38862.0,30258.0,150660.0,0.0,0.0,0.0,108,1,1
2021-06-26,3202321.56,2946230.91,38286.0,28676.0,174622.0,0.0,0.0,0.0,118,1,1
2021-06-27,3938214.81,3832008.26,49137.0,39354.0,260766.0,0.0,0.0,0.0,135,1,1
2021-06-28,4255543.96,4082242.05,46294.0,35882.0,202773.0,0.0,0.0,0.0,150,1,1
2021-06-29,5907160.01,5911751.11,40996.0,30081.0,215178.0,0.0,0.0,0.0,216,1,1
2021-06-30,5094915.79,4949985.1,45773.0,33294.0,233584.0,223.15769230769232,5673.0,364.0,209,1,1
2021-07-01,4975867.15,5024857.74,37571.0,29901.0,180410.0,0.0,0.0,0.0,197,1,1
2021-07-02,4397949.68,4326458.07,33233.0,27127.0,152049.0,0.0,0.0,0.0,172,1,1
2021-07-03,3132513.38,3101143.37,35152.0,24966.0,184088.0,0.0,0.0,0.0,116,1,1
2021-07-04,730601.15,647312.84,32810.0,24267.0,170944.0,0.0,0.0,0.0,28,1,1
2021-07-05,1878817.85,1927429.12,29990.0,21941.0,119299.0,0.0,0.0,0.0,64,1,1
2021-07-06,1616214.16,1626948.22,31012.0,23158.0,156722.0,0.0,0.0,0.0,56,1,1
2021-07-07,1741509.6,1715092.93,30311.0,24007.0,123602.0,0.0,0.0,0.0,64,1,1
2021-07-08,2563149.38,2518109.42,33426.0,25458.0,118185.0,0.0,0.0,0.0,86,1,1
2021-07-09,2685812.87,2706650.91,34217.0,25366.0,174288.0,0.0,0.0,0.0,98,1,1
2021-07-10,2524108.8,2448068.41,31779.0,22917.0,150809.0,0.0,0.0,0.0,91,1,1
2021-07-11,2592712.85,2553763.2,30443.0,23946.0,142310.0,0.0,0.0,0.0,86,1,1
2021-07-12,3123873.5,3108780.0,34467.0,27984.0,123706.0,0.0,0.0,0.0,95,1,1
2021-07-13,2650746.43,2549076.58,34885.0,25203.0,146821.0,0.0,0.0,0.0,85,1,1
2021-07-14,2970833.54,2785803.91,38621.0,27441.0,155193.0,0.0,0.0,0.0,104,1,1
2021-07-15,3628282.86,3639556.87,34804.0,27447.0,145288.0,0.0,0.0,0.0,126,1,1
2021-07-16,2768513.94,2780496.25,33529.0,24745.0,133076.0,0.0,0.0,0.0,103,1,1
2021-07-17,2453122.24,2399937.97,34590.0,25085.0,138564.0,0.0,0.0,0.0,94,1,1
2021-07-18,2827723.47,2930478.35,38368.0,30559.0,130106.0,0.0,0.0,0.0,95,1,1
2021-07-19,2859598.56,2696150.18,34197.0,26768.0,167299.0,0.0,0.0,0.0,92,1,1
2021-07-20,3389960.06,3045138.98,30516.0,22658.0,113914.0,0.0,0.0,0.0,94,1,1
2021-07-21,3336465.66,2928248.05,33646.0,23848.0,179592.0,0.0,0.0,0.0,99,1,1
2021-07-22,4388007.92,3796262.13,32412.0,25523.0,158492.0,0.0,0.0,0.0,131,1,1
2021-07-23,4385215.41,3753800.99,32445.0,26329.0,134930.0,0.0,0.0,0.0,109,0,0
2021-07-24,2294305.45,1930929.33,31592.0,25814.0,118083.0,0.0,0.0,0.0,79,0,0
2021-07-25,2549303.61,2173412.06,35455.0,26715.0,120481.0,0.0,0.0,0.0,68,0,0
2021-07-26,3676952.36,2918564.14,33451.0,23825.0,147504.0,0.0,0.0,0.0,102,0,0
2021-07-27,3460197.23,2857159.07,33644.0,23932.0,164830.0,0.0,0.0,0.0,86,0,0
2021-07-28,4046860.27,3235448.81,34683.0,25833.0,113756.0,0.0,0.0,0.0,112,0,0
2021-07-29,5547857.68,4566302.38,32982.0,24449.0,136497.0,0.0,0.0,0.0,148,0,0
2021-07-30,6548042.77,6322433.77,36061.0,26735.0,140586.0,0.0,0.0,0.0,217,1,1
2021-07-31,5256382.47,5446793.9,29917.0,22395.0,154337.0,242.42283298097252,4425.0,311.0,195,1,1
2021-08-01,3652376.75,4109973.08,37105.0,27725.0,195190.0,0.0,0.0,0.0,149,1,1
2021-08-02,4399616.65,4886236.3,42139.0,33273.0,143292.0,0.0,0.0,0.0,159,1,1
2021-08-03,2422462.49,3359505.36,34871.0,28444.0,134855.0,0.0,0.0,0.0,121,1,1
2021-08-04,1157658.1,1697391.73,42489.0,31819.0,211792.0,0.0,0.0,0.0,65,1,1
2021-08-05,1482037.52,2026425.65,37593.0,29342.0,166972.0,0.0,0.0,0.0,76,1,1
2021-08-06,1591502.8,2374360.64,41901.0,33170.0,150778.0,0.0,0.0,0.0,81,1,1
2021-08-07,1632328.25,2336736.46,36018.0,27276.0,115308.0,0.0,0.0,0.0,70,1,1
2021-08-08,1411882.22,1918090.72,39567.0,31128.0,138739.0,0.0,0.0,0.0,68,1,1
2021-08-09,1376421.76,2167285.81,39113.0,27660.0,163795.0,0.0,0.0,0.0,64,1,1
2021-08-10,1581357.61,2246981.07,39302.0,29245.0,155199.0,0.0,0.0,0.0,84,1,1
2021-08-11,1740229.21,2604985.61,30995.0,24667.0,159578.0,0.0,0.0,0.0,86,1,1
2021-08-12,2480973.68,3548924.53,38269.0,29771.0,208637.0,0.0,0.0,0.0,117,1,1
2021-08-13,2199306.57,3444159.74,37306.0,29688.0,123156.0,0.0,0.0,0.0,99,1,1
2021-08-14,1494099.71,1993428.41,37592.0,29767.0,175016.0,0.0,0.0,0.0,82,1,1
2021-08-15,1862118.62,2645589.05,39171.0,29071.0,146883.0,0.0,0.0,0.0,82,1,1
2021-08-16,2220064.67,3319453.91,42739.0,32073.0,186199.0,0.0,0.0,0.0,91,1,1
2021-08-17,2263302.37,3320429.89,35832.0,25317.0,135797.0,0.0,0.0,0.0,97,1,1
2021-08-18,1875383.97,2630473.94,33929.0,26293.0,149882.0,0.0,0.0,0.0,84,1,1
2021-08-19,2535597.13,3644326.12,34659.0,26539.0,156110.0,0.0,0.0,0.0,128,1,1
2021-08-20,2553183.49,3860236.79,36779.0,28824.0,123466.0,0.0,0.0,0.0,120,1,1
2021-08-21,1453356.23,2098001.94,35239.0,27158.0,150437.0,0.0,0.0,0.0,81,1,1
2021-08-22,1640268.07,2295711.5,33822.0,26677.0,184931.0,0.0,0.0,0.0,92,1,1
2021-08-23,1883869.71,2626041.33,41170.0,32849.0,199026.0,0.0,0.0,0.0,96,1,1
2021-08-24,1836322.27,2808012.6,33874.0,25023.0,154508.0,0.0,0.0,0.0,92,1,1
2021-08-25,1939866.54,2821994.79,42700.0,33671.0,212858.0,0.0,0.0,0.0,110,1,1
2021-08-26,1886569.08,2959216.09,44382.0,33320.0,172425.0,0.0,0.0,0.0,95,1,1
2021-08-27,1662732.77,2371412.62,31425.0,25653.0,154963.0,0.0,0.0,0.0,93,1,1
2021-08-28,1664938.51,2453257.65,40471.0,32901.0,163592.0,0.0,0.0,0.0,75,1,1
2021-08-29,4443078.33,6342118.62,38145.0,28063.0,192572.0,0.0,0.0,0.0,216,1,1
2021-08-30,3996164.3,5499176.03,41162.0,33329.0,194304.0,0.0,0.0,0.0,183,1,2
2021-08-31,3940957.44,5240978.22,41421.0,33047.0,200812.0,228.21971252566735,4784.0,346.0,169,1,2
2021-09-01,3579634.39,4583108.31,27326.0,19208.0,99898.0,0.0,0.0,0.0,162,1,2
2021-09-02,3917618.96,4722341.9,28236.0,21778.0,94116.0,0.0,0.0,0.0,160,1,2
2021-09-03,1070973.42,1003268.02,26551.0,19907.0,108115.0,0.0,0.0,0.0,36,1,1
2021-09-04,1839742.83,1710231.68,24298.0,18434.0,117729.0,0.0,0.0,0.0,48,1,1
2021-09-05,1682890.37,1626164.36,28062.0,21856.0,117356.0,0.0,0.0,0.0,45,1,1
2021-09-06,2097434.58,1931198.13,28771.0,21226.0,117131.0,0.0,0.0,0.0,68,1,1
2021-09-07,2244132.38,1986738.71,23373.0,16735.0,88001.0,0.0,0.0,0.0,69,1,1
2021-09-08,3716975.63,3437593.72,29427.0,23808.0,114276.0,0.0,0.0,0.0,100,1,1
2021-09-09,2187074.96,2082447.03,25832.0,18779.0,102486.0,0.0,0.0,0.0,57,1,1
2021-09-10,1980857.12,1821707.08,24570.0,18030.0,128972.0,0.0,0.0,0.0,64,1,1
2021-09-11,1547495.48,1455524.4,22915.0,16946.0,78615.0,0.0,0.0,0.0,51,1,1
2021-09-12,2102573.99,1909199.54,24856.0,18243.0,109179.0,0.0,0.0,0.0,71,1,1
2021-09-13,2488502.06,2265837.09,26951.0,20849.0,129532.0,0.0,0.0,0.0,82,1,1
2021-09-14,2715006.68,2532491.32,26127.0,19448.0,125476.0,0.0,0.0,0.0,96,1,1
2021-09-15,3275643.47,3007258.03,27170.0,22258.0,90013.0,0.0,0.0,0.0,96,1,1
2021-09-16,1853200.26,1657780.29,24544.0,20042.0,109761.0,0.0,0.0,0.0,65,1,1
2021-09-17,2031900.2,1889074.28,27224.0,19381.0,129910.0,0.0,0.0,0.0,68,1,1
2021-09-18,1910747.73,1785651.61,25797.0,18347.0,105109.0,0.0,0.0,0.0,68,1,1
2021-09-19,1952437.84,1794752.16,26670.0,21014.0,95312.0,0.0,0.0,0.0,58,1,1
2021-09-20,2307149.39,2140377.91,27194.0,19545.0,107817.0,0.0,0.0,0.0,81,1,1
2021-09-21,3210995.34,2839955.92,28567.0,20425.0,111680.0,0.0,0.0,0.0,95,1,1
2021-09-22,2518917.94,2299264.05,23720.0,19155.0,125345.0,0.0,0.0,0.0,84,1,1
2021-09-23,2220736.52,2001371.7,28950.0,21182.0,140514.0,0.0,0.0,0.0,67,1,1
2021-09-24,2008968.22,1790130.16,25544.0,19883.0,116993.0,0.0,0.0,0.0,62,1,1
2021-09-25,2281967.32,2112780.84,28614.0,21314.0,124020.0,0.0,0.0,0.0,70,1,1
2021-09-26,1602075.57,1461503.99,26085.0,20400.0,95877.0,0.0,0.0,0.0,58,1,1
2021-09-27,3058684.14,2864098.57,27562.0,22060.0,142951.0,0.0,0.0,0.0,95,1,1
2021-09-28,4749132.81,4287087.43,28001.0,21001.0,103029.0,0.0,0.0,0.0,139,1,1
2021-09-29,3184253.74,2793067.38,29661.0,23727.0,120596.0,0.0,0.0,0.0,116,1,1
2021-09-30,3504126.92,3102295.47,28475.0,21959.0,148954.0,243.2577777777778,3262.0,290.0,100,1,1
2021-10-01,2465559.4,2269641.63,24386.0,17960.0,123393.0,0.0,0.0,0.0,83,1,1
2021-10-02,2584886.96,2309451.71,21410.0,15691.0,111539.0,0.0,0.0,0.0,80,1,1
2021-10-03,920334.15,789349.71,22289.0,18269.0,72630.0,0.0,0.0,0.0,23,0,0
2021-10-04,1043382.83,864297.5,21958.0,16903.0,103019.0,0.0,0.0,0.0,37,0,0
2021-10-05,1440909.2,1238586.01,22060.0,17666.0,72399.0,0.0,0.0,0.0,44,0,0
2021-10-06,1793088.31,1465294.6,20869.0,16523.0,75300.0,0.0,0.0,0.0,57,0,0
2021-10-07,1826196.69,1497790.82,24821.0,18161.0,83730.0,0.0,0.0,0.0,44,0,0
2021-10-08,1613264.94,1325310.58,19762.0,13894.0,102451.0,0.0,0.0,0.0,48,0,0
2021-10-09,1794510.68,1447840.15,18870.0,14640.0,73117.0,0.0,0.0,0.0,49,0,0
2021-10-10,1883117.98,1559914.53,21359.0,15899.0,93665.0,0.0,0.0,0.0,45,0,0
2021-10-11,2300450.29,1848634.77,23411.0,17978.0,128488.0,0.0,0.0,0.0,61,0,0
2021-10-12,1567144.44,1334199.42,19294.0,15019.0,96700.0,0.0,0.0,0.0,43,0,0
2021-10-13,1918678.27,1624278.45,19477.0,15122.0,105026.0,0.0,0.0,0.0,63,0,0
2021-10-14,2148334.67,1733671.89,21776.0,17637.0,87008.0,0.0,0.0,0.0,63,0,0
2021-10-15,1900056.41,1665667.16,22446.0,16346.0,89558.0,0.0,0.0,0.0,48,0,0
2021-10-16,2106301.79,1750771.11,24812.0,18137.0,128060.0,0.0,0.0,0.0,55,0,0
2021-10-17,2495144.25,2124471.09,20591.0,15415.0,74234.0,0.0,0.0,0.0,67,0,0
2021-10-18,2029589.44,1714394.15,21604.0,16693.0,98358.0,0.0,0.0,0.0,57,0,0
2021-10-19,1794195.22,1443278.64,22443.0,16563.0,96730.0,0.0,0.0,0.0,54,0,0
2021-10-20,2748359.42,2249708.28,20905.0,16187.0,89875.0,0.0,0.0,0.0,80,0,0
2021-10-21,1715238.6,1425166.31,22586.0,17775.0,77577.0,0.0,0.0,0.0,51,0,0
2021-10-22,2513749.87,2045877.61,24218.0,19711.0,114397.0,0.0,0.0,0.0,65,0,0
2021-10-23,1853822.02,1521941.02,21880.0,16024.0,73662.0,0.0,0.0,0.0,47,0,0
2021-10-24,2201542.06,1879343.83,21229.0,17267.0,81196.0,0.0,0.0,0.0,69,0,0
2021-10-25,2021989.32,1646748.37,23224.0,16717.0,114672.0,0.0,0.0,0.0,52,0,0
2021-10-26,2162674.08,1776598.49,24639.0,17733.0,80324.0,0.0,0.0,0.0,52,0,0
2021-10-27,2151921.73,1803290.61,18866.0,13558.0,98028.0,0.0,0.0,0.0,56,0,0
2021-10-28,2489853.45,2036708.17,20437.0,15921.0,98377.0,0.0,0.0,0.0,69,0,0
2021-10-29,3746325.95,3090953.59,23463.0,19019.0,128387.0,0.0,0.0,0.0,103,0,0
2021-10-30,3434826.63,2965454.49,21242.0,16732.0,74585.0,0.0,0.0,0.0,80,0,0
2021-10-31,3026687.11,2545466.76,19649.0,15891.0,86079.0,243.51627906976745,2549.0,279.0,86,0,0
2021-11-01,2926691.09,2398381.34,20235.0,14266.0,81756.0,0.0,0.0,0.0,83,0,0
2021-11-02,3072730.67,2536221.43,17580.0,13040.0,95858.0,0.0,0.0,0.0,82,0,0
2021-11-03,1262904.96,1055921.75,19842.0,14973.0,105035.0,0.0,0.0,0.0,45,0,0
2021-11-04,1344901.28,1136391.76,17473.0,13578.0,83632.0,0.0,0.0,0.0,39,0,0
2021-11-05,1257605.18,1084704.98,20400.0,15416.0,95780.0,0.0,0.0,0.0,41,0,0
2021-11-06,2093872.9,1714441.6,17302.0,12568.0,70438.0,0.0,0.0,0.0,58,0,0
2021-11-07,942802.49,782264.44,18751.0,13247.0,74916.0,0.0,0.0,0.0,36,0,0
2021-11-08,2064680.43,1687466.21,19651.0,14673.0,90100.0,0.0,0.0,0.0,51,0,0
2021-11-09,2462296.67,2100076.52,16554.0,11704.0,63719.0,0.0,0.0,0.0,66,0,0
2021-11-10,1774844.23,1518855.62,16316.0,11438.0,69694.0,0.0,0.0,0.0,50,0,0
2021-11-11,1412638.65,1123822.69,17054.0,12407.0,64947.0,0.0,0.0,0.0,40,0,0
2021-11-12,1777590.33,1460783.5,17407.0,12320.0,64158.0,0.0,0.0,0.0,50,0,0
2021-11-13,1291079.97,1073274.92,18928.0,13455.0,84772.0,0.0,0.0,0.0,44,0,0
2021-11-14,1228705.01,1065683.97,18386.0,13522.0,80295.0,0.0,0.0,0.0,45,0,0
2021-11-15,1206377.91,983743.19,19029.0,14409.0,87572.0,0.0,0.0,0.0,41,0,0
2021-11-16,2106714.51,1725304.97,16503.0,12928.0,78077.0,0.0,0.0,0.0,60,0,0
2021-11-17,1531889.09,1349321.43,19729.0,16006.0,74286.0,0.0,0.0,0.0,44,0,0
2021-11-18,1661241.07,1433114.76,18086.0,13283.0,95314.0,0.0,0.0,0.0,47,1,1
2021-11-19,1253389.32,1095039.04,20121.0,16204.0,81355.0,0.0,0.0,0.0,41,1,1
2021-11-20,1071404.44,1040227.2,18493.0,13334.0,98514.0,0.0,0.0,0.0,29,1,1
2021-11-21,1222908.7,1238315.19,19555.0,14372.0,70710.0,0.0,0.0,0.0,40,1,1
2021-11-22,1558297.56,1613383.51,20461.0,16499.0,82338.0,0.0,0.0,0.0,66,1,1
2021-11-23,1613168.79,1629011.23,18415.0,13258.0,73460.0,0.0,0.0,0.0,60,1,1
2021-11-24,1665269.85,1709718.17,17455.0,13583.0,92249.0,0.0,0.0,0.0,50,1,1
2021-11-25,1278003.36,1305823.05,18638.0,14070.0,99028.0,0.0,0.0,0.0,47,1,1
2021-11-26,970756.2,1019443.98,17760.0,13626.0,72802.0,0.0,0.0,0.0,42,1,1
2021-11-27,1407280.07,1519826.79,16640.0,12984.0,56761.0,0.0,0.0,0.0,55,1,1
2021-11-28,2359645.42,2324536.28,19450.0,15869.0,85349.0,0.0,0.0,0.0,108,1,1
2021-11-29,1830856.99,1894919.03,21295.0,15967.0,82166.0,0.0,0.0,0.0,67,1,1
2021-11-30,2987950.32,3045686.15,15377.0,11989.0,55274.0,263.81748071979433,2334.0,263.0,103,1,1
2021-12-01,1881588.13,1920538.46,19054.0,13537.0,65331.0,0.0,0.0,0.0,78,1,1
2021-12-02,1911470.99,1996362.17,17604.0,12796.0,62792.0,0.0,0.0,0.0,75,1,1
2021-12-03,586748.17,626899.33,21253.0,15423.0,81710.0,0.0,0.0,0.0,22,1,1
2021-12-04,819389.63,787101.35,21716.0,16391.0,95580.0,0.0,0.0,0.0,38,1,1
2021-12-05,1101768.07,1082761.55,18397.0,14224.0,70529.0,0.0,0.0,0.0,42,1,1
2021-12-06,1167887.5,1132700.46,20668.0,15918.0,67398.0,0.0,0.0,0.0,43,1,1
2021-12-07,708706.53,724333.47,21840.0,15330.0,102200.0,0.0,0.0,0.0,34,1,1
2021-12-08,919265.14,968146.91,23815.0,17342.0,90722.0,0.0,0.0,0.0,42,1,1
2021-12-09,999032.78,1047782.72,20773.0,16717.0,100580.0,0.0,0.0,0.0,42,1,1
2021-12-10,1214991.34,1243394.6,22104.0,16530.0,117774.0,0.0,0.0,0.0,54,1,1
2021-12-11,948995.31,997983.77,17639.0,12442.0,89865.0,0.0,0.0,0.0,50,1,1
2021-12-12,1285064.15,1307106.22,21143.0,16020.0,112345.0,0.0,0.0,0.0,48,1,1
2021-12-13,1112918.62,1168775.11,20511.0,15018.0,86240.0,0.0,0.0,0.0,52,1,1
2021-12-14,1821860.68,1884666.84,21633.0,16520.0,93442.0,0.0,0.0,0.0,71,1,1
2021-12-15,1773908.51,1816537.46,21102.0,16384.0,85848.0,0.0,0.0,0.0,72,1,1
2021-12-16,1771984.63,1846296.05,24232.0,18536.0,94060.0,0.0,0.0,0.0,77,1,1
2021-12-17,1463605.82,1523555.95,19112.0,13571.0,77118.0,0.0,0.0,0.0,68,1,1
2021-12-18,1214550.47,1217310.4,18789.0,15217.0,75059.0,0.0,0.0,0.0,58,1,1
2021-12-19,1546435.59,1510053.63,21312.0,17414.0,101787.0,0.0,0.0,0.0,66,1,1
2021-12-20,1676753.39,1642291.41,21881.0,15629.0,75775.0,0.0,0.0,0.0,74,1,1
2021-12-21,2017237.85,2127476.27,20173.0,15661.0,108494.0,0.0,0.0,0.0,87,1,1
2021-12-22,2327738.57,2283587.28,19226.0,15198.0,63765.0,0.0,0.0,0.0,111,1,1
2021-12-23,2415914.18,2480623.5,20108.0,15623.0,98925.0,0.0,0.0,0.0,111,1,1
2021-12-24,1448810.25,1505101.29,17767.0,12442.0,57152.0,0.0,0.0,0.0,64,1,1
2021-12-25,1120986.7,1156338.1,18380.0,13684.0,64150.0,0.0,0.0,0.0,54,1,1
2021-12-26,1317218.46,1338753.3,20335.0,16537.0,76060.0,0.0,0.0,0.0,70,1,1
2021-12-27,1025037.51,986082.95,22747.0,18004.0,95282.0,0.0,0.0,0.0,51,1,1
2021-12-28,1855064.19,1847193.9,21237.0,16164.0,89295.0,0.0,0.0,0.0,83,1,1
2021-12-29,4065184.9,4208667.7,22058.0,17413.0,116727.0,0.0,0.0,0.0,159,1,1
2021-12-30,3842586.5,3948015.94,19928.0,14993.0,101498.0,0.0,0.0,0.0,166,1,1
2021-12-31,3041203.79,3121467.33,18742.0,14095.0,84913.0,229.2207505518764,3438.0,310.0,124,1,1
2022-01-01,2932155.47,3019583.5,17601.0,13989.0,78423.0,0.0,0.0,0.0,112,1,1
2022-01-02,2361965.0,2368851.11,16288.0,12415.0,86736.0,0.0,0.0,0.0,90,1,1
2022-01-03,545563.72,476501.31,15844.0,12119.0,86806.0,0.0,0.0,0.0,19,0,0
2022-01-04,1242319.38,1057834.07,16220.0,11438.0,86962.0,0.0,0.0,0.0,39,0,0
2022-01-05,809977.6,684605.3,17043.0,13448.0,87391.0,0.0,0.0,0.0,27,0,0
2022-01-06,993048.62,827696.4,16845.0,12989.0,54823.0,0.0,0.0,0.0,31,0,0
2022-01-07,1294963.64,1109631.82,16784.0,12436.0,86241.0,0.0,0.0,0.0,31,0,0
2022-01-08,1641747.05,1369252.03,16180.0,11582.0,59841.0,0.0,0.0,0.0,38,0,0
2022-01-09,1706485.37,1491356.56,17607.0,13065.0,83516.0,0.0,0.0,0.0,46,0,0
2022-01-10,2569113.21,2158709.88,13466.0,10626.0,73474.0,0.0,0.0,0.0,50,0,0
2022-01-11,1640806.35,1336967.26,17468.0,14056.0,82324.0,0.0,0.0,0.0,52,0,0
2022-01-12,1775526.5,1506945.6,16161.0,11943.0,67735.0,0.0,0.0,0.0,50,0,0
2022-01-13,1173172.99,946254.56,17441.0,13941.0,74021.0,0.0,0.0,0.0,35,0,0
2022-01-14,1548726.82,1300219.1,18087.0,13318.0,91918.0,0.0,0.0,0.0,42,0,0
2022-01-15,1461990.71,1263054.33,15371.0,11711.0,51050.0,0.0,0.0,0.0,44,0,0
2022-01-16,2064339.13,1781850.02,16172.0,12808.0,57584.0,0.0,0.0,0.0,59,0,0
2022-01-17,1621773.2,1340632.16,17394.0,12263.0,82644.0,0.0,0.0,0.0,48,0,0
2022-01-18,1861205.18,1606509.55,16276.0,13141.0,70085.0,0.0,0.0,0.0,53,0,0
2022-01-19,2020862.53,1738187.82,13271.0,9704.0,63114.0,0.0,0.0,0.0,65,0,0
2022-01-20,1249233.56,1043117.49,16831.0,12226.0,89260.0,0.0,0.0,0.0,43,0,0
2022-01-21,1580948.85,1245282.02,15120.0,11837.0,54701.0,0.0,0.0,0.0,48,0,0
2022-01-22,1758593.8,1468639.94,18072.0,12999.0,89823.0,0.0,0.0,0.0,40,0,0
2022-01-23,1785338.17,1512426.38,14482.0,10941.0,54012.0,0.0,0.0,0.0,43,0,0
2022-01-24,1915906.28,1601822.71,16327.0,12551.0,58647.0,0.0,0.0,0.0,55,0,0
2022-01-25,2471179.3,1957064.07,14769.0,11760.0,79210.0,0.0,0.0,0.0,65,0,0
2022-01-26,2278973.82,1903209.07,16497.0,12386.0,87194.0,0.0,0.0,0.0,69,0,0
2022-01-27,1604489.99,1290075.13,20276.0,14709.0,110718.0,0.0,0.0,0.0,41,0,0
2022-01-28,2792317.48,2306948.5,16752.0,13732.0,80272.0,0.0,0.0,0.0,78,0,0
2022-01-29,3897632.5,3247780.03,14842.0,11909.0,69729.0,0.0,0.0,0.0,116,0,0
2022-01-30,3903300.55,3262713.48,14890.0,11490.0,58640.0,0.0,0.0,0.0,103,0,0
2022-01-31,3159829.55,2627738.4,14632.0,10842.0,65353.0,258.58762886597935,2305.0,226.0,87,0,0
2022-02-01,3672475.88,3092119.13,21868.0,17710.0,117258.0,0.0,0.0,0.0,102,0,0
2022-02-02,3072419.17,2457270.01,27306.0,21266.0,126792.0,0.0,0.0,0.0,78,0,0
2022-02-03,1056919.3,915391.24,26597.0,21388.0,107155.0,0.0,0.0,0.0,29,0,0
2022-02-04,1135262.35,959597.02,23796.0,18040.0,83295.0,0.0,0.0,0.0,30,0,0
2022-02-05,1325806.77,1094262.79,23738.0,17660.0,98963.0,0.0,0.0,0.0,49,0,0
2022-02-06,1360544.32,1086414.25,23675.0,18804.0,80717.0,0.0,0.0,0.0,39,0,0
2022-02-07,1777072.87,1505671.69,21436.0,16245.0,79683.0,0.0,0.0,0.0,51,0,0
2022-02-08,2324022.32,1858719.97,26112.0,20992.0,122104.0,0.0,0.0,0.0,74,0,0
2022-02-09,2087968.13,1716217.3,26252.0,21176.0,93470.0,0.0,0.0,0.0,66,0,0
2022-02-10,1681958.09,1377183.24,23043.0,16686.0,100004.0,0.0,0.0,0.0,49,0,0
2022-02-11,1868277.55,1450465.3,20118.0,16255.0,87360.0,0.0,0.0,0.0,53,0,0
2022-02-12,2483675.48,2002526.57,24012.0,19085.0,104955.0,0.0,0.0,0.0,67,0,0
2022-02-13,2471088.82,2037847.39,23278.0,16982.0,88382.0,0.0,0.0,0.0,69,0,0
2022-02-14,2477651.08,2066561.36,23850.0,17502.0,94646.0,0.0,0.0,0.0,66,0,0
2022-02-15,2911470.49,2304155.38,25068.0,19127.0,136790.0,0.0,0.0,0.0,84,0,0
2022-02-16,3189077.73,2624063.44,21370.0,15872.0,88752.0,0.0,0.0,0.0,78,0,0
2022-02-17,2365001.98,1930644.21,25737.0,20825.0,136570.0,0.0,0.0,0.0,68,0,0
2022-02-18,2218074.92,1902787.38,21990.0,15713.0,88203.0,0.0,0.0,0.0,64,0,0
2022-02-19,2497284.24,2073056.25,21404.0,15530.0,87024.0,0.0,0.0,0.0,66,0,0
2022-02-20,3274514.0,2808978.4,21183.0,16425.0,109932.0,0.0,0.0,0.0,80,0,0
2022-02-21,3231879.49,2662096.96,23903.0,19258.0,77844.0,0.0,0.0,0.0,93,0,0
2022-02-22,3646117.64,3080342.28,21137.0,16301.0,109650.0,0.0,0.0,0.0,106,0,0
2022-02-23,3297595.34,2768284.27,23622.0,18720.0,116720.0,0.0,0.0,0.0,95,0,0
2022-02-24,2768850.97,2337359.85,27069.0,19148.0,131958.0,0.0,0.0,0.0,79,0,0
2022-02-25,2943786.98,2445090.2,22660.0,18520.0,110666.0,0.0,0.0,0.0,78,0,0
2022-02-26,6304749.98,4896174.07,25347.0,17823.0,84668.0,0.0,0.0,0.0,166,0,0
2022-02-27,5652340.75,4889448.26,24281.0,18217.0,108870.0,0.0,0.0,0.0,141,0,0
2022-02-28,6007208.86,4942844.92,23768.0,17903.0,101385.0,249.77699530516432,3270.0,290.0,162,0,0
2022-03-01,4532724.33,3774772.1,35076.0,24922.0,188403.0,0.0,0.0,0.0,134,0,0
2022-03-02,5221766.09,4446394.75,32797.0,24764.0,106597.0,0.0,0.0,0.0,139,0,0
2022-03-03,1113577.08,936517.95,33496.0,24968.0,128870.0,0.0,0.0,0.0,37,0,0
2022-03-04,1265611.41,1001621.35,29143.0,20720.0,149452.0,0.0,0.0,0.0,38,0,0
2022-03-05,1917604.21,1671253.56,33090.0,26348.0,124117.0,0.0,0.0,0.0,47,0,0
2022-03-06,2406752.08,1881208.83,28131.0,21694.0,91898.0,0.0,0.0,0.0,74,0,0
2022-03-07,3077438.94,2603663.56,36095.0,27441.0,191016.0,0.0,0.0,0.0,79,0,0
2022-03-08,3777839.97,3199498.52,29608.0,21244.0,113879.0,0.0,0.0,0.0,101,0,0
2022-03-09,4138590.91,3354044.48,33132.0,25858.0,168575.0,0.0,0.0,0.0,115,0,0
2022-03-10,3544992.79,2897669.69,36196.0,25978.0,157016.0,0.0,0.0,0.0,114,0,0
2022-03-11,3499825.21,2868355.02,37101.0,26313.0,171691.0,0.0,0.0,0.0,98,0,0
2022-03-12,3731020.06,3230097.43,30790.0,23651.0,115648.0,0.0,0.0,0.0,101,0,0
2022-03-13,4026635.22,3346220.86,33105.0,26902.0,113884.0,0.0,0.0,0.0,112,0,0
2022-03-14,4709281.9,3928279.43,31168.0,23392.0,118855.0,0.0,0.0,0.0,121,0,0
2022-03-15,4619237.89,3907599.13,36158.0,26392.0,167365.0,0.0,0.0,0.0,130,0,0
2022-03-16,4519934.96,3787149.37,32576.0,26436.0,158677.0,0.0,0.0,0.0,145,0,0
2022-03-17,5222281.22,4421275.88,31161.0,23115.0,118865.0,0.0,0.0,0.0,136,0,0
2022-03-18,4426435.98,3648313.01,35552.0,28747.0,144713.0,0.0,0.0,0.0,126,1,1
2022-03-19,4313906.61,3587200.12,35007.0,25996.0,181623.0,0.0,0.0,0.0,116,1,1
2022-03-20,4198964.15,3744253.09,32404.0,24992.0,122416.0,0.0,0.0,0.0,130,1,1
2022-03-21,4036051.82,3737447.21,30451.0,22765.0,130518.0,0.0,0.0,0.0,127,1,1
2022-03-22,4626820.15,4342565.79,31664.0,25114.0,105997.0,0.0,0.0,0.0,154,1,1
2022-03-23,5301842.45,4915987.31,35235.0,27474.0,187204.0,0.0,0.0,0.0,203,1,1
2022-03-24,5052034.89,4744310.26,31578.0,22825.0,157354.0,0.0,0.0,0.0,180,1,1
2022-03-25,4122489.22,4014534.97,35014.0,25672.0,113707.0,0.0,0.0,0.0,124,1,1
2022-03-26,4325007.4,4010228.32,33598.0,25782.0,156944.0,0.0,0.0,0.0,130,1,1
2022-03-27,5169170.11,4775502.11,38704.0,29449.0,130774.0,0.0,0.0,0.0,171,1,1
2022-03-28,4855258.01,4607293.73,31723.0,23937.0,133339.0,0.0,0.0,0.0,165,1,1
2022-03-29,4908504.49,4613958.54,36844.0,29563.0,162546.0,0.0,0.0,0.0,168,1,1
2022-03-30,11643208.73,10896036.48,32053.0,23649.0,163462.0,0.0,0.0,0.0,394,1,1
2022-03-31,9233141.0,8773718.15,39105.0,28896.0,147447.0,235.59915611814347,5096.0,323.0,322,1,1
2022-04-01,8299060.74,8041756.19,42144.0,30733.0,195904.0,0.0,0.0,0.0,312,1,1
2022-04-02,8289456.22,7808017.19,40564.0,31682.0,137174.0,0.0,0.0,0.0,272,1,1
2022-04-03,6547965.12,6148445.74,47464.0,37125.0,212580.0,0.0,0.0,0.0,238,1,1
2022-04-04,1974536.55,1802524.97,50915.0,38038.0,215316.0,0.0,0.0,0.0,61,1,1
2022-04-05,3017582.3,2782222.29,40856.0,32721.0,183495.0,0.0,0.0,0.0,90,1,1
2022-04-06,2934004.6,2645021.55,47925.0,38848.0,189601.0,0.0,0.0,0.0,93,1,1
2022-04-07,1947894.58,1833343.52,43669.0,32002.0,212764.0,0.0,0.0,0.0,65,1,1
2022-04-08,2516364.3,2311523.71,46962.0,33939.0,177371.0,0.0,0.0,0.0,89,1,1
2022-04-09,3523261.24,3380510.41,42440.0,33001.0,200920.0,0.0,0.0,0.0,110,1,1
2022-04-10,3747690.93,3511278.1,49768.0,36522.0,216764.0,0.0,0.0,0.0,123,1,1
2022-04-11,4187283.4,3982564.11,45070.0,32885.0,144701.0,0.0,0.0,0.0,139,1,1
2022-04-12,4300020.35,4061975.74,43246.0,31856.0,165710.0,0.0,0.0,0.0,161,1,1
2022-04-13,4888627.31,4546028.85,43972.0,31916.0,224660.0,0.0,0.0,0.0,168,1,1
2022-04-14,4670014.27,4407778.78,46250.0,32446.0,165332.0,0.0,0.0,0.0,156,1,1
2022-04-15,4908291.49,4288050.23,44514.0,34678.0,218562.0,0.0,0.0,0.0,146,1,1
2022-04-16,5147946.06,4540748.11,39654.0,29009.0,205953.0,0.0,0.0,0.0,158,1,1
2022-04-17,4470361.38,3877207.22,43425.0,33955.0,164100.0,0.0,0.0,0.0,130,1,1
2022-04-18,3680888.01,2995894.73,44198.0,31257.0,158705.0,0.0,0.0,0.0,114,0,0
2022-04-19,4426735.65,3630694.51,46622.0,34253.0,244067.0,0.0,0.0,0.0,153,0,0
2022-04-20,4874458.71,4017615.85,46525.0,34875.0,177949.0,0.0,0.0,0.0,151,0,0
2022-04-21,2926459.0,2418771.53,48204.0,38947.0,176259.0,0.0,0.0,0.0,103,0,0
2022-04-22,4609506.19,3890393.56,39015.0,28877.0,210946.0,0.0,0.0,0.0,129,0,0
2022-04-23,4709847.04,3925675.06,47534.0,35380.0,251668.0,0.0,0.0,0.0,133,0,0
2022-04-24,5020542.99,4173556.86,50247.0,38699.0,164392.0,0.0,0.0,0.0,129,0,0
2022-04-25,4873788.42,3954819.04,45074.0,36767.0,194189.0,0.0,0.0,0.0,153,0,0
2022-04-26,5688161.6,4770812.83,42549.0,33144.0,160644.0,0.0,0.0,0.0,182,0,0
2022-04-27,5361513.76,4376745.35,43119.0,33031.0,167038.0,0.0,0.0,0.0,174,0,0
2022-04-28,5590934.3,4645081.23,46696.0,37526.0,164806.0,0.0,0.0,0.0,166,0,0
2022-04-29,7579535.07,6187238.79,38774.0,30376.0,149304.0,0.0,0.0,0.0,208,0,0
2022-04-30,6592777.23,5405333.92,48271.0,34401.0,205748.0,235.84072580645162,6360.0,348.0,183,0,0
2022-05-01,5680859.44,4706859.17,46440.0,35572.0,150451.0,0.0,0.0,0.0,145,0,0
2022-05-02,4291036.44,3434252.59,43201.0,31271.0,152718.0,0.0,0.0,0.0,137,0,0
2022-05-03,5504853.65,4531490.74,43413.0,33025.0,178141.0,0.0,0.0,0.0,150,0,0
2022-05-04,1792730.62,1492900.17,45850.0,37014.0,214094.0,0.0,0.0,0.0,54,0,0
2022-05-05,3556300.98,2916616.09,47226.0,34964.0,191784.0,0.0,0.0,0.0,93,0,0
2022-05-06,2532060.94,2027456.78,37977.0,30976.0,136672.0,0.0,0.0,0.0,90,0,0
2022-05-07,3620303.23,3000039.1,42010.0,29449.0,180265.0,0.0,0.0,0.0,110,0,0
2022-05-08,2468343.71,1923320.47,38928.0,30245.0,193556.0,0.0,0.0,0.0,90,0,0
2022-05-09,2985986.67,2430054.67,42454.0,31780.0,213593.0,0.0,0.0,0.0,86,0,0
2022-05-10,3668495.19,2955983.75,39754.0,28238.0,178091.0,0.0,0.0,0.0,108,0,0
2022-05-11,4347378.73,3521156.43,38601.0,27372.0,150402.0,0.0,0.0,0.0,126,0,0
2022-05-12,4753134.02,3878195.49,39174.0,29779.0,127140.0,0.0,0.0,0.0,142,0,0
2022-05-13,3479131.38,2953956.65,42638.0,34379.0,150563.0,0.0,0.0,0.0,106,0,0
2022-05-14,4406804.98,3730445.32,45546.0,36408.0,241402.0,0.0,0.0,0.0,123,0,0
2022-05-15,4455089.7,3604418.84,48367.0,38529.0,169548.0,0.0,0.0,0.0,127,0,0
2022-05-16,4323621.35,3469983.75,37310.0,29184.0,119833.0,0.0,0.0,0.0,133,0,0
2022-05-17,4158982.96,3363524.3,39183.0,30677.0,141878.0,0.0,0.0,0.0,136,0,0
2022-05-18,6094171.87,4997123.61,39338.0,28360.0,188861.0,0.0,0.0,0.0,182,0,0
2022-05-19,5824908.18,4737898.72,50386.0,38175.0,275560.0,0.0,0.0,0.0,158,0,0
2022-05-20,2226534.2,1797128.71,36419.0,28338.0,146098.0,0.0,0.0,0.0,81,0,0
2022-05-21,4033154.28,3341369.82,49387.0,40268.0,207689.0,0.0,0.0,0.0,126,0,0
2022-05-22,5000275.74,4124194.76,42073.0,31253.0,199334.0,0.0,0.0,0.0,140,0,0
2022-05-23,3647180.26,3055864.88,36172.0,29099.0,175445.0,0.0,0.0,0.0,112,0,0
2022-05-24,4442598.36,3584450.45,41157.0,31416.0,155103.0,0.0,0.0,0.0,135,0,0
2022-05-25,6573956.43,5501922.55,45321.0,35057.0,214638.0,0.0,0.0,0.0,178,0,0
2022-05-26,6284218.49,5141408.99,44370.0,32896.0,225409.0,0.0,0.0,0.0,177,0,0
2022-05-27,3652675.9,2933129.2,37986.0,27205.0,169620.0,0.0,0.0,0.0,110,0,0
2022-05-28,3223975.84,2664148.14,41345.0,30685.0,214142.0,0.0,0.0,0.0,103,0,0
2022-05-29,5327455.25,4413502.81,42319.0,33504.0,190894.0,0.0,0.0,0.0,133,0,0
2022-05-30,8158502.0,6931185.72,43665.0,35277.0,164071.0,0.0,0.0,0.0,252,0,0
2022-05-31,8513166.37,6787523.6,32603.0,24732.0,116825.0,241.11134020618556,5509.0,321.0,233,0,0
2022-06-01,8373363.4,7038218.52,38689.0,28947.0,191690.0,0.0,0.0,0.0,250,0,0
2022-06-02,8325437.52,6796380.79,38883.0,28520.0,165887.0,0.0,0.0,0.0,242,0,0
2022-06-03,6585522.44,5345747.87,47464.0,35006.0,215933.0,0.0,0.0,0.0,190,0,0
2022-06-04,2998952.42,2492875.15,42514.0,30168.0,160294.0,0.0,0.0,0.0,73,0,0
2022-06-05,2945501.79,2481566.23,47723.0,37307.0,253750.0,0.0,0.0,0.0,70,0,0
2022-06-06,3100859.0,2519872.17,41983.0,34144.0,147719.0,0.0,0.0,0.0,83,0,0
2022-06-07,3673238.8,3096187.02,49231.0,39865.0,223238.0,0.0,0.0,0.0,109,0,0
2022-06-08,3686799.9,3086016.13,41338.0,31512.0,143167.0,0.0,0.0,0.0,103,0,0
2022-06-09,2619038.14,2169844.13,44804.0,32533.0,172103.0,0.0,0.0,0.0,84,0,0
2022-06-10,3369544.01,2830537.04,40361.0,29408.0,139315.0,0.0,0.0,0.0,103,0,0
2022-06-11,4463584.56,3478666.52,44509.0,36216.0,151598.0,0.0,0.0,0.0,111,0,0
2022-06-12,4561669.81,3820200.11,44254.0,35441.0,227739.0,0.0,0.0,0.0,117,0,0
2022-06-13,4221162.05,3579316.15,47786.0,37951.0,241917.0,0.0,0.0,0.0,128,0,0
2022-06-14,4843640.76,3943051.0,40529.0,32509.0,170075.0,0.0,0.0,0.0,143,0,0
2022-06-15,4969823.53,4197066.37,43670.0,35143.0,238821.0,0.0,0.0,0.0,141,0,0
2022-06-16,4143877.35,3546880.86,35734.0,26473.0,188402.0,0.0,0.0,0.0,123,0,0
2022-06-17,4914374.7,4127718.74,40803.0,32200.0,144108.0,0.0,0.0,0.0,125,0,0
2022-06-18,4817780.87,3824360.06,41578.0,30956.0,209905.0,0.0,0.0,0.0,134,0,0
2022-06-19,3795086.21,3161112.99,40028.0,30573.0,130817.0,0.0,0.0,0.0,113,0,0
2022-06-20,3323030.57,2753309.16,44660.0,35988.0,182087.0,0.0,0.0,0.0,115,0,0
2022-06-21,4271838.09,3517936.59,42645.0,33601.0,224443.0,0.0,0.0,0.0,130,0,0
2022-06-22,5182306.11,4283552.22,45359.0,34260.0,230261.0,0.0,0.0,0.0,141,0,0
2022-06-23,3276933.23,2698817.37,44936.0,31522.0,203312.0,0.0,0.0,0.0,100,1,1
2022-06-24,4334289.08,3840132.24,45490.0,33696.0,214448.0,0.0,0.0,0.0,120,1,1
2022-06-25,3650772.37,3465656.03,47230.0,37140.0,153361.0,0.0,0.0,0.0,104,1,1
2022-06-26,3313898.55,3251613.07,50947.0,37063.0,203644.0,0.0,0.0,0.0,115,1,1
2022-06-27,3481464.68,3545701.77,44325.0,33965.0,198590.0,0.0,0.0,0.0,143,1,1
2022-06-28,5799352.35,5797836.84,48458.0,35647.0,176247.0,0.0,0.0,0.0,201,1,1
2022-06-29,7265484.49,7471904.08,44124.0,31005.0,144998.0,0.0,0.0,0.0,251,1,1
2022-06-30,5503799.91,5548808.71,43026.0,32328.0,194772.0,236.42241379310346,5759.0,313.0,206,1,1
2022-07-01,5150082.22,5158929.6,32388.0,25146.0,126327.0,0.0,0.0,0.0,185,1,1
2022-07-02,4591824.74,4681370.69,35455.0,25208.0,152256.0,0.0,0.0,0.0,158,1,1
2022-07-03,3487232.0,3467227.39,32450.0,24137.0,143250.0,0.0,0.0,0.0,126,1,1
2022-07-04,1208545.64,1210803.29,31174.0,24165.0,110469.0,0.0,0.0,0.0,37,1,1
2022-07-05,1079245.09,1067117.75,32386.0,26366.0,104994.0,0.0,0.0,0.0,33,1,1
2022-07-06,2003115.26,1958001.67,35979.0,25482.0,194096.0,0.0,0.0,0.0,72,1,1
2022-07-07,2178171.4,2191625.58,35410.0,25983.0,147788.0,0.0,0.0,0.0,68,1,1
2022-07-08,1881078.1,1982500.01,33780.0,24238.0,125119.0,0.0,0.0,0.0,58,1,1
2022-07-09,1988747.3,2091746.39,32667.0,26631.0,169226.0,0.0,0.0,0.0,73,1,1
2022-07-10,2250020.87,2249417.16,38687.0,30792.0,126697.0,0.0,0.0,0.0,91,1,1
2022-07-11,3085208.06,3120714.69,34744.0,26462.0,188041.0,0.0,0.0,0.0,93,1,1
2022-07-12,3275001.85,3465716.5,34500.0,26472.0,173654.0,0.0,0.0,0.0,99,1,1
2022-07-13,3331997.68,3265956.0,40352.0,30225.0,200261.0,0.0,0.0,0.0,128,1,1
2022-07-14,3428606.64,3482102.84,33730.0,26590.0,136867.0,0.0,0.0,0.0,122,1,1
2022-07-15,3272104.3,3382105.17,31770.0,23096.0,154529.0,0.0,0.0,0.0,117,1,1
2022-07-16,3060600.17,3054594.29,36700.0,29083.0,182157.0,0.0,0.0,0.0,103,1,1
2022-07-17,3238870.01,3239433.47,31361.0,23759.0,152630.0,0.0,0.0,0.0,107,1,1
2022-07-18,3305333.1,3363292.96,34657.0,26158.0,165506.0,0.0,0.0,0.0,97,1,1
2022-07-19,3101945.44,3019090.18,31117.0,22846.0,151522.0,0.0,0.0,0.0,103,1,1
2022-07-20,3436240.82,3222539.9,35172.0,27662.0,169318.0,0.0,0.0,0.0,112,1,1
2022-07-21,3596036.01,3119249.05,35179.0,27431.0,163459.0,0.0,0.0,0.0,110,1,1
2022-07-22,2771453.13,2364982.84,34709.0,28244.0,129053.0,0.0,0.0,0.0,80,1,1
2022-07-23,4190232.53,3612754.83,37128.0,28407.0,172419.0,0.0,0.0,0.0,101,0,0
2022-07-24,3833852.9,3118207.38,32101.0,24091.0,144729.0,0.0,0.0,0.0,99,0,0
2022-07-25,2614143.21,2099890.98,32502.0,23998.0,126179.0,0.0,0.0,0.0,89,0,0
2022-07-26,3176075.37,2651641.17,37013.0,29716.0,176364.0,0.0,0.0,0.0,85,0,0
2022-07-27,4214912.76,3467925.47,39359.0,29484.0,178642.0,0.0,0.0,0.0,109,0,0
2022-07-28,4859620.98,3942867.94,35826.0,26977.0,136531.0,0.0,0.0,0.0,142,0,0
2022-07-29,3226100.81,2681143.22,29929.0,22065.0,126776.0,0.0,0.0,0.0,106,0,0
2022-07-30,2682461.47,2137462.32,35132.0,25037.0,161051.0,0.0,0.0,0.0,76,0,0
2022-07-31,4622917.86,3735517.99,34314.0,24482.0,147350.0,248.98292682926828,4123.0,284.0,143,0,0
2022-08-01,4081818.17,3201046.8,39152.0,28060.0,179948.0,0.0,0.0,0.0,112,0,0
2022-08-02,4490226.96,3711709.11,37188.0,27221.0,188219.0,0.0,0.0,0.0,141,0,0
2022-08-03,5085558.26,4209543.55,40097.0,32382.0,207500.0,0.0,0.0,0.0,145,0,0
2022-08-04,4345026.44,3614349.89,39154.0,30610.0,170894.0,0.0,0.0,0.0,137,0,0
2022-08-05,2114789.45,1780212.48,39534.0,30810.0,190411.0,0.0,0.0,0.0,53,0,0
2022-08-06,2325289.52,2017328.21,39578.0,31017.0,160610.0,0.0,0.0,0.0,61,0,0
2022-08-07,2331541.43,1882527.46,41050.0,31032.0,160670.0,0.0,0.0,0.0,71,0,0
2022-08-08,3054473.91,2576748.48,37273.0,30036.0,179334.0,0.0,0.0,0.0,76,0,0
2022-08-09,2488386.71,1932711.49,35567.0,27505.0,130126.0,0.0,0.0,0.0,77,0,0
2022-08-10,2963483.62,2399743.47,39163.0,30794.0,189381.0,0.0,0.0,0.0,90,0,0
2022-08-11,3674343.1,3109434.98,39582.0,27936.0,160850.0,0.0,0.0,0.0,95,0,0
2022-08-12,2787707.25,2241846.4,41209.0,31467.0,172618.0,0.0,0.0,0.0,79,0,0
2022-08-13,1789226.45,1446390.99,40912.0,33168.0,183089.0,0.0,0.0,0.0,57,0,0
2022-08-14,2557373.24,2109123.95,37511.0,28726.0,173595.0,0.0,0.0,0.0,78,0,0
2022-08-15,3869248.63,3309171.5,36588.0,26589.0,132120.0,0.0,0.0,0.0,111,0,0
2022-08-16,3139997.28,2622848.5,34912.0,26494.0,184855.0,0.0,0.0,0.0,90,0,0
2022-08-17,3480892.06,2948849.64,33645.0,24397.0,180016.0,0.0,0.0,0.0,111,0,0
2022-08-18,4171974.77,3471070.42,36212.0,27205.0,141806.0,0.0,0.0,0.0,118,0,0
2022-08-19,2011108.63,1643391.76,41063.0,31131.0,138743.0,0.0,0.0,0.0,67,0,0
2022-08-20,2479005.37,2092133.98,42765.0,30300.0,168327.0,0.0,0.0,0.0,77,0,0
2022-08-21,2235990.02,1905397.24,39407.0,31207.0,144120.0,0.0,0.0,0.0,67,0,0
2022-08-22,3743695.22,3095599.8,34255.0,27894.0,122349.0,0.0,0.0,0.0,95,0,0
2022-08-23,2422220.1,1951701.71,38088.0,28982.0,128979.0,0.0,0.0,0.0,85,0,0
2022-08-24,3292983.26,2679505.93,40479.0,30418.0,146980.0,0.0,0.0,0.0,119,0,0
2022-08-25,3512475.16,2996327.54,41058.0,30306.0,219198.0,0.0,0.0,0.0,93,0,0
2022-08-26,3544046.7,2980867.4,38935.0,29454.0,168649.0,0.0,0.0,0.0,97,0,0
2022-08-27,2367664.33,1897436.06,36063.0,25453.0,181340.0,0.0,0.0,0.0,76,0,0
2022-08-28,7051722.27,5879145.36,37831.0,28968.0,138534.0,0.0,0.0,0.0,203,0,0
2022-08-29,7928796.83,6503005.43,34115.0,27071.0,132208.0,0.0,0.0,0.0,213,0,0
2022-08-30,6574345.89,5482415.72,31044.0,22542.0,128484.0,0.0,0.0,0.0,176,0,0
2022-08-31,7627532.44,6341793.09,36776.0,27593.0,183314.0,227.51409978308027,4772.0,301.0,204,1,1
2022-09-01,6284732.49,5155753.38,27076.0,19788.0,132027.0,0.0,0.0,0.0,191,1,1
2022-09-02,1902817.9,1746845.19,26168.0,21157.0,89557.0,0.0,0.0,0.0,46,1,1
2022-09-03,1443083.36,1319555.66,26717.0,19490.0,89893.0,0.0,0.0,0.0,52,1,1
2022-09-04,1814811.35,1668265.18,26986.0,20282.0,142233.0,0.0,0.0,0.0,52,1,1
2022-09-05,2214621.47,2091481.45,29790.0,21719.0,129819.0,0.0,0.0,0.0,69,1,1
2022-09-06,1440405.44,1324005.11,25213.0,18681.0,129916.0,0.0,0.0,0.0,50,1,1
2022-09-07,1890879.55,1717460.94,27316.0,19634.0,94008.0,0.0,0.0,0.0,62,1,1
2022-09-08,3137260.99,2854328.48,25002.0,18438.0,137423.0,0.0,0.0,0.0,95,1,1
2022-09-09,1905843.43,1773901.8,26537.0,21323.0,122541.0,0.0,0.0,0.0,69,1,1
2022-09-10,3003150.84,2629180.97,28133.0,22594.0,127438.0,0.0,0.0,0.0,88,1,1
2022-09-11,3574194.77,3355823.68,29604.0,23624.0,126975.0,0.0,0.0,0.0,103,1,1
2022-09-12,3415849.51,3102681.39,27314.0,21746.0,108646.0,0.0,0.0,0.0,110,1,1
2022-09-13,2521208.91,2449598.89,27859.0,20442.0,118748.0,0.0,0.0,0.0,71,1,1
2022-09-14,2125189.04,1992207.12,29359.0,22541.0,145598.0,0.0,0.0,0.0,65,1,1
2022-09-15,3154006.65,2833555.37,25643.0,19214.0,90014.0,0.0,0.0,0.0,96,1,1
2022-09-16,2557894.76,2402816.85,25367.0,19808.0,117896.0,0.0,0.0,0.0,80,1,1
2022-09-17,1810510.0,1735920.18,26163.0,20085.0,88784.0,0.0,0.0,0.0,65,1,1
2022-09-18,2355578.71,2098692.33,24338.0,17411.0,108739.0,0.0,0.0,0.0,80,1,1
2022-09-19,2832515.44,2618684.64,27785.0,21122.0,124074.0,0.0,0.0,0.0,92,1,1
2022-09-20,1813002.77,1685796.46,28085.0,20197.0,102914.0,0.0,0.0,0.0,63,1,1
2022-09-21,2262085.02,2156585.58,27876.0,21987.0,136252.0,0.0,0.0,0.0,67,1,1
2022-09-22,3106149.95,2910964.29,28453.0,22978.0,94157.0,0.0,0.0,0.0,85,1,1
2022-09-23,2634119.24,2453809.45,28503.0,23121.0,91219.0,0.0,0.0,0.0,90,1,1
2022-09-24,2896411.14,2694695.72,25583.0,19006.0,86745.0,0.0,0.0,0.0,82,1,1
2022-09-25,3041369.47,2753150.12,26953.0,19520.0,113157.0,0.0,0.0,0.0,97,1,1
2022-09-26,5205389.57,4849044.63,29151.0,21331.0,106783.0,0.0,0.0,0.0,158,1,1
2022-09-27,4259834.95,3803492.23,30503.0,21593.0,118000.0,0.0,0.0,0.0,130,1,1
2022-09-28,4257301.76,3860995.61,26172.0,18792.0,128060.0,0.0,0.0,0.0,137,1,1
2022-09-29,4352754.23,4023586.93,26129.0,20686.0,125303.0,0.0,0.0,0.0,121,1,1
2022-09-30,2551313.88,2332362.64,26964.0,19431.0,145584.0,256.1073985680191,3360.0,269.0,77,1,1
2022-10-01,1469771.93,1293984.1,21915.0,16618.0,104680.0,0.0,0.0,0.0,42,1,1
2022-10-02,1289798.82,1015484.47,23650.0,19243.0,102949.0,0.0,0.0,0.0,41,0,0
2022-10-03,2179072.88,1799910.69,23086.0,16613.0,97440.0,0.0,0.0,0.0,58,0,0
2022-10-04,2751920.12,2302490.12,19419.0,13982.0,97948.0,0.0,0.0,0.0,65,0,0
2022-10-05,1527341.84,1209546.76,24340.0,19102.0,77914.0,0.0,0.0,0.0,43,0,0
2022-10-06,2026518.43,1678609.18,25978.0,20520.0,131568.0,0.0,0.0,0.0,55,0,0
2022-10-07,1406363.3,1112130.94,20341.0,15198.0,108359.0,0.0,0.0,0.0,39,0,0
2022-10-08,2137543.63,1805932.34,24311.0,19360.0,90149.0,0.0,0.0,0.0,62,0,0
2022-10-09,1805775.79,1488842.7,22950.0,16938.0,91335.0,0.0,0.0,0.0,56,0,0
2022-10-10,2356440.12,1975941.69,20656.0,16553.0,70928.0,0.0,0.0,0.0,75,0,0
2022-10-11,2270162.6,1955651.17,18965.0,15480.0,94939.0,0.0,0.0,0.0,67,0,0
2022-10-12,1976207.14,1617749.24,15278.0,12043.0,64352.0,0.0,0.0,0.0,52,0,0
2022-10-13,2430819.33,1940628.06,21504.0,15909.0,88710.0,0.0,0.0,0.0,67,0,0
2022-10-14,1927818.67,1586067.15,18534.0,14990.0,78741.0,0.0,0.0,0.0,51,0,0
2022-10-15,1986495.19,1576156.75,19596.0,14437.0,88641.0,0.0,0.0,0.0,63,0,0
2022-10-16,1897952.11,1655869.65,21272.0,15771.0,87737.0,0.0,0.0,0.0,65,0,0
2022-10-17,2507328.8,2119354.36,23281.0,18812.0,75013.0,0.0,0.0,0.0,72,0,0
2022-10-18,3170696.65,2645141.42,20030.0,14036.0,71188.0,0.0,0.0,0.0,79,0,0
2022-10-19,2324314.45,1931007.25,19931.0,14569.0,85875.0,0.0,0.0,0.0,52,0,0
2022-10-20,2591151.06,2095872.66,25130.0,18775.0,97221.0,0.0,0.0,0.0,61,0,0
2022-10-21,2662328.56,2201489.2,19560.0,14642.0,92451.0,0.0,0.0,0.0,69,0,0
2022-10-22,2407124.47,1949055.98,22443.0,16339.0,94221.0,0.0,0.0,0.0,60,0,0
2022-10-23,1971627.46,1628494.03,19004.0,15022.0,85593.0,0.0,0.0,0.0,67,0,0
2022-10-24,2678456.17,2245907.36,19897.0,14648.0,98981.0,0.0,0.0,0.0,82,0,0
2022-10-25,3003375.87,2373976.27,18586.0,13399.0,94207.0,0.0,0.0,0.0,84,0,0
2022-10-26,2345490.55,1902512.75,20955.0,16059.0,84932.0,0.0,0.0,0.0,66,0,0
2022-10-27,2493935.72,2087492.57,21533.0,16570.0,81302.0,0.0,0.0,0.0,69,0,0
2022-10-28,4210212.53,3513694.7,21235.0,16676.0,80918.0,0.0,0.0,0.0,106,0,0
2022-10-29,3626939.26,2918150.87,20080.0,14795.0,89735.0,0.0,0.0,0.0,107,0,0
2022-10-30,3130677.4,2518990.77,22842.0,16570.0,93151.0,0.0,0.0,0.0,107,0,0
2022-10-31,4630791.46,3823758.6,21079.0,14809.0,78371.0,254.90220048899755,2908.0,268.0,115,0,0
2022-11-01,3025164.28,2504688.31,18752.0,13778.0,88117.0,0.0,0.0,0.0,92,0,0
2022-11-02,1338326.56,1136192.76,19089.0,14911.0,81187.0,0.0,0.0,0.0,29,0,0
2022-11-03,1253721.23,994106.82,17164.0,13896.0,75376.0,0.0,0.0,0.0,35,0,0
2022-11-04,1065066.0,908402.36,16168.0,11784.0,54349.0,0.0,0.0,0.0,34,0,0
2022-11-05,1826120.07,1592683.79,18481.0,13228.0,68053.0,0.0,0.0,0.0,48,0,0
2022-11-06,2207719.98,1750011.7,19560.0,15002.0,65417.0,0.0,0.0,0.0,57,0,0
2022-11-07,1655852.99,1340974.43,17218.0,12471.0,68229.0,0.0,0.0,0.0,51,0,0
2022-11-08,1781413.12,1480654.53,17282.0,12705.0,94751.0,0.0,0.0,0.0,47,0,0
2022-11-09,845358.47,699535.31,14299.0,11080.0,78119.0,0.0,0.0,0.0,29,0,0
2022-11-10,2079598.87,1694276.76,17937.0,13772.0,92814.0,0.0,0.0,0.0,47,0,0
2022-11-11,1581745.15,1307363.48,18150.0,12791.0,78320.0,0.0,0.0,0.0,44,0,0
2022-11-12,1354235.95,1091940.76,19558.0,13749.0,79761.0,0.0,0.0,0.0,49,0,0
2022-11-13,2903552.41,2399414.44,15839.0,12192.0,63694.0,0.0,0.0,0.0,75,0,0
2022-11-14,1656739.7,1428653.75,16503.0,12338.0,77142.0,0.0,0.0,0.0,50,0,0
2022-11-15,1547150.37,1239694.48,15437.0,11589.0,71074.0,0.0,0.0,0.0,37,0,0
2022-11-16,1436853.58,1152791.3,18093.0,13188.0,73967.0,0.0,0.0,0.0,37,0,0
2022-11-17,1542318.91,1326508.48,17628.0,12749.0,72696.0,0.0,0.0,0.0,50,0,0
2022-11-18,2067584.69,1767319.2,17800.0,12834.0,85184.0,0.0,0.0,0.0,66,1,1
2022-11-19,1496563.56,1377725.1,16660.0,12315.0,74131.0,0.0,0.0,0.0,51,1,1
2022-11-20,1857748.24,1631718.89,17503.0,13242.0,91960.0,0.0,0.0,0.0,63,1,1
2022-11-21,1349907.06,1276634.29,16579.0,13584.0,84017.0,0.0,0.0,0.0,47,1,1
2022-11-22,853188.02,904694.78,19652.0,15391.0,73281.0,0.0,0.0,0.0,31,1,1
2022-11-23,1060969.69,1157743.64,20790.0,14720.0,108751.0,0.0,0.0,0.0,34,1,1
2022-11-24,1729664.2,1775190.25,22800.0,17553.0,111590.0,0.0,0.0,0.0,61,1,1
2022-11-25,1527923.9,1576795.62,16538.0,11598.0,86095.0,0.0,0.0,0.0,69,1,1
2022-11-26,2035639.78,2105948.81,17711.0,13728.0,57061.0,0.0,0.0,0.0,92,1,1
2022-11-27,3138619.13,3283279.48,17259.0,13973.0,64284.0,0.0,0.0,0.0,131,1,1
2022-11-28,2104917.42,2152332.4,17198.0,12171.0,84397.0,0.0,0.0,0.0,90,1,1
2022-11-29,2558728.79,2694391.19,18099.0,12899.0,87262.0,0.0,0.0,0.0,96,1,1
2022-11-30,1317689.52,1346354.39,20889.0,16323.0,107604.0,252.66755319148936,2332.0,262.0,61,1,1
2022-12-01,1668445.9,1683082.9,18489.0,14922.0,94041.0,0.0,0.0,0.0,57,1,1
2022-12-02,720381.04,726739.78,22309.0,18062.0,85041.0,0.0,0.0,0.0,27,1,1
2022-12-03,753704.17,751384.0,21813.0,17728.0,70937.0,0.0,0.0,0.0,38,1,1
2022-12-04,664409.51,678890.04,19992.0,14714.0,100587.0,0.0,0.0,0.0,34,1,1
2022-12-05,1607335.1,1688255.85,24621.0,19070.0,91083.0,0.0,0.0,0.0,47,1,1
2022-12-06,1436188.44,1460346.38,21837.0,16466.0,92381.0,0.0,0.0,0.0,61,1,1
2022-12-07,760218.13,731672.82,21436.0,17340.0,76687.0,0.0,0.0,0.0,37,1,1
2022-12-08,818209.67,832757.07,22392.0,16875.0,111333.0,0.0,0.0,0.0,39,1,1
2022-12-09,1323267.85,1366777.35,18315.0,14698.0,88470.0,0.0,0.0,0.0,57,1,1
2022-12-10,1598936.84,1616981.65,21589.0,15750.0,85171.0,0.0,0.0,0.0,61,1,1
2022-12-11,1420910.74,1526398.5,20104.0,15975.0,89226.0,0.0,0.0,0.0,69,1,1
2022-12-12,1983085.06,2071778.79,20895.0,17111.0,98147.0,0.0,0.0,0.0,99,1,1
2022-12-13,1652309.19,1687562.98,18678.0,14451.0,81348.0,0.0,0.0,0.0,94,1,1
2022-12-14,1662243.59,1688191.22,19332.0,13535.0,89346.0,0.0,0.0,0.0,69,1,1
2022-12-15,1494318.64,1554407.68,20742.0,14911.0,103929.0,0.0,0.0,0.0,68,1,1
2022-12-16,1482192.97,1521540.05,21729.0,17169.0,114060.0,0.0,0.0,0.0,71,1,1
2022-12-17,1302193.74,1321522.92,21209.0,17110.0,116457.0,0.0,0.0,0.0,68,1,1
2022-12-18,2201374.59,2308997.06,22512.0,17217.0,76624.0,0.0,0.0,0.0,99,1,1
2022-12-19,2250767.39,2245767.23,20265.0,14862.0,107960.0,0.0,0.0,0.0,125,1,1
2022-12-20,2026810.08,2053084.16,23389.0,18774.0,102140.0,0.0,0.0,0.0,100,1,1
2022-12-21,1795395.02,1806884.57,19702.0,15507.0,100991.0,0.0,0.0,0.0,80,1,1
2022-12-22,1791622.46,1773829.08,20194.0,16347.0,67520.0,0.0,0.0,0.0,82,1,1
2022-12-23,1501209.11,1499234.75,18193.0,12836.0,88669.0,0.0,0.0,0.0,76,1,1
2022-12-24,1390870.89,1401661.67,19257.0,14348.0,98123.0,0.0,0.0,0.0,77,1,1
2022-12-25,1136772.53,1160100.63,19815.0,14725.0,108175.0,0.0,0.0,0.0,69,1,1
2022-12-26,2110830.12,2160963.69,21676.0,17160.0,79557.0,0.0,0.0,0.0,101,1,1
2022-12-27,2100553.66,2184872.24,17416.0,13150.0,62527.0,0.0,0.0,0.0,108,1,1
2022-12-28,3448729.2,3513621.0,21071.0,15979.0,67456.0,0.0,0.0,0.0,164,1,1
2022-12-29,3083944.33,3170787.1,20884.0,14640.0,82155.0,0.0,0.0,0.0,143,1,1
2022-12-30,2884668.76,3022292.15,17679.0,13713.0,79308.0,0.0,0.0,0.0,106,1,1
2022-12-31,2383037.48,2279288.13,21743.0,15512.0,94844.0,245.83726415094338,3565.0,285.0,74,1,1
